Order_ID,Order_Date,Ship_Date,Customer_ID,Product_ID,Category,Sub_Category,Quantity,Sales,Discount,Profit,Return_Status
ORD-100001,2024-04-12,2024-04-13,CUST-1065,PROD-372,Beauty,Makeup,4,48722.97,0.15,3748.03,No
ORD-100002,2023-11-30,2023-12-01,CUST-1077,PROD-460,Books,Education,3,45804.79,0.13,-744.55,Yes
ORD-100003,2023-02-25,2023-03-02,CUST-1162,PROD-315,Books,Fiction,4,4462.84,0.26,574.03,Yes
ORD-100004,2024-03-25,2024-03-27,CUST-1173,PROD-330,Fashion,Footwear,2,44531.09,0.09,9932.66,No
ORD-100005,2023-07-05,2023-07-08,CUST-1284,PROD-437,Fashion,Men Clothing,4,12943.35,0.15,511.53,No
ORD-100006,2024-08-27,2024-08-30,CUST-1218,PROD-376,Beauty,Makeup,3,45949.16,0.12,10432.07,No
ORD-100007,2023-03-15,2023-03-19,CUST-1010,PROD-251,Books,Education,4,42761.48,0.17,-3510.44,No
ORD-100008,2024-06-14,2024-06-16,CUST-1031,PROD-370,Beauty,Makeup,4,7873.31,0.05,616.68,No
ORD-100009,2024-01-12,2024-01-17,CUST-1081,PROD-301,Fashion,Men Clothing,4,22433.08,0.13,-1531.63,No
ORD-100010,2023-06-05,2023-06-09,CUST-1051,PROD-291,Fashion,Footwear,3,36534.9,0.07,-1403.24,Yes
ORD-100011,2023-05-08,2023-05-11,CUST-1125,PROD-239,Electronics,Smartwatch,5,29121.35,0.21,-2146.74,No
ORD-100012,2024-04-09,2024-04-13,CUST-1007,PROD-478,Fashion,Women Clothing,3,452.0,0.25,-8.49,No
ORD-100013,2023-10-24,2023-10-29,CUST-1143,PROD-400,Home & Kitchen,Furniture,3,8304.41,0.25,1690.58,No
ORD-100014,2023-09-30,2023-10-04,CUST-1143,PROD-237,Electronics,Mobile,1,41208.6,0.16,837.51,Yes
ORD-100015,2024-01-06,2024-01-10,CUST-1232,PROD-383,Beauty,Makeup,2,25163.47,0.05,708.18,No
ORD-100016,2023-03-18,2023-03-23,CUST-1097,PROD-277,Beauty,Skincare,4,36873.38,0.03,-2862.93,No
ORD-100017,2023-12-15,2023-12-16,CUST-1078,PROD-325,Home & Kitchen,Cookware,4,14135.38,0.1,342.68,No
ORD-100018,2023-04-30,2023-05-02,CUST-1066,PROD-204,Electronics,Mobile,5,30724.92,0.2,-120.43,No
ORD-100019,2024-10-04,2024-10-08,CUST-1200,PROD-450,Beauty,Makeup,4,38571.53,0.24,6364.86,No
ORD-100020,2023-05-03,2023-05-06,CUST-1189,PROD-204,Beauty,Skincare,2,26288.94,0.0,-658.95,Yes
ORD-100021,2024-01-28,2024-01-31,CUST-1112,PROD-450,Beauty,Skincare,5,36613.84,0.13,7186.39,Yes
ORD-100022,2024-07-19,2024-07-21,CUST-1286,PROD-391,Fashion,Men Clothing,4,31539.97,0.21,2077.31,No
ORD-100023,2024-03-21,2024-03-25,CUST-1167,PROD-459,Home & Kitchen,Decor,2,17086.58,0.16,943.67,No
ORD-100024,2024-10-13,2024-10-16,CUST-1243,PROD-209,Books,Education,5,22983.97,0.05,-1166.74,No
ORD-100025,2023-07-23,2023-07-27,CUST-1085,PROD-378,Home & Kitchen,Decor,3,15407.98,0.27,1436.55,No
ORD-100026,2023-07-03,2023-07-07,CUST-1235,PROD-200,Fashion,Footwear,3,1302.31,0.26,202.94,Yes
ORD-100027,2024-02-12,2024-02-14,CUST-1104,PROD-209,Books,Education,1,44071.27,0.25,6801.84,No
ORD-100028,2023-08-28,2023-08-29,CUST-1143,PROD-269,Books,Education,5,31139.03,0.05,3643.25,No
ORD-100029,2024-07-05,2024-07-09,CUST-1278,PROD-466,Fashion,Women Clothing,2,46466.38,0.02,-2647.32,Yes
ORD-100030,2024-08-11,2024-08-12,CUST-1063,PROD-414,Home & Kitchen,Furniture,4,21780.6,0.23,307.78,No
ORD-100031,2024-07-10,2024-07-13,CUST-1201,PROD-231,Electronics,Headphones,2,16630.25,0.24,2094.23,Yes
ORD-100032,2023-06-27,2023-06-28,CUST-1241,PROD-331,Electronics,Laptop,5,15590.71,0.22,-1077.48,No
ORD-100033,2024-03-24,2024-03-28,CUST-1009,PROD-292,Electronics,Mobile,5,30401.83,0.01,6333.96,No
ORD-100034,2024-07-22,2024-07-27,CUST-1059,PROD-390,Beauty,Skincare,3,3384.72,0.28,616.01,No
ORD-100035,2024-03-22,2024-03-23,CUST-1244,PROD-396,Fashion,Men Clothing,4,5360.73,0.06,-517.91,No
ORD-100036,2024-03-09,2024-03-14,CUST-1073,PROD-479,Fashion,Men Clothing,2,16834.27,0.07,-433.85,No
ORD-100037,2024-10-28,2024-11-02,CUST-1207,PROD-347,Electronics,Headphones,4,45959.11,0.15,-4433.27,Yes
ORD-100038,2024-10-13,2024-10-15,CUST-1252,PROD-488,Fashion,Women Clothing,3,29068.8,0.22,-2300.0,No
ORD-100039,2024-03-11,2024-03-13,CUST-1086,PROD-436,Home & Kitchen,Furniture,5,20906.08,0.23,-1920.37,No
ORD-100040,2024-09-18,2024-09-20,CUST-1060,PROD-486,Home & Kitchen,Furniture,1,17673.65,0.21,3918.54,No
ORD-100041,2024-12-07,2024-12-11,CUST-1092,PROD-447,Electronics,Mobile,2,12376.41,0.02,2513.45,No
ORD-100042,2024-01-12,2024-01-16,CUST-1170,PROD-345,Home & Kitchen,Decor,5,18259.43,0.23,-785.55,No
ORD-100043,2024-01-14,2024-01-18,CUST-1229,PROD-238,Beauty,Skincare,1,1613.57,0.24,218.9,No
ORD-100044,2024-05-06,2024-05-08,CUST-1139,PROD-386,Electronics,Smartwatch,4,47100.37,0.07,5034.3,Yes
ORD-100045,2024-01-15,2024-01-19,CUST-1281,PROD-363,Electronics,Smartwatch,1,37539.07,0.07,167.05,No
ORD-100046,2023-08-06,2023-08-08,CUST-1147,PROD-217,Beauty,Skincare,4,1008.25,0.15,145.18,Yes
ORD-100047,2023-02-08,2023-02-09,CUST-1016,PROD-466,Home & Kitchen,Decor,5,35232.0,0.14,6830.32,Yes
ORD-100048,2024-09-03,2024-09-05,CUST-1021,PROD-346,Fashion,Men Clothing,2,41573.13,0.09,9092.84,No
ORD-100049,2024-05-26,2024-05-28,CUST-1077,PROD-439,Home & Kitchen,Furniture,5,18630.8,0.06,74.9,No
ORD-100050,2024-12-13,2024-12-15,CUST-1026,PROD-358,Home & Kitchen,Cookware,3,41261.69,0.17,6110.16,Yes
ORD-100051,2023-04-02,2023-04-05,CUST-1279,PROD-391,Electronics,Laptop,2,28171.25,0.0,-183.64,Yes
ORD-100052,2023-08-13,2023-08-14,CUST-1232,PROD-293,Fashion,Footwear,1,11230.99,0.07,975.16,No
ORD-100053,2023-02-12,2023-02-15,CUST-1050,PROD-369,Home & Kitchen,Furniture,3,5497.57,0.16,712.48,No
ORD-100054,2024-09-05,2024-09-10,CUST-1165,PROD-427,Beauty,Skincare,5,30505.68,0.01,4113.15,No
ORD-100055,2023-09-24,2023-09-28,CUST-1270,PROD-244,Home & Kitchen,Decor,4,9819.43,0.19,-958.84,Yes
ORD-100056,2023-03-09,2023-03-13,CUST-1200,PROD-370,Home & Kitchen,Cookware,2,30937.7,0.09,2909.94,No
ORD-100057,2023-03-30,2023-03-31,CUST-1199,PROD-452,Home & Kitchen,Decor,3,11496.46,0.24,635.09,No
ORD-100058,2023-01-19,2023-01-20,CUST-1119,PROD-457,Fashion,Footwear,4,32877.1,0.07,7761.22,No
ORD-100059,2024-10-05,2024-10-07,CUST-1140,PROD-325,Fashion,Women Clothing,5,1806.52,0.18,166.99,No
ORD-100060,2023-07-31,2023-08-02,CUST-1248,PROD-413,Fashion,Men Clothing,1,33266.45,0.25,945.31,Yes
ORD-100061,2023-04-10,2023-04-14,CUST-1280,PROD-254,Fashion,Footwear,3,29492.08,0.06,6004.74,Yes
ORD-100062,2023-04-14,2023-04-17,CUST-1241,PROD-410,Electronics,Smartwatch,4,32399.17,0.27,5037.52,Yes
ORD-100063,2023-01-04,2023-01-05,CUST-1082,PROD-446,Fashion,Women Clothing,5,3347.2,0.02,131.17,No
ORD-100064,2024-05-28,2024-06-01,CUST-1054,PROD-281,Home & Kitchen,Furniture,1,28910.57,0.25,-2221.7,No
ORD-100065,2023-07-12,2023-07-13,CUST-1191,PROD-476,Books,Fiction,5,42108.97,0.12,8843.63,No
ORD-100066,2023-04-07,2023-04-09,CUST-1084,PROD-367,Electronics,Laptop,3,32295.62,0.16,-2667.85,No
ORD-100067,2024-02-08,2024-02-09,CUST-1279,PROD-322,Electronics,Headphones,4,4969.07,0.1,696.45,Yes
ORD-100068,2024-11-09,2024-11-13,CUST-1267,PROD-460,Books,Education,5,45124.63,0.24,3612.9,No
ORD-100069,2024-09-27,2024-10-01,CUST-1031,PROD-457,Home & Kitchen,Decor,1,24826.83,0.14,215.21,Yes
ORD-100070,2023-11-10,2023-11-11,CUST-1121,PROD-378,Electronics,Smartwatch,5,5980.81,0.09,1134.26,Yes
ORD-100071,2024-10-10,2024-10-11,CUST-1059,PROD-251,Electronics,Headphones,1,20300.4,0.28,1536.1,No
ORD-100072,2023-11-15,2023-11-16,CUST-1137,PROD-491,Home & Kitchen,Furniture,4,3985.73,0.05,220.48,No
ORD-100073,2024-05-07,2024-05-09,CUST-1171,PROD-426,Books,Fiction,2,25223.2,0.19,-603.85,No
ORD-100074,2023-08-05,2023-08-07,CUST-1222,PROD-321,Electronics,Mobile,3,45758.64,0.15,5797.41,Yes
ORD-100075,2023-08-29,2023-08-30,CUST-1086,PROD-448,Electronics,Mobile,3,45179.33,0.25,8232.42,Yes
ORD-100076,2024-09-27,2024-09-29,CUST-1199,PROD-203,Fashion,Footwear,1,35105.09,0.04,-1706.06,Yes
ORD-100077,2024-03-20,2024-03-22,CUST-1097,PROD-294,Electronics,Mobile,2,30134.57,0.04,2133.56,No
ORD-100078,2024-04-05,2024-04-10,CUST-1228,PROD-459,Home & Kitchen,Cookware,1,31522.46,0.1,5383.37,Yes
ORD-100079,2023-12-05,2023-12-07,CUST-1011,PROD-473,Fashion,Men Clothing,5,44570.25,0.01,-2047.81,No
ORD-100080,2023-10-19,2023-10-23,CUST-1168,PROD-357,Fashion,Footwear,5,41825.48,0.26,6690.61,No
ORD-100081,2024-07-28,2024-08-01,CUST-1028,PROD-274,Beauty,Makeup,4,27856.26,0.14,2231.31,No
ORD-100082,2023-12-21,2023-12-22,CUST-1024,PROD-274,Electronics,Mobile,5,44210.69,0.18,5142.81,No
ORD-100083,2024-02-28,2024-03-04,CUST-1038,PROD-242,Electronics,Headphones,2,11962.53,0.07,-409.15,No
ORD-100084,2023-07-04,2023-07-08,CUST-1145,PROD-208,Electronics,Laptop,2,10512.48,0.13,479.7,No
ORD-100085,2024-10-08,2024-10-13,CUST-1097,PROD-454,Electronics,Mobile,5,19166.84,0.28,3966.9,Yes
ORD-100086,2024-02-02,2024-02-04,CUST-1268,PROD-319,Beauty,Makeup,1,31111.77,0.28,3363.61,Yes
ORD-100087,2023-11-07,2023-11-10,CUST-1289,PROD-271,Electronics,Laptop,4,35118.9,0.22,-2207.13,No
ORD-100088,2023-11-22,2023-11-26,CUST-1186,PROD-452,Home & Kitchen,Decor,2,12764.43,0.26,3081.83,No
ORD-100089,2024-07-30,2024-08-04,CUST-1067,PROD-293,Electronics,Smartwatch,3,7635.54,0.06,1900.92,No
ORD-100090,2024-10-07,2024-10-12,CUST-1206,PROD-237,Books,Education,5,28141.17,0.07,3932.02,No
ORD-100091,2024-07-26,2024-07-31,CUST-1296,PROD-420,Fashion,Women Clothing,1,17947.71,0.19,3152.81,No
ORD-100092,2024-12-31,2025-01-04,CUST-1069,PROD-258,Books,Education,3,31254.59,0.18,4383.88,No
ORD-100093,2024-02-09,2024-02-11,CUST-1070,PROD-219,Beauty,Makeup,2,42105.57,0.27,1193.01,No
ORD-100094,2024-06-14,2024-06-17,CUST-1160,PROD-200,Books,Fiction,5,9863.21,0.3,-127.29,No
ORD-100095,2024-08-25,2024-08-27,CUST-1070,PROD-399,Books,Fiction,1,6509.13,0.25,1487.33,No
ORD-100096,2023-01-16,2023-01-18,CUST-1145,PROD-363,Fashion,Footwear,4,4897.11,0.14,1117.02,Yes
ORD-100097,2023-03-13,2023-03-17,CUST-1276,PROD-202,Home & Kitchen,Decor,3,2184.4,0.03,493.02,No
ORD-100098,2023-08-21,2023-08-23,CUST-1013,PROD-477,Electronics,Headphones,1,4207.42,0.01,-173.77,No
ORD-100099,2023-10-08,2023-10-11,CUST-1129,PROD-300,Fashion,Women Clothing,2,4343.1,0.3,-112.26,No
ORD-100100,2023-12-03,2023-12-05,CUST-1223,PROD-271,Beauty,Skincare,1,32369.6,0.18,5520.03,No
ORD-100101,2023-10-14,2023-10-17,CUST-1011,PROD-458,Electronics,Mobile,1,37661.0,0.16,3837.64,No
ORD-100102,2024-09-10,2024-09-15,CUST-1013,PROD-297,Home & Kitchen,Cookware,3,3259.45,0.04,803.04,No
ORD-100103,2023-09-20,2023-09-23,CUST-1232,PROD-368,Books,Fiction,4,43973.49,0.09,8875.55,No
ORD-100104,2024-07-27,2024-08-01,CUST-1242,PROD-260,Books,Fiction,4,29289.45,0.08,7221.99,No
ORD-100105,2023-03-23,2023-03-26,CUST-1270,PROD-241,Electronics,Laptop,2,9417.48,0.13,706.29,No
ORD-100106,2024-12-15,2024-12-18,CUST-1050,PROD-271,Books,Fiction,4,42819.15,0.01,7605.82,Yes
ORD-100107,2023-07-29,2023-07-31,CUST-1128,PROD-317,Books,Education,5,16823.34,0.26,3660.8,No
ORD-100108,2024-07-04,2024-07-07,CUST-1076,PROD-427,Home & Kitchen,Furniture,1,8248.64,0.15,1979.99,Yes
ORD-100109,2023-12-31,2024-01-01,CUST-1277,PROD-204,Home & Kitchen,Cookware,5,20827.98,0.06,1970.38,No
ORD-100110,2023-06-18,2023-06-22,CUST-1053,PROD-327,Home & Kitchen,Furniture,3,13362.88,0.1,2303.56,Yes
ORD-100111,2023-12-21,2023-12-25,CUST-1042,PROD-356,Home & Kitchen,Decor,2,28609.85,0.24,1125.11,No
ORD-100112,2024-12-30,2025-01-04,CUST-1166,PROD-250,Home & Kitchen,Furniture,5,40821.46,0.2,8770.18,Yes
ORD-100113,2024-03-22,2024-03-25,CUST-1081,PROD-289,Books,Fiction,2,40299.85,0.04,4027.14,No
ORD-100114,2023-12-17,2023-12-18,CUST-1186,PROD-409,Fashion,Women Clothing,3,46526.33,0.11,-601.06,No
ORD-100115,2023-05-29,2023-05-30,CUST-1142,PROD-401,Home & Kitchen,Decor,1,14616.28,0.01,1214.09,Yes
ORD-100116,2024-11-28,2024-12-03,CUST-1183,PROD-370,Home & Kitchen,Cookware,1,7825.24,0.02,-118.98,No
ORD-100117,2023-06-04,2023-06-06,CUST-1076,PROD-288,Electronics,Laptop,5,44713.27,0.05,7282.22,Yes
ORD-100118,2023-07-04,2023-07-05,CUST-1021,PROD-281,Home & Kitchen,Decor,4,19373.25,0.12,-118.62,No
ORD-100119,2024-01-12,2024-01-17,CUST-1016,PROD-302,Beauty,Makeup,2,11101.42,0.15,1091.29,Yes
ORD-100120,2023-03-02,2023-03-07,CUST-1095,PROD-304,Books,Fiction,5,19084.8,0.07,-1549.74,No
ORD-100121,2024-10-01,2024-10-04,CUST-1211,PROD-248,Fashion,Men Clothing,4,6465.95,0.15,-503.5,No
ORD-100122,2024-08-03,2024-08-05,CUST-1187,PROD-463,Books,Education,2,28797.63,0.01,2901.36,No
ORD-100123,2024-09-08,2024-09-13,CUST-1134,PROD-260,Books,Fiction,3,38601.67,0.02,8456.46,No
ORD-100124,2024-12-20,2024-12-25,CUST-1143,PROD-249,Fashion,Men Clothing,4,5881.21,0.09,667.07,No
ORD-100125,2024-09-18,2024-09-23,CUST-1163,PROD-481,Electronics,Smartwatch,4,43030.76,0.13,4838.92,No
ORD-100126,2023-10-22,2023-10-27,CUST-1132,PROD-470,Books,Education,1,16934.38,0.24,-801.24,No
ORD-100127,2023-05-09,2023-05-14,CUST-1209,PROD-245,Home & Kitchen,Furniture,5,2639.56,0.18,-224.89,No
ORD-100128,2023-08-01,2023-08-03,CUST-1068,PROD-312,Home & Kitchen,Cookware,4,35457.79,0.23,-1056.98,Yes
ORD-100129,2024-09-22,2024-09-24,CUST-1290,PROD-329,Electronics,Laptop,4,41316.06,0.2,377.8,Yes
ORD-100130,2023-11-03,2023-11-06,CUST-1258,PROD-296,Books,Education,1,11435.53,0.24,2696.1,No
ORD-100131,2024-06-24,2024-06-26,CUST-1096,PROD-300,Electronics,Headphones,4,34227.52,0.29,4419.06,No
ORD-100132,2023-10-16,2023-10-17,CUST-1247,PROD-301,Beauty,Makeup,3,37062.7,0.17,2247.16,No
ORD-100133,2023-10-04,2023-10-05,CUST-1157,PROD-447,Books,Fiction,3,28792.31,0.03,3857.04,No
ORD-100134,2023-09-05,2023-09-10,CUST-1041,PROD-295,Electronics,Smartwatch,2,6465.86,0.04,1145.89,No
ORD-100135,2023-12-30,2024-01-01,CUST-1053,PROD-301,Fashion,Men Clothing,5,27324.37,0.0,676.13,No
ORD-100136,2024-07-24,2024-07-29,CUST-1233,PROD-212,Fashion,Women Clothing,4,2017.04,0.01,423.97,Yes
ORD-100137,2023-12-01,2023-12-02,CUST-1026,PROD-248,Home & Kitchen,Furniture,1,1732.53,0.25,-140.76,No
ORD-100138,2024-03-17,2024-03-21,CUST-1234,PROD-412,Fashion,Women Clothing,5,44865.08,0.24,4607.65,No
ORD-100139,2023-12-03,2023-12-05,CUST-1090,PROD-485,Electronics,Headphones,4,30422.88,0.02,1031.37,No
ORD-100140,2024-04-16,2024-04-20,CUST-1055,PROD-307,Electronics,Headphones,1,6174.96,0.03,681.18,No
ORD-100141,2023-02-19,2023-02-21,CUST-1269,PROD-378,Home & Kitchen,Cookware,1,19047.93,0.22,3571.92,Yes
ORD-100142,2023-11-10,2023-11-13,CUST-1152,PROD-497,Fashion,Women Clothing,5,18340.94,0.3,948.69,No
ORD-100143,2023-04-04,2023-04-06,CUST-1035,PROD-413,Fashion,Footwear,1,6748.98,0.17,622.18,No
ORD-100144,2024-03-09,2024-03-14,CUST-1217,PROD-369,Electronics,Headphones,3,14486.26,0.07,9.49,No
ORD-100145,2023-08-06,2023-08-07,CUST-1266,PROD-390,Electronics,Mobile,5,22024.63,0.08,2911.85,No
ORD-100146,2023-03-24,2023-03-26,CUST-1229,PROD-434,Fashion,Footwear,3,31564.09,0.28,10.88,No
ORD-100147,2024-08-29,2024-09-01,CUST-1293,PROD-379,Beauty,Makeup,1,32821.49,0.05,-2401.62,No
ORD-100148,2023-08-05,2023-08-10,CUST-1085,PROD-447,Home & Kitchen,Cookware,1,45369.51,0.11,5765.5,No
ORD-100149,2024-09-13,2024-09-17,CUST-1066,PROD-353,Beauty,Skincare,1,24513.65,0.27,-738.7,No
ORD-100150,2023-12-07,2023-12-10,CUST-1296,PROD-234,Home & Kitchen,Furniture,5,15794.09,0.25,1227.57,No
ORD-100151,2024-08-11,2024-08-12,CUST-1289,PROD-225,Beauty,Skincare,1,30279.86,0.04,-1388.76,No
ORD-100152,2023-05-04,2023-05-08,CUST-1113,PROD-202,Home & Kitchen,Furniture,5,6761.27,0.24,931.75,Yes
ORD-100153,2023-11-11,2023-11-12,CUST-1200,PROD-317,Beauty,Skincare,4,9802.84,0.18,818.03,No
ORD-100154,2023-10-09,2023-10-12,CUST-1219,PROD-345,Home & Kitchen,Furniture,1,48552.76,0.29,3022.9,No
ORD-100155,2024-04-25,2024-04-26,CUST-1195,PROD-457,Books,Education,3,25339.14,0.15,1331.02,No
ORD-100156,2024-09-13,2024-09-16,CUST-1256,PROD-414,Electronics,Mobile,1,45018.18,0.16,9248.3,No
ORD-100157,2024-06-05,2024-06-09,CUST-1292,PROD-202,Fashion,Women Clothing,5,23365.01,0.2,-1989.3,No
ORD-100158,2024-02-05,2024-02-09,CUST-1083,PROD-207,Electronics,Laptop,4,49511.61,0.09,7802.73,No
ORD-100159,2024-05-26,2024-05-28,CUST-1068,PROD-276,Electronics,Smartwatch,5,43953.5,0.25,10410.98,No
ORD-100160,2023-12-20,2023-12-23,CUST-1250,PROD-389,Electronics,Mobile,2,2742.53,0.0,258.88,No
ORD-100161,2024-08-17,2024-08-20,CUST-1185,PROD-339,Beauty,Skincare,3,29042.13,0.25,-1727.63,No
ORD-100162,2023-09-25,2023-09-29,CUST-1134,PROD-208,Books,Education,3,28199.23,0.21,-2094.12,No
ORD-100163,2023-10-26,2023-10-28,CUST-1027,PROD-336,Fashion,Men Clothing,3,10176.02,0.12,-606.72,No
ORD-100164,2024-08-16,2024-08-21,CUST-1084,PROD-498,Books,Education,2,13076.0,0.11,1134.92,No
ORD-100165,2024-10-09,2024-10-13,CUST-1268,PROD-357,Fashion,Men Clothing,1,20590.46,0.23,4684.77,No
ORD-100166,2023-05-06,2023-05-10,CUST-1172,PROD-496,Home & Kitchen,Cookware,2,16888.67,0.08,-562.41,No
ORD-100167,2024-11-04,2024-11-05,CUST-1008,PROD-435,Beauty,Skincare,5,47084.85,0.11,7244.47,No
ORD-100168,2024-11-23,2024-11-27,CUST-1183,PROD-236,Fashion,Women Clothing,1,3970.73,0.12,931.86,No
ORD-100169,2024-02-18,2024-02-20,CUST-1128,PROD-250,Home & Kitchen,Furniture,3,36809.14,0.04,-2200.85,No
ORD-100170,2024-07-22,2024-07-23,CUST-1053,PROD-261,Electronics,Mobile,3,4662.68,0.07,345.18,No
ORD-100171,2023-11-09,2023-11-12,CUST-1209,PROD-240,Beauty,Makeup,2,33263.33,0.12,53.11,No
ORD-100172,2024-02-20,2024-02-24,CUST-1132,PROD-237,Electronics,Smartwatch,1,1516.13,0.17,36.39,No
ORD-100173,2024-10-10,2024-10-14,CUST-1214,PROD-216,Home & Kitchen,Cookware,4,13657.76,0.18,605.7,Yes
ORD-100174,2024-08-07,2024-08-10,CUST-1278,PROD-318,Beauty,Makeup,4,16206.62,0.05,626.6,No
ORD-100175,2024-01-17,2024-01-21,CUST-1226,PROD-273,Fashion,Men Clothing,5,37861.03,0.06,4322.12,No
ORD-100176,2024-04-02,2024-04-03,CUST-1093,PROD-500,Home & Kitchen,Decor,4,5478.46,0.1,945.89,No
ORD-100177,2023-04-27,2023-05-01,CUST-1267,PROD-430,Electronics,Mobile,5,22015.69,0.03,695.11,No
ORD-100178,2023-03-20,2023-03-24,CUST-1118,PROD-363,Fashion,Women Clothing,2,15906.49,0.19,3553.81,No
ORD-100179,2024-03-01,2024-03-05,CUST-1134,PROD-203,Books,Education,5,9176.95,0.02,536.4,No
ORD-100180,2024-09-27,2024-09-28,CUST-1036,PROD-398,Home & Kitchen,Cookware,3,10413.93,0.08,-269.05,Yes
ORD-100181,2023-01-07,2023-01-10,CUST-1194,PROD-400,Home & Kitchen,Cookware,2,35358.66,0.07,-3379.0,Yes
ORD-100182,2024-06-25,2024-06-28,CUST-1273,PROD-402,Fashion,Footwear,4,6701.37,0.04,719.21,No
ORD-100183,2023-04-15,2023-04-19,CUST-1056,PROD-355,Electronics,Mobile,3,23631.52,0.07,-1730.11,No
ORD-100184,2024-05-26,2024-05-29,CUST-1041,PROD-282,Books,Fiction,2,2581.22,0.18,-96.98,No
ORD-100185,2023-09-19,2023-09-20,CUST-1156,PROD-320,Books,Fiction,4,47691.5,0.02,-761.02,No
ORD-100186,2023-12-26,2023-12-30,CUST-1230,PROD-466,Home & Kitchen,Cookware,1,39708.54,0.23,2371.79,No
ORD-100187,2024-11-03,2024-11-05,CUST-1156,PROD-451,Books,Fiction,2,786.34,0.23,142.39,No
ORD-100188,2024-08-19,2024-08-20,CUST-1056,PROD-444,Books,Education,1,36939.63,0.23,-2884.69,No
ORD-100189,2023-03-15,2023-03-16,CUST-1200,PROD-373,Books,Fiction,2,25507.7,0.14,-1038.26,No
ORD-100190,2024-01-31,2024-02-01,CUST-1288,PROD-326,Electronics,Mobile,3,37812.72,0.07,-1985.29,No
ORD-100191,2024-01-03,2024-01-06,CUST-1223,PROD-272,Books,Education,1,41030.54,0.11,5655.89,No
ORD-100192,2023-10-16,2023-10-18,CUST-1189,PROD-202,Books,Education,2,49568.04,0.12,6604.98,No
ORD-100193,2024-07-30,2024-08-02,CUST-1170,PROD-325,Fashion,Footwear,4,16220.87,0.06,408.6,Yes
ORD-100194,2023-11-02,2023-11-03,CUST-1113,PROD-292,Beauty,Makeup,5,18609.5,0.18,4500.3,Yes
ORD-100195,2023-08-31,2023-09-02,CUST-1209,PROD-466,Fashion,Men Clothing,4,39019.15,0.2,7565.63,No
ORD-100196,2023-07-12,2023-07-13,CUST-1063,PROD-390,Books,Education,4,42931.24,0.16,9750.51,No
ORD-100197,2024-03-05,2024-03-08,CUST-1056,PROD-492,Home & Kitchen,Cookware,5,4267.95,0.23,275.9,Yes
ORD-100198,2024-01-20,2024-01-25,CUST-1049,PROD-400,Electronics,Smartwatch,5,8888.99,0.11,789.37,No
ORD-100199,2024-07-10,2024-07-12,CUST-1279,PROD-415,Beauty,Makeup,4,29905.7,0.18,-982.3,Yes
ORD-100200,2023-08-27,2023-08-28,CUST-1126,PROD-414,Electronics,Smartwatch,2,12935.51,0.11,1357.39,No
ORD-100201,2023-02-19,2023-02-20,CUST-1278,PROD-201,Books,Education,3,44360.54,0.01,4889.3,No
ORD-100202,2024-07-08,2024-07-10,CUST-1102,PROD-394,Books,Fiction,2,17982.28,0.15,2505.6,Yes
ORD-100203,2023-05-16,2023-05-17,CUST-1083,PROD-378,Home & Kitchen,Furniture,3,7622.6,0.07,70.46,No
ORD-100204,2023-03-14,2023-03-18,CUST-1011,PROD-366,Home & Kitchen,Decor,4,34553.58,0.09,6021.29,Yes
ORD-100205,2024-02-10,2024-02-11,CUST-1163,PROD-434,Home & Kitchen,Cookware,1,31269.66,0.0,1220.53,No
ORD-100206,2023-06-08,2023-06-10,CUST-1078,PROD-287,Fashion,Footwear,3,6703.65,0.26,357.43,No
ORD-100207,2024-07-12,2024-07-13,CUST-1136,PROD-468,Fashion,Footwear,2,1232.78,0.01,180.12,No
ORD-100208,2024-01-23,2024-01-24,CUST-1042,PROD-250,Electronics,Smartwatch,5,35904.57,0.05,5802.81,No
ORD-100209,2024-07-10,2024-07-14,CUST-1199,PROD-330,Home & Kitchen,Furniture,4,45599.22,0.18,8625.02,No
ORD-100210,2023-12-23,2023-12-27,CUST-1210,PROD-495,Books,Fiction,3,3810.7,0.04,596.51,No
ORD-100211,2023-02-25,2023-03-01,CUST-1123,PROD-363,Beauty,Makeup,3,16417.84,0.1,-1510.87,No
ORD-100212,2024-08-12,2024-08-13,CUST-1095,PROD-207,Beauty,Makeup,3,9990.56,0.21,756.08,No
ORD-100213,2024-04-23,2024-04-27,CUST-1080,PROD-406,Beauty,Makeup,2,16510.56,0.19,-68.79,Yes
ORD-100214,2024-08-07,2024-08-12,CUST-1229,PROD-248,Fashion,Men Clothing,1,11949.25,0.17,466.84,No
ORD-100215,2023-06-25,2023-06-29,CUST-1088,PROD-358,Home & Kitchen,Decor,4,5134.82,0.06,1204.75,No
ORD-100216,2023-10-17,2023-10-19,CUST-1289,PROD-393,Books,Fiction,2,39728.01,0.17,7692.15,No
ORD-100217,2024-05-23,2024-05-24,CUST-1288,PROD-253,Home & Kitchen,Cookware,1,38645.81,0.06,8793.94,No
ORD-100218,2023-10-18,2023-10-19,CUST-1217,PROD-254,Fashion,Women Clothing,2,7715.59,0.14,-49.55,No
ORD-100219,2023-05-18,2023-05-19,CUST-1066,PROD-278,Fashion,Women Clothing,1,47762.91,0.16,-200.21,No
ORD-100220,2024-02-14,2024-02-16,CUST-1005,PROD-500,Home & Kitchen,Decor,3,37766.12,0.21,-2172.0,No
ORD-100221,2023-08-21,2023-08-23,CUST-1270,PROD-461,Home & Kitchen,Furniture,1,36386.36,0.09,-1722.06,No
ORD-100222,2024-05-24,2024-05-26,CUST-1162,PROD-245,Beauty,Skincare,4,27743.39,0.2,6090.38,No
ORD-100223,2024-08-15,2024-08-20,CUST-1124,PROD-348,Fashion,Women Clothing,3,41460.32,0.13,4520.94,No
ORD-100224,2023-07-01,2023-07-05,CUST-1107,PROD-233,Beauty,Skincare,1,14118.58,0.17,1739.71,No
ORD-100225,2023-04-11,2023-04-12,CUST-1023,PROD-452,Fashion,Men Clothing,5,39851.64,0.1,6143.18,Yes
ORD-100226,2023-07-10,2023-07-15,CUST-1048,PROD-441,Fashion,Women Clothing,1,16774.95,0.24,2698.72,No
ORD-100227,2023-10-03,2023-10-04,CUST-1039,PROD-316,Electronics,Laptop,3,25376.17,0.19,-1949.79,No
ORD-100228,2023-06-01,2023-06-03,CUST-1103,PROD-315,Books,Fiction,5,43014.09,0.08,2672.29,No
ORD-100229,2023-01-16,2023-01-19,CUST-1122,PROD-389,Fashion,Women Clothing,3,10374.15,0.0,92.23,No
ORD-100230,2024-07-07,2024-07-12,CUST-1091,PROD-391,Fashion,Footwear,5,13660.42,0.13,1028.35,Yes
ORD-100231,2024-05-04,2024-05-06,CUST-1068,PROD-450,Home & Kitchen,Furniture,2,15317.79,0.24,1723.39,Yes
ORD-100232,2024-06-10,2024-06-14,CUST-1090,PROD-466,Books,Fiction,2,35538.55,0.27,-919.55,No
ORD-100233,2023-05-22,2023-05-24,CUST-1122,PROD-321,Home & Kitchen,Cookware,4,20330.74,0.3,139.45,No
ORD-100234,2023-12-19,2023-12-24,CUST-1020,PROD-379,Home & Kitchen,Decor,4,41818.22,0.01,829.4,No
ORD-100235,2024-07-12,2024-07-13,CUST-1099,PROD-329,Home & Kitchen,Cookware,5,11824.66,0.29,1653.11,No
ORD-100236,2024-06-08,2024-06-13,CUST-1083,PROD-344,Home & Kitchen,Decor,4,10859.59,0.17,179.88,No
ORD-100237,2024-05-28,2024-06-01,CUST-1218,PROD-234,Home & Kitchen,Cookware,4,33887.84,0.02,7327.49,Yes
ORD-100238,2023-08-31,2023-09-03,CUST-1159,PROD-276,Home & Kitchen,Decor,3,30043.15,0.27,7361.65,No
ORD-100239,2024-07-17,2024-07-20,CUST-1248,PROD-364,Fashion,Men Clothing,2,6291.27,0.21,2.48,No
ORD-100240,2023-04-20,2023-04-22,CUST-1134,PROD-216,Beauty,Skincare,3,22459.76,0.03,1056.96,No
ORD-100241,2024-04-22,2024-04-23,CUST-1268,PROD-437,Home & Kitchen,Decor,1,35528.14,0.23,-299.05,No
ORD-100242,2024-06-18,2024-06-21,CUST-1174,PROD-438,Home & Kitchen,Decor,3,41970.6,0.05,10033.59,No
ORD-100243,2023-08-07,2023-08-09,CUST-1042,PROD-441,Beauty,Makeup,2,9362.97,0.25,-41.54,No
ORD-100244,2024-11-22,2024-11-25,CUST-1180,PROD-353,Electronics,Smartwatch,5,26873.08,0.29,-78.58,No
ORD-100245,2023-07-12,2023-07-15,CUST-1252,PROD-268,Books,Fiction,5,35170.53,0.25,-2128.43,Yes
ORD-100246,2024-05-09,2024-05-14,CUST-1014,PROD-480,Home & Kitchen,Cookware,5,33365.83,0.28,865.48,Yes
ORD-100247,2023-01-01,2023-01-04,CUST-1275,PROD-450,Electronics,Laptop,2,43684.81,0.14,1318.29,No
ORD-100248,2023-07-15,2023-07-19,CUST-1244,PROD-484,Beauty,Makeup,4,41278.18,0.2,-2372.54,No
ORD-100249,2023-09-03,2023-09-07,CUST-1287,PROD-428,Electronics,Smartwatch,2,34274.69,0.01,5223.49,No
ORD-100250,2024-06-15,2024-06-18,CUST-1154,PROD-329,Home & Kitchen,Furniture,5,40353.28,0.1,-1523.84,No
ORD-100251,2024-03-22,2024-03-27,CUST-1104,PROD-394,Electronics,Laptop,1,14013.74,0.01,-168.32,No
ORD-100252,2023-09-07,2023-09-08,CUST-1300,PROD-469,Electronics,Laptop,4,48648.11,0.11,8170.22,No
ORD-100253,2024-02-04,2024-02-05,CUST-1233,PROD-469,Beauty,Skincare,1,9160.65,0.07,1225.66,No
ORD-100254,2024-06-18,2024-06-23,CUST-1165,PROD-387,Electronics,Smartwatch,1,19440.22,0.27,-1115.74,Yes
ORD-100255,2024-02-26,2024-02-28,CUST-1126,PROD-482,Beauty,Skincare,4,31071.98,0.07,969.83,No
ORD-100256,2024-06-07,2024-06-10,CUST-1149,PROD-456,Electronics,Smartwatch,5,11446.83,0.27,-350.81,No
ORD-100257,2024-11-16,2024-11-17,CUST-1287,PROD-478,Books,Fiction,2,17700.41,0.2,3497.63,No
ORD-100258,2023-05-11,2023-05-14,CUST-1181,PROD-456,Home & Kitchen,Furniture,3,21180.77,0.2,-64.44,No
ORD-100259,2023-04-14,2023-04-19,CUST-1122,PROD-317,Beauty,Makeup,3,42011.38,0.02,5494.74,No
ORD-100260,2024-08-11,2024-08-12,CUST-1060,PROD-305,Fashion,Women Clothing,3,6757.01,0.08,-326.09,No
ORD-100261,2024-09-17,2024-09-20,CUST-1104,PROD-233,Beauty,Makeup,2,41969.25,0.07,10174.17,No
ORD-100262,2023-02-18,2023-02-22,CUST-1275,PROD-253,Beauty,Skincare,5,4596.84,0.26,-176.21,No
ORD-100263,2024-04-24,2024-04-25,CUST-1249,PROD-325,Books,Education,3,21518.99,0.3,4249.95,No
ORD-100264,2024-10-07,2024-10-11,CUST-1230,PROD-478,Books,Fiction,2,22982.52,0.07,-1459.13,No
ORD-100265,2023-06-02,2023-06-03,CUST-1176,PROD-267,Home & Kitchen,Decor,5,41225.39,0.3,7587.11,No
ORD-100266,2023-06-07,2023-06-12,CUST-1062,PROD-391,Fashion,Footwear,1,25817.57,0.22,6342.1,No
ORD-100267,2023-08-29,2023-09-03,CUST-1217,PROD-256,Fashion,Footwear,3,47421.22,0.04,-872.08,No
ORD-100268,2023-06-06,2023-06-11,CUST-1270,PROD-302,Home & Kitchen,Decor,1,3727.84,0.01,85.58,No
ORD-100269,2023-10-11,2023-10-15,CUST-1027,PROD-411,Books,Education,5,45751.09,0.1,11322.32,No
ORD-100270,2024-08-02,2024-08-07,CUST-1272,PROD-290,Books,Education,3,15624.16,0.28,-927.58,No
ORD-100271,2024-09-06,2024-09-09,CUST-1070,PROD-226,Home & Kitchen,Decor,2,41942.58,0.25,6359.29,Yes
ORD-100272,2023-09-11,2023-09-12,CUST-1224,PROD-262,Home & Kitchen,Cookware,5,25836.29,0.1,4102.28,No
ORD-100273,2024-08-05,2024-08-10,CUST-1291,PROD-277,Books,Education,4,45038.58,0.25,10787.23,No
ORD-100274,2024-06-27,2024-07-01,CUST-1233,PROD-259,Electronics,Headphones,5,38533.82,0.27,-3307.18,No
ORD-100275,2023-09-15,2023-09-18,CUST-1208,PROD-463,Beauty,Makeup,4,5109.86,0.15,1052.08,Yes
ORD-100276,2024-03-10,2024-03-15,CUST-1174,PROD-312,Beauty,Skincare,2,25116.06,0.17,1319.26,No
ORD-100277,2023-06-11,2023-06-16,CUST-1180,PROD-473,Books,Fiction,4,41049.18,0.06,857.96,No
ORD-100278,2024-01-17,2024-01-19,CUST-1158,PROD-271,Home & Kitchen,Cookware,1,32207.53,0.29,-769.97,No
ORD-100279,2024-10-26,2024-10-28,CUST-1207,PROD-231,Beauty,Skincare,1,5629.66,0.16,696.15,No
ORD-100280,2024-12-01,2024-12-04,CUST-1104,PROD-284,Beauty,Skincare,2,5579.65,0.07,1041.86,No
ORD-100281,2023-06-10,2023-06-13,CUST-1048,PROD-220,Electronics,Smartwatch,3,37156.47,0.28,7991.67,No
ORD-100282,2023-09-23,2023-09-27,CUST-1228,PROD-279,Home & Kitchen,Cookware,1,1826.84,0.03,256.74,No
ORD-100283,2023-03-11,2023-03-16,CUST-1114,PROD-377,Books,Fiction,5,38813.87,0.14,1041.28,No
ORD-100284,2024-02-24,2024-02-29,CUST-1022,PROD-438,Electronics,Laptop,2,47567.5,0.07,723.92,Yes
ORD-100285,2023-10-18,2023-10-22,CUST-1213,PROD-246,Fashion,Women Clothing,5,19240.28,0.04,640.14,No
ORD-100286,2024-04-24,2024-04-29,CUST-1274,PROD-316,Fashion,Women Clothing,4,11830.2,0.21,-721.18,No
ORD-100287,2023-10-29,2023-11-02,CUST-1298,PROD-455,Beauty,Skincare,4,44390.18,0.22,6021.25,No
ORD-100288,2023-03-12,2023-03-17,CUST-1121,PROD-427,Home & Kitchen,Decor,4,34508.57,0.06,7057.62,No
ORD-100289,2024-04-19,2024-04-24,CUST-1054,PROD-322,Fashion,Women Clothing,2,49042.17,0.07,500.55,No
ORD-100290,2023-06-02,2023-06-03,CUST-1036,PROD-292,Fashion,Footwear,2,24868.85,0.04,-509.58,No
ORD-100291,2023-11-21,2023-11-24,CUST-1269,PROD-495,Fashion,Footwear,4,20171.27,0.18,2341.88,No
ORD-100292,2023-02-12,2023-02-17,CUST-1239,PROD-401,Beauty,Makeup,2,28813.88,0.22,2930.77,No
ORD-100293,2023-01-07,2023-01-09,CUST-1015,PROD-284,Books,Education,4,9690.31,0.28,-737.54,No
ORD-100294,2023-07-30,2023-08-04,CUST-1094,PROD-339,Home & Kitchen,Furniture,4,33509.34,0.27,3449.02,No
ORD-100295,2024-09-21,2024-09-24,CUST-1231,PROD-214,Fashion,Footwear,3,13572.16,0.06,3240.42,No
ORD-100296,2023-01-22,2023-01-23,CUST-1084,PROD-329,Fashion,Footwear,5,5305.53,0.04,-155.19,Yes
ORD-100297,2024-04-07,2024-04-08,CUST-1248,PROD-420,Books,Fiction,3,12955.61,0.27,-75.38,No
ORD-100298,2023-08-04,2023-08-07,CUST-1288,PROD-412,Books,Fiction,4,17022.35,0.15,4168.48,Yes
ORD-100299,2023-04-28,2023-05-02,CUST-1014,PROD-395,Beauty,Skincare,1,47126.57,0.24,11422.9,No
ORD-100300,2024-01-11,2024-01-12,CUST-1291,PROD-221,Fashion,Men Clothing,4,935.74,0.12,147.63,No
ORD-100301,2024-06-05,2024-06-06,CUST-1294,PROD-377,Fashion,Men Clothing,2,49459.18,0.12,416.78,Yes
ORD-100302,2023-12-27,2023-12-28,CUST-1030,PROD-455,Beauty,Makeup,3,7040.09,0.03,829.0,No
ORD-100303,2024-07-21,2024-07-25,CUST-1023,PROD-418,Books,Fiction,2,24774.36,0.23,-472.05,No
ORD-100304,2024-07-18,2024-07-20,CUST-1238,PROD-206,Beauty,Skincare,1,3970.21,0.23,149.94,Yes
ORD-100305,2024-07-27,2024-07-29,CUST-1036,PROD-447,Books,Fiction,5,49665.33,0.01,7101.88,No
ORD-100306,2023-10-07,2023-10-12,CUST-1160,PROD-500,Beauty,Skincare,3,29579.1,0.05,3981.56,No
ORD-100307,2023-07-03,2023-07-04,CUST-1038,PROD-471,Home & Kitchen,Cookware,3,1682.24,0.14,-80.94,No
ORD-100308,2023-05-17,2023-05-20,CUST-1162,PROD-437,Home & Kitchen,Furniture,5,1673.75,0.05,103.24,No
ORD-100309,2024-06-19,2024-06-24,CUST-1156,PROD-377,Electronics,Laptop,2,12421.48,0.01,1481.75,No
ORD-100310,2024-02-03,2024-02-08,CUST-1003,PROD-281,Beauty,Skincare,1,13457.14,0.01,2508.53,Yes
ORD-100311,2023-07-22,2023-07-25,CUST-1207,PROD-334,Fashion,Footwear,3,12043.05,0.18,-491.84,Yes
ORD-100312,2024-02-25,2024-02-28,CUST-1272,PROD-263,Fashion,Women Clothing,5,23511.32,0.08,3018.97,No
ORD-100313,2024-11-28,2024-11-30,CUST-1104,PROD-368,Beauty,Skincare,2,20574.44,0.04,-713.54,No
ORD-100314,2024-11-27,2024-12-01,CUST-1063,PROD-328,Home & Kitchen,Decor,4,18301.9,0.29,1918.17,No
ORD-100315,2023-12-04,2023-12-05,CUST-1285,PROD-293,Home & Kitchen,Decor,1,23875.47,0.23,-774.6,Yes
ORD-100316,2024-06-24,2024-06-29,CUST-1274,PROD-448,Electronics,Mobile,3,20871.14,0.24,4623.31,No
ORD-100317,2024-07-15,2024-07-17,CUST-1165,PROD-348,Electronics,Laptop,4,14762.15,0.1,2989.35,Yes
ORD-100318,2023-04-14,2023-04-19,CUST-1242,PROD-461,Beauty,Skincare,5,47329.82,0.23,2121.54,Yes
ORD-100319,2023-09-24,2023-09-26,CUST-1159,PROD-350,Fashion,Men Clothing,1,16064.02,0.25,-1168.42,No
ORD-100320,2024-09-30,2024-10-04,CUST-1114,PROD-472,Home & Kitchen,Cookware,3,33886.73,0.15,-1017.18,No
ORD-100321,2023-07-24,2023-07-28,CUST-1016,PROD-340,Home & Kitchen,Furniture,5,34751.93,0.09,-1282.09,Yes
ORD-100322,2023-05-11,2023-05-13,CUST-1280,PROD-352,Home & Kitchen,Decor,3,49566.55,0.19,8469.21,No
ORD-100323,2023-05-01,2023-05-04,CUST-1047,PROD-240,Books,Education,1,14392.19,0.25,144.95,Yes
ORD-100324,2024-07-27,2024-07-28,CUST-1195,PROD-413,Books,Education,1,1829.31,0.29,13.58,No
ORD-100325,2024-02-25,2024-02-26,CUST-1227,PROD-446,Home & Kitchen,Decor,5,372.72,0.29,56.89,No
ORD-100326,2024-06-28,2024-07-03,CUST-1019,PROD-346,Beauty,Makeup,5,17078.67,0.2,1035.26,Yes
ORD-100327,2024-02-04,2024-02-09,CUST-1033,PROD-338,Electronics,Smartwatch,3,46658.62,0.25,-2659.03,Yes
ORD-100328,2024-04-30,2024-05-01,CUST-1159,PROD-390,Fashion,Women Clothing,4,46885.89,0.18,1105.09,Yes
ORD-100329,2023-01-22,2023-01-27,CUST-1155,PROD-489,Fashion,Men Clothing,1,46305.3,0.16,2725.26,No
ORD-100330,2023-07-25,2023-07-26,CUST-1028,PROD-296,Home & Kitchen,Decor,3,7009.0,0.24,79.05,No
ORD-100331,2023-08-19,2023-08-23,CUST-1065,PROD-298,Fashion,Women Clothing,2,31941.19,0.27,2364.23,No
ORD-100332,2024-04-07,2024-04-08,CUST-1135,PROD-252,Beauty,Makeup,5,3547.83,0.29,-184.84,No
ORD-100333,2024-11-16,2024-11-17,CUST-1072,PROD-466,Home & Kitchen,Cookware,2,36723.69,0.18,-1203.9,No
ORD-100334,2023-08-14,2023-08-17,CUST-1272,PROD-243,Beauty,Skincare,5,15673.26,0.09,73.04,Yes
ORD-100335,2023-10-11,2023-10-12,CUST-1263,PROD-300,Books,Fiction,2,39015.62,0.05,1300.24,No
ORD-100336,2023-03-18,2023-03-20,CUST-1246,PROD-235,Electronics,Laptop,1,36249.83,0.09,6116.5,Yes
ORD-100337,2023-04-26,2023-04-30,CUST-1085,PROD-337,Home & Kitchen,Furniture,1,6218.62,0.25,-103.85,Yes
ORD-100338,2024-01-21,2024-01-26,CUST-1001,PROD-254,Fashion,Women Clothing,3,49536.47,0.06,1145.54,No
ORD-100339,2024-11-27,2024-12-01,CUST-1266,PROD-278,Fashion,Men Clothing,1,18741.77,0.3,952.29,No
ORD-100340,2024-06-15,2024-06-19,CUST-1175,PROD-435,Beauty,Skincare,1,36303.53,0.21,7281.29,No
ORD-100341,2023-07-15,2023-07-16,CUST-1225,PROD-441,Fashion,Men Clothing,1,44515.57,0.03,4835.65,No
ORD-100342,2024-06-16,2024-06-19,CUST-1045,PROD-338,Electronics,Mobile,4,9448.99,0.14,2008.18,No
ORD-100343,2024-11-26,2024-11-30,CUST-1102,PROD-280,Beauty,Makeup,1,29592.34,0.15,955.97,No
ORD-100344,2024-01-06,2024-01-08,CUST-1060,PROD-438,Books,Education,1,48119.54,0.01,5558.05,No
ORD-100345,2024-08-21,2024-08-26,CUST-1055,PROD-308,Beauty,Skincare,4,46329.64,0.25,10433.43,No
ORD-100346,2024-08-24,2024-08-27,CUST-1025,PROD-401,Home & Kitchen,Decor,5,21774.25,0.29,3780.01,No
ORD-100347,2023-09-11,2023-09-14,CUST-1223,PROD-305,Home & Kitchen,Cookware,5,4846.25,0.24,730.38,No
ORD-100348,2024-04-06,2024-04-09,CUST-1046,PROD-239,Fashion,Footwear,1,13831.04,0.14,1815.06,No
ORD-100349,2024-06-30,2024-07-02,CUST-1248,PROD-439,Home & Kitchen,Decor,5,21144.3,0.25,4145.08,No
ORD-100350,2023-07-23,2023-07-27,CUST-1217,PROD-476,Books,Education,2,20157.2,0.06,4370.62,No
ORD-100351,2023-07-18,2023-07-20,CUST-1052,PROD-476,Beauty,Skincare,3,12940.69,0.17,218.58,No
ORD-100352,2024-04-19,2024-04-21,CUST-1159,PROD-274,Books,Fiction,2,18045.02,0.3,-1117.98,No
ORD-100353,2024-01-19,2024-01-21,CUST-1196,PROD-413,Beauty,Makeup,5,32735.94,0.05,-743.31,No
ORD-100354,2024-06-14,2024-06-15,CUST-1266,PROD-359,Home & Kitchen,Decor,1,26118.9,0.23,133.53,No
ORD-100355,2023-01-25,2023-01-28,CUST-1084,PROD-455,Electronics,Laptop,2,30496.18,0.05,6367.86,No
ORD-100356,2023-01-16,2023-01-20,CUST-1237,PROD-495,Beauty,Skincare,2,32866.81,0.05,7352.64,No
ORD-100357,2024-06-25,2024-06-27,CUST-1146,PROD-209,Beauty,Makeup,1,36991.96,0.04,7257.05,No
ORD-100358,2023-07-05,2023-07-06,CUST-1160,PROD-489,Home & Kitchen,Decor,3,32145.83,0.09,2129.26,No
ORD-100359,2023-06-09,2023-06-14,CUST-1234,PROD-217,Beauty,Skincare,1,24058.7,0.03,4930.96,Yes
ORD-100360,2023-12-15,2023-12-16,CUST-1088,PROD-275,Home & Kitchen,Decor,3,14296.05,0.03,277.77,No
ORD-100361,2024-12-24,2024-12-26,CUST-1070,PROD-406,Beauty,Skincare,4,18444.49,0.14,4575.45,No
ORD-100362,2023-09-27,2023-10-02,CUST-1215,PROD-463,Fashion,Footwear,5,5546.83,0.14,-418.25,Yes
ORD-100363,2023-03-18,2023-03-19,CUST-1139,PROD-363,Fashion,Footwear,4,42400.93,0.16,673.96,No
ORD-100364,2024-01-28,2024-02-01,CUST-1056,PROD-422,Electronics,Laptop,5,15020.16,0.16,-726.39,No
ORD-100365,2024-02-02,2024-02-03,CUST-1056,PROD-339,Books,Fiction,1,9571.75,0.21,-796.92,No
ORD-100366,2023-07-26,2023-07-29,CUST-1130,PROD-408,Books,Education,1,15987.2,0.08,-1063.31,No
ORD-100367,2023-11-11,2023-11-12,CUST-1296,PROD-393,Fashion,Women Clothing,1,38739.85,0.12,4230.31,No
ORD-100368,2023-12-22,2023-12-24,CUST-1157,PROD-495,Electronics,Laptop,5,6195.26,0.23,-489.39,No
ORD-100369,2024-12-11,2024-12-13,CUST-1148,PROD-474,Electronics,Headphones,2,12212.96,0.16,2463.12,No
ORD-100370,2023-06-16,2023-06-21,CUST-1142,PROD-412,Home & Kitchen,Furniture,4,47231.02,0.24,6811.22,Yes
ORD-100371,2023-03-25,2023-03-26,CUST-1189,PROD-218,Home & Kitchen,Decor,1,11806.31,0.03,2328.61,No
ORD-100372,2023-11-20,2023-11-25,CUST-1239,PROD-366,Beauty,Skincare,3,19115.0,0.14,4239.29,No
ORD-100373,2023-12-22,2023-12-23,CUST-1130,PROD-238,Fashion,Women Clothing,4,13445.82,0.29,2174.27,No
ORD-100374,2024-01-16,2024-01-19,CUST-1284,PROD-242,Beauty,Makeup,4,48321.5,0.25,6872.06,No
ORD-100375,2024-08-18,2024-08-22,CUST-1112,PROD-448,Electronics,Mobile,5,12047.54,0.21,2725.96,No
ORD-100376,2023-04-23,2023-04-24,CUST-1087,PROD-201,Books,Education,5,26113.87,0.16,1617.86,No
ORD-100377,2023-08-31,2023-09-05,CUST-1043,PROD-470,Books,Education,3,8605.24,0.2,1639.36,No
ORD-100378,2023-09-20,2023-09-24,CUST-1278,PROD-367,Home & Kitchen,Furniture,2,17249.21,0.09,1420.26,Yes
ORD-100379,2023-10-17,2023-10-21,CUST-1124,PROD-307,Electronics,Mobile,1,24481.54,0.14,1878.15,No
ORD-100380,2024-01-14,2024-01-18,CUST-1110,PROD-451,Fashion,Footwear,5,39787.74,0.2,1214.1,Yes
ORD-100381,2023-07-07,2023-07-12,CUST-1187,PROD-242,Beauty,Makeup,5,45476.38,0.03,2835.96,Yes
ORD-100382,2023-12-22,2023-12-24,CUST-1169,PROD-385,Fashion,Men Clothing,4,3340.17,0.23,498.56,No
ORD-100383,2024-09-15,2024-09-17,CUST-1277,PROD-304,Beauty,Makeup,2,25605.43,0.13,5789.21,No
ORD-100384,2024-02-24,2024-02-29,CUST-1231,PROD-371,Books,Education,5,23040.82,0.12,-1696.53,No
ORD-100385,2023-04-19,2023-04-21,CUST-1127,PROD-432,Fashion,Footwear,4,4877.51,0.21,1066.48,No
ORD-100386,2023-12-19,2023-12-24,CUST-1173,PROD-464,Books,Education,5,12890.93,0.09,2132.15,Yes
ORD-100387,2023-03-14,2023-03-18,CUST-1065,PROD-381,Books,Education,2,307.49,0.03,14.61,No
ORD-100388,2023-02-05,2023-02-08,CUST-1230,PROD-305,Electronics,Mobile,1,40383.91,0.13,9404.76,No
ORD-100389,2023-05-08,2023-05-11,CUST-1252,PROD-362,Electronics,Headphones,2,36407.15,0.26,2299.03,No
ORD-100390,2023-03-24,2023-03-28,CUST-1280,PROD-349,Fashion,Women Clothing,1,12988.33,0.25,2769.54,Yes
ORD-100391,2023-03-03,2023-03-04,CUST-1149,PROD-396,Fashion,Footwear,3,41802.56,0.27,-4016.95,No
ORD-100392,2023-12-26,2023-12-30,CUST-1099,PROD-461,Electronics,Smartwatch,1,19569.42,0.19,1660.19,Yes
ORD-100393,2024-01-04,2024-01-06,CUST-1234,PROD-382,Electronics,Smartwatch,2,2603.54,0.27,458.85,No
ORD-100394,2024-06-02,2024-06-06,CUST-1198,PROD-403,Fashion,Women Clothing,1,32243.44,0.06,342.86,No
ORD-100395,2023-08-08,2023-08-10,CUST-1130,PROD-276,Electronics,Laptop,5,43699.77,0.23,8549.79,No
ORD-100396,2023-02-08,2023-02-13,CUST-1176,PROD-242,Fashion,Men Clothing,5,42212.81,0.06,7707.72,No
ORD-100397,2024-04-19,2024-04-24,CUST-1247,PROD-348,Electronics,Smartwatch,3,30961.75,0.13,1901.73,No
ORD-100398,2023-12-04,2023-12-09,CUST-1246,PROD-275,Electronics,Smartwatch,3,29499.75,0.29,3834.0,No
ORD-100399,2024-12-15,2024-12-20,CUST-1107,PROD-453,Books,Fiction,1,39651.24,0.22,3731.87,No
ORD-100400,2024-01-08,2024-01-11,CUST-1232,PROD-317,Beauty,Makeup,4,4931.28,0.19,-151.42,No
ORD-100401,2024-12-19,2024-12-22,CUST-1110,PROD-330,Home & Kitchen,Cookware,5,45579.42,0.23,6947.09,Yes
ORD-100402,2023-05-13,2023-05-16,CUST-1075,PROD-451,Books,Fiction,2,20829.76,0.13,2100.94,No
ORD-100403,2023-03-31,2023-04-02,CUST-1119,PROD-383,Beauty,Makeup,5,36422.05,0.17,212.91,No
ORD-100404,2024-05-28,2024-05-31,CUST-1201,PROD-282,Electronics,Mobile,5,2306.75,0.24,-202.22,Yes
ORD-100405,2023-12-22,2023-12-25,CUST-1087,PROD-294,Books,Fiction,1,41768.05,0.01,3357.75,No
ORD-100406,2024-05-07,2024-05-10,CUST-1175,PROD-228,Home & Kitchen,Furniture,3,26013.61,0.14,2986.34,No
ORD-100407,2023-07-28,2023-07-29,CUST-1090,PROD-452,Fashion,Men Clothing,5,19467.45,0.19,4238.77,No
ORD-100408,2024-10-31,2024-11-05,CUST-1074,PROD-401,Beauty,Makeup,1,22820.55,0.18,-175.71,Yes
ORD-100409,2023-01-14,2023-01-15,CUST-1146,PROD-236,Electronics,Headphones,4,3840.65,0.22,86.5,No
ORD-100410,2024-10-18,2024-10-21,CUST-1032,PROD-316,Home & Kitchen,Cookware,2,40527.7,0.26,5951.58,Yes
ORD-100411,2024-10-01,2024-10-03,CUST-1249,PROD-250,Beauty,Makeup,2,1169.6,0.16,49.28,Yes
ORD-100412,2024-06-05,2024-06-07,CUST-1261,PROD-218,Beauty,Skincare,1,41213.0,0.04,-2459.32,Yes
ORD-100413,2023-05-23,2023-05-25,CUST-1078,PROD-397,Beauty,Skincare,4,1485.81,0.08,-94.17,No
ORD-100414,2024-11-11,2024-11-16,CUST-1166,PROD-293,Books,Education,1,24473.24,0.27,3161.89,No
ORD-100415,2023-07-05,2023-07-09,CUST-1091,PROD-304,Home & Kitchen,Furniture,1,1791.01,0.04,316.14,No
ORD-100416,2023-11-27,2023-11-29,CUST-1168,PROD-487,Electronics,Headphones,1,13488.5,0.03,638.03,No
ORD-100417,2024-05-19,2024-05-23,CUST-1221,PROD-407,Books,Fiction,5,48871.12,0.12,-2609.83,No
ORD-100418,2024-07-28,2024-07-31,CUST-1283,PROD-253,Fashion,Men Clothing,4,9183.9,0.1,658.31,No
ORD-100419,2024-03-12,2024-03-16,CUST-1034,PROD-266,Home & Kitchen,Furniture,5,18971.23,0.21,559.02,No
ORD-100420,2024-06-07,2024-06-11,CUST-1277,PROD-498,Home & Kitchen,Decor,5,39404.86,0.05,-151.74,Yes
ORD-100421,2024-04-03,2024-04-04,CUST-1095,PROD-214,Books,Education,3,8174.12,0.11,1810.41,No
ORD-100422,2023-12-26,2023-12-29,CUST-1293,PROD-393,Books,Fiction,2,5205.35,0.01,85.24,No
ORD-100423,2023-07-05,2023-07-09,CUST-1267,PROD-266,Fashion,Footwear,2,30647.76,0.28,6774.44,No
ORD-100424,2024-04-05,2024-04-07,CUST-1207,PROD-363,Home & Kitchen,Cookware,3,34493.98,0.0,5975.79,No
ORD-100425,2023-01-14,2023-01-18,CUST-1096,PROD-439,Fashion,Footwear,4,6642.97,0.17,1163.74,Yes
ORD-100426,2024-08-03,2024-08-05,CUST-1079,PROD-227,Beauty,Makeup,1,1755.94,0.27,-43.16,No
ORD-100427,2024-07-24,2024-07-26,CUST-1054,PROD-213,Beauty,Makeup,5,42598.98,0.07,-3049.35,Yes
ORD-100428,2024-07-24,2024-07-28,CUST-1300,PROD-453,Electronics,Laptop,4,30165.99,0.08,4280.36,No
ORD-100429,2024-03-18,2024-03-20,CUST-1264,PROD-449,Books,Fiction,5,27304.21,0.29,1695.98,Yes
ORD-100430,2023-08-08,2023-08-11,CUST-1286,PROD-451,Home & Kitchen,Decor,5,41565.67,0.26,9784.55,No
ORD-100431,2023-11-07,2023-11-09,CUST-1178,PROD-487,Home & Kitchen,Cookware,1,20577.11,0.28,1756.55,No
ORD-100432,2023-09-16,2023-09-19,CUST-1030,PROD-333,Books,Education,1,2061.31,0.19,164.43,Yes
ORD-100433,2023-07-10,2023-07-15,CUST-1098,PROD-207,Home & Kitchen,Cookware,2,42042.55,0.1,6929.98,Yes
ORD-100434,2024-05-04,2024-05-05,CUST-1097,PROD-470,Fashion,Men Clothing,3,22189.17,0.29,860.77,No
ORD-100435,2023-08-28,2023-08-30,CUST-1146,PROD-232,Books,Fiction,5,35667.31,0.11,2484.99,No
ORD-100436,2024-03-22,2024-03-23,CUST-1259,PROD-382,Beauty,Makeup,5,30222.88,0.21,3824.05,Yes
ORD-100437,2024-10-29,2024-11-03,CUST-1210,PROD-464,Beauty,Skincare,4,36766.65,0.17,2242.36,No
ORD-100438,2024-05-02,2024-05-06,CUST-1020,PROD-455,Electronics,Mobile,1,4232.71,0.18,674.94,Yes
ORD-100439,2024-08-02,2024-08-03,CUST-1119,PROD-412,Beauty,Makeup,4,26228.06,0.27,5878.88,No
ORD-100440,2024-10-18,2024-10-23,CUST-1220,PROD-217,Electronics,Mobile,5,38783.51,0.13,6021.49,No
ORD-100441,2023-04-09,2023-04-11,CUST-1121,PROD-314,Home & Kitchen,Furniture,2,17070.89,0.13,1673.42,No
ORD-100442,2023-01-22,2023-01-23,CUST-1090,PROD-366,Fashion,Men Clothing,2,13525.7,0.0,2754.03,Yes
ORD-100443,2024-05-04,2024-05-05,CUST-1032,PROD-370,Home & Kitchen,Furniture,3,43075.43,0.02,-1325.34,No
ORD-100444,2024-12-07,2024-12-11,CUST-1104,PROD-478,Fashion,Footwear,5,34343.49,0.03,-2300.84,No
ORD-100445,2023-08-30,2023-09-02,CUST-1180,PROD-232,Electronics,Mobile,3,39007.47,0.3,9492.24,Yes
ORD-100446,2024-05-11,2024-05-15,CUST-1284,PROD-275,Electronics,Smartwatch,2,41358.93,0.01,-1963.19,No
ORD-100447,2024-01-17,2024-01-19,CUST-1129,PROD-394,Fashion,Men Clothing,2,14115.68,0.28,1381.54,No
ORD-100448,2024-08-01,2024-08-02,CUST-1184,PROD-436,Books,Education,1,47015.58,0.13,5134.87,No
ORD-100449,2023-11-01,2023-11-02,CUST-1027,PROD-256,Fashion,Footwear,3,15222.78,0.26,1677.34,No
ORD-100450,2024-11-15,2024-11-20,CUST-1179,PROD-313,Home & Kitchen,Furniture,2,46993.85,0.1,9814.05,No
ORD-100451,2023-01-14,2023-01-16,CUST-1210,PROD-392,Beauty,Makeup,4,27391.7,0.07,297.98,No
ORD-100452,2024-12-23,2024-12-26,CUST-1196,PROD-421,Home & Kitchen,Cookware,1,1140.12,0.28,-14.1,No
ORD-100453,2023-08-08,2023-08-10,CUST-1085,PROD-244,Electronics,Laptop,4,34589.6,0.06,6359.0,Yes
ORD-100454,2024-02-10,2024-02-14,CUST-1193,PROD-483,Electronics,Headphones,1,29652.82,0.28,-1767.81,No
ORD-100455,2023-05-21,2023-05-25,CUST-1276,PROD-461,Home & Kitchen,Decor,5,6499.65,0.13,330.04,Yes
ORD-100456,2023-10-12,2023-10-15,CUST-1044,PROD-497,Fashion,Women Clothing,1,4720.1,0.29,-120.38,No
ORD-100457,2024-02-24,2024-02-27,CUST-1032,PROD-355,Books,Fiction,4,7087.15,0.27,112.3,Yes
ORD-100458,2024-11-16,2024-11-19,CUST-1189,PROD-499,Fashion,Men Clothing,2,26537.93,0.07,-370.01,Yes
ORD-100459,2024-03-17,2024-03-21,CUST-1066,PROD-404,Books,Fiction,3,22546.99,0.22,-435.38,No
ORD-100460,2023-04-30,2023-05-01,CUST-1078,PROD-249,Books,Fiction,5,22524.36,0.02,4503.37,No
ORD-100461,2023-04-14,2023-04-18,CUST-1227,PROD-352,Fashion,Footwear,4,4856.73,0.23,726.17,No
ORD-100462,2023-11-20,2023-11-24,CUST-1034,PROD-456,Home & Kitchen,Cookware,3,12372.72,0.13,-628.31,Yes
ORD-100463,2024-05-21,2024-05-26,CUST-1019,PROD-430,Home & Kitchen,Furniture,3,14801.52,0.19,500.67,No
ORD-100464,2023-05-08,2023-05-12,CUST-1163,PROD-339,Fashion,Footwear,2,24705.82,0.03,1916.6,Yes
ORD-100465,2024-07-04,2024-07-05,CUST-1040,PROD-254,Books,Fiction,3,23803.23,0.06,624.86,Yes
ORD-100466,2024-06-28,2024-06-29,CUST-1108,PROD-329,Electronics,Mobile,4,46012.67,0.12,-2310.16,No
ORD-100467,2023-04-09,2023-04-11,CUST-1062,PROD-376,Fashion,Women Clothing,3,20947.03,0.25,2622.36,Yes
ORD-100468,2024-01-22,2024-01-24,CUST-1154,PROD-396,Beauty,Makeup,5,24862.75,0.11,-1652.49,No
ORD-100469,2023-03-31,2023-04-01,CUST-1164,PROD-270,Books,Education,4,22972.05,0.13,1798.34,No
ORD-100470,2024-11-28,2024-11-30,CUST-1189,PROD-415,Fashion,Footwear,4,17509.6,0.28,-257.42,No
ORD-100471,2024-05-23,2024-05-27,CUST-1175,PROD-430,Beauty,Skincare,3,31238.7,0.08,4208.84,No
ORD-100472,2023-10-31,2023-11-01,CUST-1143,PROD-294,Home & Kitchen,Furniture,3,34006.63,0.26,2371.73,No
ORD-100473,2024-06-25,2024-06-29,CUST-1047,PROD-327,Beauty,Skincare,1,30141.36,0.02,3830.67,No
ORD-100474,2023-09-20,2023-09-25,CUST-1067,PROD-276,Beauty,Makeup,2,34060.3,0.1,6367.75,Yes
ORD-100475,2024-08-20,2024-08-24,CUST-1148,PROD-257,Fashion,Men Clothing,1,15945.88,0.01,1402.21,No
ORD-100476,2024-04-11,2024-04-16,CUST-1070,PROD-384,Books,Fiction,5,8521.18,0.02,-249.07,No
ORD-100477,2023-10-27,2023-10-28,CUST-1227,PROD-391,Electronics,Smartwatch,2,43849.62,0.11,2199.68,No
ORD-100478,2024-09-30,2024-10-02,CUST-1030,PROD-402,Fashion,Men Clothing,2,27445.57,0.08,991.8,No
ORD-100479,2024-11-11,2024-11-15,CUST-1288,PROD-339,Beauty,Makeup,4,3401.96,0.1,209.0,No
ORD-100480,2023-03-15,2023-03-16,CUST-1002,PROD-339,Books,Fiction,3,1777.79,0.3,195.7,Yes
ORD-100481,2023-01-21,2023-01-25,CUST-1015,PROD-416,Books,Education,1,11979.83,0.27,526.85,No
ORD-100482,2023-10-26,2023-10-31,CUST-1053,PROD-453,Home & Kitchen,Furniture,4,39635.91,0.22,698.37,Yes
ORD-100483,2024-03-15,2024-03-17,CUST-1090,PROD-328,Electronics,Mobile,5,40901.0,0.0,10191.67,No
ORD-100484,2024-02-11,2024-02-14,CUST-1216,PROD-297,Home & Kitchen,Furniture,3,27274.3,0.17,427.33,No
ORD-100485,2023-10-06,2023-10-10,CUST-1258,PROD-303,Beauty,Makeup,2,31339.51,0.2,6184.56,No
ORD-100486,2024-08-29,2024-08-30,CUST-1182,PROD-460,Home & Kitchen,Decor,4,33396.12,0.21,-816.99,No
ORD-100487,2024-01-26,2024-01-28,CUST-1105,PROD-273,Books,Education,2,49123.98,0.07,-293.34,No
ORD-100488,2024-03-04,2024-03-06,CUST-1014,PROD-205,Electronics,Smartwatch,3,43710.73,0.15,8484.89,No
ORD-100489,2024-12-13,2024-12-14,CUST-1270,PROD-260,Books,Education,1,27855.57,0.15,669.37,No
ORD-100490,2023-01-11,2023-01-15,CUST-1254,PROD-448,Books,Education,3,27448.31,0.06,1719.15,No
ORD-100491,2023-05-05,2023-05-06,CUST-1081,PROD-335,Fashion,Men Clothing,2,30247.42,0.09,2274.32,No
ORD-100492,2024-08-02,2024-08-05,CUST-1298,PROD-497,Fashion,Women Clothing,2,13122.42,0.08,-190.91,Yes
ORD-100493,2023-09-30,2023-10-01,CUST-1039,PROD-328,Home & Kitchen,Decor,1,22153.98,0.13,-1240.73,No
ORD-100494,2023-04-30,2023-05-05,CUST-1017,PROD-422,Books,Education,1,43646.1,0.0,2086.36,No
ORD-100495,2023-07-28,2023-07-29,CUST-1164,PROD-315,Books,Education,5,39540.11,0.24,1337.72,No
ORD-100496,2024-12-16,2024-12-20,CUST-1158,PROD-389,Fashion,Footwear,4,25558.51,0.18,-908.25,No
ORD-100497,2023-01-23,2023-01-26,CUST-1231,PROD-357,Electronics,Smartwatch,1,10515.69,0.21,2117.67,No
ORD-100498,2024-10-05,2024-10-07,CUST-1002,PROD-252,Beauty,Makeup,5,9626.91,0.19,2076.15,Yes
ORD-100499,2024-02-07,2024-02-11,CUST-1209,PROD-232,Electronics,Laptop,4,1333.01,0.05,185.87,No
ORD-100500,2024-08-26,2024-08-28,CUST-1089,PROD-345,Beauty,Makeup,5,16313.19,0.28,-855.4,No
ORD-100501,2024-05-13,2024-05-15,CUST-1035,PROD-416,Books,Fiction,1,17386.0,0.06,2178.0,No
ORD-100502,2024-05-15,2024-05-18,CUST-1245,PROD-217,Books,Fiction,2,13953.23,0.27,-169.02,No
ORD-100503,2024-10-06,2024-10-11,CUST-1041,PROD-453,Beauty,Makeup,1,19719.04,0.1,975.57,No
ORD-100504,2024-05-11,2024-05-12,CUST-1278,PROD-200,Books,Education,5,11403.29,0.21,-947.68,Yes
ORD-100505,2023-04-02,2023-04-06,CUST-1064,PROD-369,Electronics,Laptop,1,2958.56,0.1,-263.72,No
ORD-100506,2024-06-23,2024-06-28,CUST-1240,PROD-314,Electronics,Headphones,5,19716.63,0.3,1698.73,No
ORD-100507,2023-09-19,2023-09-23,CUST-1293,PROD-370,Home & Kitchen,Cookware,4,20605.44,0.24,-1783.41,No
ORD-100508,2024-01-05,2024-01-09,CUST-1011,PROD-202,Home & Kitchen,Cookware,4,34435.98,0.26,-217.81,No
ORD-100509,2023-04-12,2023-04-17,CUST-1090,PROD-451,Books,Fiction,5,8824.16,0.15,1062.8,No
ORD-100510,2023-02-07,2023-02-08,CUST-1229,PROD-297,Fashion,Men Clothing,3,25910.68,0.26,2677.4,No
ORD-100511,2024-07-15,2024-07-16,CUST-1060,PROD-448,Books,Education,1,37141.69,0.05,6352.91,No
ORD-100512,2024-08-11,2024-08-15,CUST-1048,PROD-316,Fashion,Men Clothing,4,4976.63,0.29,278.68,Yes
ORD-100513,2024-04-23,2024-04-28,CUST-1107,PROD-471,Books,Fiction,5,36075.17,0.29,6929.19,Yes
ORD-100514,2024-02-22,2024-02-25,CUST-1229,PROD-227,Fashion,Women Clothing,3,32550.85,0.17,6642.29,No
ORD-100515,2024-11-15,2024-11-17,CUST-1119,PROD-482,Home & Kitchen,Cookware,5,10310.79,0.06,1700.63,No
ORD-100516,2024-12-19,2024-12-21,CUST-1126,PROD-327,Fashion,Footwear,3,11340.98,0.11,2460.61,No
ORD-100517,2023-10-10,2023-10-14,CUST-1085,PROD-337,Books,Fiction,3,6194.05,0.25,981.54,Yes
ORD-100518,2023-08-17,2023-08-18,CUST-1186,PROD-401,Electronics,Headphones,4,3512.86,0.22,577.47,No
ORD-100519,2024-12-27,2025-01-01,CUST-1058,PROD-410,Books,Fiction,1,27737.88,0.05,6876.82,Yes
ORD-100520,2023-02-03,2023-02-05,CUST-1226,PROD-341,Home & Kitchen,Cookware,3,21314.77,0.23,2924.61,No
ORD-100521,2024-07-08,2024-07-13,CUST-1157,PROD-294,Home & Kitchen,Decor,2,7258.57,0.23,467.03,Yes
ORD-100522,2024-03-04,2024-03-06,CUST-1133,PROD-346,Home & Kitchen,Furniture,3,11355.0,0.01,824.3,No
ORD-100523,2023-02-18,2023-02-20,CUST-1231,PROD-305,Electronics,Headphones,4,1348.0,0.13,293.66,No
ORD-100524,2024-11-06,2024-11-08,CUST-1260,PROD-406,Electronics,Laptop,2,6204.98,0.04,137.78,No
ORD-100525,2024-02-10,2024-02-13,CUST-1259,PROD-212,Home & Kitchen,Cookware,1,47074.35,0.12,3265.22,No
ORD-100526,2023-07-07,2023-07-11,CUST-1177,PROD-402,Electronics,Mobile,5,22234.49,0.28,1064.88,Yes
ORD-100527,2024-03-20,2024-03-21,CUST-1220,PROD-343,Home & Kitchen,Decor,1,33150.11,0.23,-2355.42,No
ORD-100528,2024-02-11,2024-02-12,CUST-1193,PROD-402,Electronics,Headphones,1,24126.66,0.1,1108.14,No
ORD-100529,2024-09-05,2024-09-09,CUST-1257,PROD-484,Home & Kitchen,Cookware,1,13530.82,0.15,201.27,No
ORD-100530,2023-07-20,2023-07-23,CUST-1153,PROD-473,Home & Kitchen,Cookware,4,14139.4,0.1,1003.02,No
ORD-100531,2023-01-15,2023-01-19,CUST-1043,PROD-375,Electronics,Headphones,3,11405.84,0.27,1773.18,No
ORD-100532,2024-10-05,2024-10-08,CUST-1024,PROD-454,Home & Kitchen,Furniture,1,31072.01,0.16,-749.69,No
ORD-100533,2024-09-05,2024-09-06,CUST-1070,PROD-354,Electronics,Laptop,2,32888.03,0.27,241.64,Yes
ORD-100534,2024-06-26,2024-06-27,CUST-1262,PROD-423,Fashion,Women Clothing,1,45906.99,0.19,5968.73,No
ORD-100535,2023-12-04,2023-12-09,CUST-1284,PROD-365,Books,Fiction,4,47660.36,0.01,-3997.45,No
ORD-100536,2023-02-10,2023-02-15,CUST-1247,PROD-296,Beauty,Makeup,5,42717.22,0.1,984.17,No
ORD-100537,2023-04-13,2023-04-18,CUST-1069,PROD-414,Electronics,Smartwatch,3,19388.1,0.16,-847.64,No
ORD-100538,2024-03-06,2024-03-11,CUST-1192,PROD-225,Electronics,Headphones,2,2013.18,0.06,147.55,No
ORD-100539,2024-07-17,2024-07-18,CUST-1255,PROD-321,Electronics,Mobile,3,24676.38,0.07,1395.66,No
ORD-100540,2024-07-14,2024-07-19,CUST-1213,PROD-383,Electronics,Headphones,1,3258.25,0.01,216.02,No
ORD-100541,2024-01-05,2024-01-09,CUST-1198,PROD-410,Fashion,Women Clothing,2,44849.29,0.2,7343.56,Yes
ORD-100542,2023-05-20,2023-05-23,CUST-1235,PROD-386,Books,Fiction,5,32001.76,0.06,1140.73,No
ORD-100543,2024-03-17,2024-03-21,CUST-1050,PROD-488,Electronics,Headphones,1,1359.95,0.11,-20.5,No
ORD-100544,2024-04-17,2024-04-20,CUST-1027,PROD-239,Books,Fiction,3,1276.25,0.07,68.01,No
ORD-100545,2023-11-03,2023-11-07,CUST-1120,PROD-233,Fashion,Footwear,1,7510.85,0.23,1075.59,No
ORD-100546,2024-03-18,2024-03-23,CUST-1223,PROD-364,Home & Kitchen,Decor,2,30647.78,0.22,-2263.58,No
ORD-100547,2024-04-28,2024-04-29,CUST-1243,PROD-254,Beauty,Skincare,3,37877.32,0.26,5669.29,No
ORD-100548,2024-06-28,2024-06-30,CUST-1249,PROD-228,Fashion,Men Clothing,3,30162.01,0.18,1395.16,No
ORD-100549,2024-01-18,2024-01-21,CUST-1193,PROD-347,Electronics,Headphones,3,4588.79,0.16,-356.17,No
ORD-100550,2024-05-16,2024-05-18,CUST-1236,PROD-392,Beauty,Makeup,4,18403.8,0.23,561.4,No
ORD-100551,2023-11-22,2023-11-27,CUST-1174,PROD-294,Beauty,Makeup,4,27889.69,0.22,6560.56,No
ORD-100552,2023-10-17,2023-10-22,CUST-1295,PROD-374,Fashion,Footwear,4,17674.1,0.11,-806.99,No
ORD-100553,2024-07-10,2024-07-15,CUST-1114,PROD-351,Books,Education,4,3832.91,0.09,-91.07,Yes
ORD-100554,2024-12-01,2024-12-05,CUST-1161,PROD-203,Home & Kitchen,Cookware,4,31359.04,0.2,2789.76,No
ORD-100555,2023-07-13,2023-07-14,CUST-1231,PROD-348,Books,Fiction,5,33738.42,0.17,7479.1,No
ORD-100556,2023-09-29,2023-10-03,CUST-1283,PROD-406,Beauty,Makeup,3,16297.41,0.25,-1188.89,No
ORD-100557,2024-04-27,2024-05-02,CUST-1226,PROD-268,Books,Fiction,5,40624.72,0.05,6290.89,No
ORD-100558,2024-08-18,2024-08-23,CUST-1217,PROD-350,Beauty,Skincare,2,38047.93,0.3,-1616.78,Yes
ORD-100559,2024-09-09,2024-09-12,CUST-1132,PROD-301,Fashion,Women Clothing,2,44247.2,0.28,3729.42,No
ORD-100560,2023-10-27,2023-11-01,CUST-1249,PROD-233,Fashion,Women Clothing,4,12321.47,0.12,1776.48,No
ORD-100561,2023-07-18,2023-07-22,CUST-1267,PROD-226,Home & Kitchen,Furniture,4,14924.77,0.01,57.78,No
ORD-100562,2024-05-26,2024-05-31,CUST-1222,PROD-450,Beauty,Skincare,3,2702.13,0.15,483.23,No
ORD-100563,2023-03-28,2023-03-29,CUST-1040,PROD-489,Electronics,Smartwatch,4,46022.87,0.04,4086.43,No
ORD-100564,2023-08-06,2023-08-11,CUST-1032,PROD-258,Beauty,Makeup,2,16762.74,0.23,3515.93,No
ORD-100565,2023-12-04,2023-12-08,CUST-1103,PROD-286,Beauty,Makeup,4,11865.9,0.22,-139.74,Yes
ORD-100566,2024-05-24,2024-05-28,CUST-1080,PROD-374,Electronics,Headphones,3,19386.68,0.24,1631.28,No
ORD-100567,2023-05-23,2023-05-28,CUST-1170,PROD-451,Fashion,Footwear,2,6803.1,0.13,399.2,No
ORD-100568,2024-09-20,2024-09-22,CUST-1129,PROD-360,Books,Education,4,8242.04,0.2,1881.92,No
ORD-100569,2023-03-16,2023-03-17,CUST-1224,PROD-272,Home & Kitchen,Furniture,4,25402.62,0.27,2579.88,Yes
ORD-100570,2023-04-11,2023-04-14,CUST-1295,PROD-289,Home & Kitchen,Cookware,5,26591.6,0.09,-2114.76,Yes
ORD-100571,2023-09-05,2023-09-10,CUST-1233,PROD-427,Books,Education,4,9838.64,0.01,177.56,No
ORD-100572,2024-04-16,2024-04-21,CUST-1242,PROD-298,Electronics,Headphones,2,6652.08,0.14,728.52,No
ORD-100573,2023-10-20,2023-10-21,CUST-1296,PROD-431,Electronics,Smartwatch,5,4940.91,0.22,411.0,No
ORD-100574,2024-03-04,2024-03-07,CUST-1290,PROD-208,Electronics,Laptop,2,23495.38,0.19,-1994.85,No
ORD-100575,2024-09-06,2024-09-09,CUST-1110,PROD-413,Fashion,Footwear,5,29551.39,0.08,614.34,No
ORD-100576,2023-12-27,2023-12-28,CUST-1103,PROD-227,Home & Kitchen,Furniture,5,30857.11,0.26,-1231.33,No
ORD-100577,2024-09-14,2024-09-19,CUST-1006,PROD-205,Fashion,Men Clothing,4,23529.27,0.25,-349.89,Yes
ORD-100578,2024-07-02,2024-07-04,CUST-1090,PROD-202,Electronics,Mobile,5,33515.5,0.29,-2722.4,No
ORD-100579,2023-01-13,2023-01-18,CUST-1084,PROD-388,Beauty,Makeup,4,37869.27,0.19,-813.28,No
ORD-100580,2024-02-02,2024-02-03,CUST-1240,PROD-420,Electronics,Laptop,1,24820.14,0.29,-313.71,No
ORD-100581,2024-08-01,2024-08-03,CUST-1096,PROD-265,Books,Education,3,30176.4,0.03,-2947.08,No
ORD-100582,2024-02-27,2024-02-28,CUST-1269,PROD-437,Home & Kitchen,Cookware,5,33442.21,0.15,6641.81,No
ORD-100583,2024-01-12,2024-01-13,CUST-1145,PROD-332,Beauty,Skincare,2,9162.16,0.07,1505.8,Yes
ORD-100584,2023-11-17,2023-11-19,CUST-1128,PROD-357,Books,Fiction,4,38689.43,0.15,999.87,No
ORD-100585,2023-02-22,2023-02-23,CUST-1013,PROD-258,Electronics,Headphones,1,33087.92,0.26,6866.81,No
ORD-100586,2023-05-09,2023-05-14,CUST-1167,PROD-369,Home & Kitchen,Furniture,1,9766.59,0.01,741.93,Yes
ORD-100587,2023-09-17,2023-09-18,CUST-1004,PROD-227,Beauty,Makeup,5,7415.68,0.25,-172.13,No
ORD-100588,2023-09-05,2023-09-07,CUST-1106,PROD-217,Beauty,Makeup,3,10963.17,0.14,-809.91,Yes
ORD-100589,2023-08-17,2023-08-22,CUST-1275,PROD-348,Home & Kitchen,Decor,4,38040.86,0.09,3059.93,No
ORD-100590,2023-04-10,2023-04-12,CUST-1243,PROD-476,Home & Kitchen,Cookware,2,18611.56,0.14,2980.8,No
ORD-100591,2023-07-12,2023-07-14,CUST-1162,PROD-266,Electronics,Smartwatch,5,3514.11,0.0,62.55,No
ORD-100592,2024-05-01,2024-05-03,CUST-1027,PROD-394,Electronics,Mobile,4,48709.84,0.3,6986.2,Yes
ORD-100593,2024-08-20,2024-08-24,CUST-1258,PROD-204,Beauty,Skincare,4,32994.67,0.01,-43.11,No
ORD-100594,2023-04-07,2023-04-10,CUST-1192,PROD-287,Books,Fiction,3,32008.21,0.03,6040.74,No
ORD-100595,2023-02-02,2023-02-03,CUST-1031,PROD-308,Books,Education,3,19057.12,0.09,3492.24,No
ORD-100596,2024-08-29,2024-08-30,CUST-1098,PROD-270,Beauty,Makeup,2,15543.61,0.03,-273.32,No
ORD-100597,2023-03-31,2023-04-05,CUST-1215,PROD-302,Fashion,Men Clothing,2,22001.18,0.25,4625.65,No
ORD-100598,2023-03-08,2023-03-13,CUST-1014,PROD-341,Home & Kitchen,Furniture,1,28409.75,0.05,6172.9,Yes
ORD-100599,2024-02-24,2024-02-29,CUST-1111,PROD-279,Books,Education,4,7795.08,0.27,366.56,No
ORD-100600,2023-03-05,2023-03-10,CUST-1255,PROD-454,Home & Kitchen,Cookware,3,14082.12,0.24,-116.85,No
ORD-100601,2023-03-18,2023-03-19,CUST-1064,PROD-331,Electronics,Smartwatch,5,6682.12,0.25,-437.6,No
ORD-100602,2024-09-02,2024-09-04,CUST-1044,PROD-241,Electronics,Mobile,4,49996.07,0.11,9595.17,No
ORD-100603,2023-07-23,2023-07-25,CUST-1251,PROD-324,Books,Education,5,15157.98,0.24,3325.2,Yes
ORD-100604,2023-02-23,2023-02-27,CUST-1265,PROD-223,Fashion,Men Clothing,2,38337.46,0.1,7576.7,No
ORD-100605,2023-06-01,2023-06-05,CUST-1201,PROD-470,Home & Kitchen,Decor,1,25348.45,0.28,-256.11,No
ORD-100606,2023-10-24,2023-10-28,CUST-1089,PROD-381,Books,Education,3,46851.05,0.19,2179.55,Yes
ORD-100607,2023-01-20,2023-01-21,CUST-1047,PROD-433,Home & Kitchen,Cookware,4,19400.02,0.28,-655.4,No
ORD-100608,2023-12-29,2024-01-03,CUST-1195,PROD-204,Home & Kitchen,Decor,5,18895.19,0.05,1425.95,No
ORD-100609,2023-03-02,2023-03-04,CUST-1119,PROD-238,Books,Education,4,46962.66,0.25,7248.01,No
ORD-100610,2024-10-10,2024-10-15,CUST-1072,PROD-249,Electronics,Mobile,2,15605.87,0.01,1513.11,Yes
ORD-100611,2023-06-13,2023-06-18,CUST-1077,PROD-497,Books,Education,1,30896.98,0.06,3903.65,No
ORD-100612,2024-09-08,2024-09-12,CUST-1295,PROD-386,Home & Kitchen,Cookware,2,29864.96,0.2,566.9,No
ORD-100613,2024-07-28,2024-07-30,CUST-1239,PROD-276,Home & Kitchen,Decor,2,39857.35,0.17,6967.92,No
ORD-100614,2023-12-10,2023-12-14,CUST-1164,PROD-355,Home & Kitchen,Decor,5,18433.48,0.07,367.14,No
ORD-100615,2024-02-01,2024-02-05,CUST-1243,PROD-482,Fashion,Men Clothing,5,26038.71,0.1,4359.63,No
ORD-100616,2023-04-08,2023-04-10,CUST-1202,PROD-491,Home & Kitchen,Decor,4,7847.62,0.18,180.47,No
ORD-100617,2023-12-30,2024-01-03,CUST-1154,PROD-338,Electronics,Smartwatch,1,24525.74,0.21,-2013.53,No
ORD-100618,2023-05-22,2023-05-27,CUST-1218,PROD-499,Fashion,Men Clothing,3,8240.19,0.17,1934.86,No
ORD-100619,2024-06-16,2024-06-21,CUST-1069,PROD-498,Beauty,Makeup,2,9716.48,0.1,1237.52,No
ORD-100620,2023-03-14,2023-03-18,CUST-1028,PROD-366,Fashion,Women Clothing,1,7758.72,0.04,-434.03,No
ORD-100621,2024-12-01,2024-12-06,CUST-1143,PROD-406,Fashion,Men Clothing,5,8518.23,0.25,138.9,Yes
ORD-100622,2023-03-11,2023-03-12,CUST-1123,PROD-250,Home & Kitchen,Furniture,3,393.62,0.3,-15.79,No
ORD-100623,2024-05-11,2024-05-14,CUST-1076,PROD-469,Fashion,Men Clothing,4,12978.3,0.3,-164.65,No
ORD-100624,2023-01-24,2023-01-29,CUST-1266,PROD-414,Fashion,Footwear,1,27986.35,0.28,-583.32,No
ORD-100625,2024-10-31,2024-11-02,CUST-1143,PROD-299,Books,Education,4,40239.11,0.25,8172.12,No
ORD-100626,2023-11-01,2023-11-05,CUST-1175,PROD-440,Electronics,Laptop,2,49218.99,0.15,915.81,No
ORD-100627,2023-02-15,2023-02-19,CUST-1118,PROD-416,Books,Education,1,24396.92,0.29,2555.36,No
ORD-100628,2024-12-23,2024-12-26,CUST-1260,PROD-454,Home & Kitchen,Furniture,3,20792.8,0.26,2325.53,Yes
ORD-100629,2023-12-06,2023-12-07,CUST-1102,PROD-395,Fashion,Women Clothing,2,27072.42,0.18,6354.22,No
ORD-100630,2023-09-14,2023-09-17,CUST-1019,PROD-392,Electronics,Smartwatch,5,12553.76,0.12,1421.09,No
ORD-100631,2024-04-18,2024-04-23,CUST-1060,PROD-352,Electronics,Laptop,1,3710.55,0.19,920.88,No
ORD-100632,2023-02-08,2023-02-10,CUST-1229,PROD-387,Electronics,Headphones,2,22805.89,0.07,-1475.85,Yes
ORD-100633,2023-05-08,2023-05-12,CUST-1108,PROD-266,Home & Kitchen,Decor,2,39924.23,0.01,-3020.01,No
ORD-100634,2024-07-07,2024-07-08,CUST-1183,PROD-308,Home & Kitchen,Cookware,1,11651.54,0.1,384.88,No
ORD-100635,2023-08-26,2023-08-30,CUST-1210,PROD-493,Beauty,Skincare,1,5236.54,0.07,380.78,No
ORD-100636,2024-05-21,2024-05-23,CUST-1217,PROD-264,Electronics,Laptop,4,23222.18,0.11,401.9,No
ORD-100637,2023-04-01,2023-04-02,CUST-1140,PROD-325,Beauty,Skincare,4,45766.44,0.13,11362.41,Yes
ORD-100638,2023-11-08,2023-11-12,CUST-1023,PROD-212,Home & Kitchen,Furniture,2,29904.52,0.14,4744.21,No
ORD-100639,2023-08-05,2023-08-10,CUST-1223,PROD-315,Fashion,Footwear,5,26374.49,0.13,-1973.5,No
ORD-100640,2024-04-22,2024-04-24,CUST-1095,PROD-342,Books,Education,3,34167.77,0.28,6903.42,Yes
ORD-100641,2024-04-08,2024-04-10,CUST-1237,PROD-497,Fashion,Men Clothing,3,28854.38,0.2,5564.55,No
ORD-100642,2023-06-26,2023-06-28,CUST-1028,PROD-202,Fashion,Footwear,1,32548.4,0.05,-2528.72,No
ORD-100643,2024-05-13,2024-05-18,CUST-1169,PROD-326,Beauty,Makeup,2,47440.33,0.01,8158.81,No
ORD-100644,2024-11-07,2024-11-08,CUST-1179,PROD-434,Electronics,Laptop,3,37010.69,0.09,8722.01,No
ORD-100645,2024-08-21,2024-08-25,CUST-1099,PROD-346,Home & Kitchen,Cookware,4,30860.54,0.22,1884.13,Yes
ORD-100646,2023-06-28,2023-06-29,CUST-1186,PROD-336,Books,Fiction,3,11393.85,0.28,1870.49,Yes
ORD-100647,2024-12-26,2024-12-28,CUST-1219,PROD-212,Home & Kitchen,Furniture,3,21071.35,0.02,3307.64,No
ORD-100648,2024-12-31,2025-01-01,CUST-1081,PROD-399,Electronics,Mobile,1,8885.14,0.12,1328.73,No
ORD-100649,2023-08-11,2023-08-12,CUST-1212,PROD-349,Home & Kitchen,Cookware,2,13459.51,0.06,3170.95,No
ORD-100650,2023-11-11,2023-11-15,CUST-1126,PROD-441,Electronics,Headphones,3,1605.73,0.24,357.28,Yes
ORD-100651,2024-12-15,2024-12-17,CUST-1026,PROD-450,Fashion,Footwear,4,7897.66,0.09,590.81,No
ORD-100652,2024-05-13,2024-05-14,CUST-1185,PROD-369,Home & Kitchen,Decor,1,14602.44,0.18,-1354.14,No
ORD-100653,2023-09-01,2023-09-04,CUST-1042,PROD-320,Home & Kitchen,Furniture,4,7827.88,0.06,-410.04,No
ORD-100654,2024-10-04,2024-10-07,CUST-1118,PROD-285,Books,Fiction,4,19960.89,0.03,4514.36,No
ORD-100655,2023-12-19,2023-12-23,CUST-1040,PROD-421,Fashion,Women Clothing,3,46749.4,0.04,-1231.29,Yes
ORD-100656,2024-11-03,2024-11-05,CUST-1027,PROD-359,Electronics,Laptop,3,8911.13,0.15,-59.92,Yes
ORD-100657,2023-04-04,2023-04-05,CUST-1149,PROD-237,Books,Fiction,3,39226.75,0.27,-1376.81,Yes
ORD-100658,2024-08-01,2024-08-06,CUST-1201,PROD-385,Home & Kitchen,Decor,3,40081.95,0.24,-274.97,No
ORD-100659,2024-04-27,2024-04-30,CUST-1203,PROD-323,Fashion,Footwear,5,4433.91,0.0,933.48,No
ORD-100660,2023-09-16,2023-09-21,CUST-1042,PROD-462,Electronics,Mobile,3,13014.19,0.26,675.71,Yes
ORD-100661,2023-11-01,2023-11-03,CUST-1177,PROD-327,Beauty,Skincare,1,44799.69,0.06,-4356.72,No
ORD-100662,2023-05-22,2023-05-23,CUST-1013,PROD-419,Electronics,Mobile,5,38824.02,0.13,-3840.14,Yes
ORD-100663,2024-12-19,2024-12-20,CUST-1077,PROD-311,Fashion,Men Clothing,3,8756.87,0.16,-862.48,No
ORD-100664,2024-04-06,2024-04-10,CUST-1093,PROD-282,Home & Kitchen,Decor,5,2285.4,0.14,87.62,Yes
ORD-100665,2023-01-16,2023-01-21,CUST-1274,PROD-217,Beauty,Skincare,5,31679.63,0.16,1943.97,Yes
ORD-100666,2023-07-07,2023-07-12,CUST-1203,PROD-286,Home & Kitchen,Cookware,4,8541.6,0.08,-233.53,No
ORD-100667,2024-09-03,2024-09-07,CUST-1056,PROD-379,Home & Kitchen,Cookware,5,31072.61,0.11,3263.98,Yes
ORD-100668,2024-11-11,2024-11-13,CUST-1183,PROD-483,Beauty,Skincare,4,12743.03,0.27,281.1,No
ORD-100669,2023-05-07,2023-05-12,CUST-1227,PROD-429,Electronics,Headphones,5,25283.17,0.04,1418.56,No
ORD-100670,2023-05-13,2023-05-18,CUST-1283,PROD-201,Beauty,Skincare,4,22928.34,0.05,5285.86,No
ORD-100671,2024-08-27,2024-08-29,CUST-1096,PROD-283,Beauty,Skincare,3,49521.27,0.02,-2759.08,No
ORD-100672,2024-07-26,2024-07-29,CUST-1278,PROD-482,Home & Kitchen,Furniture,2,18688.3,0.16,-1351.95,No
ORD-100673,2024-10-26,2024-10-29,CUST-1197,PROD-405,Books,Fiction,1,46768.9,0.1,-162.97,Yes
ORD-100674,2024-04-15,2024-04-18,CUST-1096,PROD-247,Home & Kitchen,Furniture,2,30123.01,0.09,4667.29,No
ORD-100675,2024-04-02,2024-04-06,CUST-1229,PROD-328,Electronics,Smartwatch,4,49424.59,0.11,8054.76,No
ORD-100676,2024-04-04,2024-04-07,CUST-1007,PROD-446,Books,Education,5,14315.14,0.05,1480.63,Yes
ORD-100677,2023-10-05,2023-10-07,CUST-1266,PROD-410,Beauty,Makeup,2,23151.2,0.14,43.76,Yes
ORD-100678,2023-12-03,2023-12-04,CUST-1221,PROD-231,Electronics,Mobile,3,23391.07,0.13,4098.85,No
ORD-100679,2024-07-21,2024-07-22,CUST-1153,PROD-479,Beauty,Skincare,2,49223.73,0.05,10325.57,No
ORD-100680,2023-11-15,2023-11-19,CUST-1083,PROD-417,Fashion,Men Clothing,4,10660.46,0.02,2347.38,No
ORD-100681,2024-02-16,2024-02-19,CUST-1002,PROD-327,Books,Fiction,4,15724.69,0.16,-1215.33,Yes
ORD-100682,2023-10-30,2023-11-01,CUST-1190,PROD-359,Electronics,Laptop,1,13175.5,0.1,313.18,Yes
ORD-100683,2024-11-06,2024-11-09,CUST-1122,PROD-311,Beauty,Makeup,4,32866.78,0.02,7523.22,No
ORD-100684,2024-05-16,2024-05-19,CUST-1070,PROD-204,Fashion,Women Clothing,5,3650.76,0.06,186.29,Yes
ORD-100685,2024-06-07,2024-06-08,CUST-1068,PROD-468,Fashion,Women Clothing,2,28013.53,0.0,-2627.21,Yes
ORD-100686,2024-12-29,2025-01-03,CUST-1176,PROD-257,Electronics,Mobile,5,11753.16,0.27,801.94,No
ORD-100687,2024-08-11,2024-08-14,CUST-1173,PROD-324,Electronics,Laptop,2,23581.82,0.2,676.6,No
ORD-100688,2023-01-01,2023-01-03,CUST-1133,PROD-280,Fashion,Men Clothing,5,3925.12,0.2,142.87,No
ORD-100689,2023-01-25,2023-01-28,CUST-1157,PROD-344,Beauty,Skincare,3,37388.81,0.27,-1320.7,No
ORD-100690,2024-09-21,2024-09-26,CUST-1140,PROD-440,Electronics,Headphones,2,48850.66,0.06,-4319.58,No
ORD-100691,2023-03-21,2023-03-25,CUST-1109,PROD-395,Fashion,Men Clothing,2,47831.4,0.09,6152.51,No
ORD-100692,2023-07-22,2023-07-23,CUST-1188,PROD-472,Books,Education,4,2072.98,0.15,3.42,No
ORD-100693,2024-06-23,2024-06-25,CUST-1160,PROD-246,Electronics,Headphones,4,29686.14,0.13,6407.77,No
ORD-100694,2024-09-07,2024-09-10,CUST-1048,PROD-430,Beauty,Makeup,1,16464.57,0.21,1800.4,Yes
ORD-100695,2023-04-07,2023-04-12,CUST-1055,PROD-416,Books,Education,4,21543.06,0.03,2408.14,No
ORD-100696,2024-08-25,2024-08-26,CUST-1148,PROD-482,Books,Education,3,32453.64,0.19,-146.33,No
ORD-100697,2023-08-22,2023-08-25,CUST-1167,PROD-286,Electronics,Laptop,5,16396.78,0.13,712.42,Yes
ORD-100698,2023-03-10,2023-03-12,CUST-1271,PROD-307,Beauty,Skincare,4,25853.11,0.18,5395.75,Yes
ORD-100699,2024-05-23,2024-05-27,CUST-1049,PROD-239,Books,Education,1,15737.85,0.15,3857.42,No
ORD-100700,2023-10-13,2023-10-16,CUST-1064,PROD-454,Beauty,Makeup,1,1958.27,0.03,372.21,Yes
ORD-100701,2023-05-04,2023-05-09,CUST-1164,PROD-261,Books,Education,5,28522.69,0.22,1206.12,No
ORD-100702,2023-05-30,2023-06-03,CUST-1250,PROD-311,Fashion,Men Clothing,3,27812.18,0.2,4783.29,No
ORD-100703,2024-07-03,2024-07-07,CUST-1257,PROD-267,Home & Kitchen,Furniture,4,39270.86,0.09,617.06,No
ORD-100704,2023-01-28,2023-01-31,CUST-1034,PROD-325,Electronics,Smartwatch,2,18687.22,0.23,3857.83,Yes
ORD-100705,2024-06-30,2024-07-02,CUST-1154,PROD-445,Fashion,Men Clothing,1,15137.34,0.17,-1352.98,No
ORD-100706,2024-12-01,2024-12-05,CUST-1060,PROD-315,Electronics,Mobile,3,45681.61,0.14,1871.1,No
ORD-100707,2023-10-25,2023-10-30,CUST-1156,PROD-413,Fashion,Women Clothing,2,14874.97,0.05,3552.67,Yes
ORD-100708,2023-08-09,2023-08-14,CUST-1152,PROD-328,Beauty,Makeup,4,4631.01,0.27,826.32,Yes
ORD-100709,2023-11-03,2023-11-04,CUST-1061,PROD-436,Fashion,Footwear,2,26624.36,0.07,590.44,No
ORD-100710,2024-04-28,2024-05-02,CUST-1202,PROD-456,Beauty,Skincare,4,10148.23,0.18,1422.26,No
ORD-100711,2024-03-24,2024-03-29,CUST-1153,PROD-416,Books,Education,4,43670.55,0.17,6796.47,No
ORD-100712,2024-02-15,2024-02-19,CUST-1112,PROD-411,Books,Education,3,5700.94,0.1,525.42,No
ORD-100713,2023-08-10,2023-08-11,CUST-1211,PROD-273,Home & Kitchen,Decor,3,14122.99,0.3,1143.51,Yes
ORD-100714,2024-07-26,2024-07-29,CUST-1087,PROD-424,Home & Kitchen,Cookware,3,18747.25,0.02,2412.67,No
ORD-100715,2024-01-25,2024-01-26,CUST-1137,PROD-246,Books,Fiction,1,2204.5,0.07,309.33,No
ORD-100716,2023-07-02,2023-07-07,CUST-1280,PROD-499,Beauty,Skincare,3,3010.3,0.08,270.88,No
ORD-100717,2023-10-27,2023-10-28,CUST-1187,PROD-261,Books,Education,4,42337.63,0.11,6468.86,Yes
ORD-100718,2023-07-06,2023-07-10,CUST-1241,PROD-313,Fashion,Men Clothing,2,27392.83,0.07,24.97,No
ORD-100719,2024-03-18,2024-03-20,CUST-1132,PROD-212,Books,Education,4,7894.64,0.12,-124.42,No
ORD-100720,2023-02-21,2023-02-22,CUST-1253,PROD-432,Fashion,Men Clothing,1,2835.56,0.09,205.79,No
ORD-100721,2024-05-26,2024-05-28,CUST-1135,PROD-432,Beauty,Makeup,5,19158.68,0.25,-1454.51,Yes
ORD-100722,2024-08-17,2024-08-18,CUST-1136,PROD-309,Fashion,Footwear,4,4084.81,0.15,283.4,No
ORD-100723,2024-10-19,2024-10-22,CUST-1288,PROD-456,Fashion,Footwear,4,48112.34,0.14,218.26,No
ORD-100724,2024-11-20,2024-11-22,CUST-1155,PROD-309,Books,Fiction,2,27904.54,0.27,3192.34,No
ORD-100725,2024-10-29,2024-11-03,CUST-1022,PROD-404,Electronics,Laptop,5,9487.34,0.17,-219.02,No
ORD-100726,2023-10-27,2023-10-30,CUST-1210,PROD-453,Fashion,Men Clothing,5,46333.19,0.27,-1221.69,No
ORD-100727,2023-04-03,2023-04-08,CUST-1123,PROD-370,Electronics,Smartwatch,3,5437.04,0.23,-294.44,No
ORD-100728,2024-10-03,2024-10-07,CUST-1249,PROD-268,Books,Fiction,1,43128.55,0.28,538.75,No
ORD-100729,2023-08-10,2023-08-13,CUST-1065,PROD-252,Books,Education,4,34953.19,0.29,-752.32,Yes
ORD-100730,2023-07-22,2023-07-26,CUST-1194,PROD-468,Beauty,Makeup,2,9526.83,0.12,-663.48,Yes
ORD-100731,2023-10-02,2023-10-05,CUST-1277,PROD-483,Beauty,Skincare,3,28943.56,0.08,-978.91,No
ORD-100732,2023-03-12,2023-03-13,CUST-1090,PROD-401,Electronics,Smartwatch,1,13708.1,0.1,1976.57,No
ORD-100733,2024-10-13,2024-10-18,CUST-1106,PROD-387,Electronics,Smartwatch,2,4598.9,0.02,508.93,No
ORD-100734,2023-03-31,2023-04-05,CUST-1038,PROD-448,Fashion,Men Clothing,5,16909.81,0.09,-653.53,Yes
ORD-100735,2024-08-24,2024-08-25,CUST-1148,PROD-350,Fashion,Women Clothing,5,37499.95,0.05,405.18,Yes
ORD-100736,2023-06-04,2023-06-09,CUST-1116,PROD-251,Electronics,Mobile,2,32672.56,0.2,-2475.78,No
ORD-100737,2023-08-30,2023-09-03,CUST-1162,PROD-433,Fashion,Men Clothing,1,48386.22,0.07,9656.82,No
ORD-100738,2024-05-16,2024-05-21,CUST-1260,PROD-245,Beauty,Makeup,2,27702.21,0.28,6523.85,No
ORD-100739,2023-04-10,2023-04-13,CUST-1223,PROD-461,Books,Education,3,16790.28,0.21,3415.61,No
ORD-100740,2023-06-22,2023-06-23,CUST-1051,PROD-344,Beauty,Makeup,4,30245.69,0.04,7077.7,No
ORD-100741,2024-10-21,2024-10-22,CUST-1186,PROD-322,Beauty,Makeup,5,5426.87,0.26,245.23,No
ORD-100742,2023-05-09,2023-05-14,CUST-1016,PROD-452,Home & Kitchen,Cookware,5,40287.41,0.11,6489.58,No
ORD-100743,2024-08-22,2024-08-25,CUST-1247,PROD-373,Beauty,Makeup,3,32543.3,0.17,7313.4,No
ORD-100744,2023-11-10,2023-11-14,CUST-1100,PROD-357,Electronics,Mobile,4,33754.18,0.0,4845.34,No
ORD-100745,2024-06-07,2024-06-10,CUST-1005,PROD-254,Books,Fiction,2,42661.25,0.03,7593.67,No
ORD-100746,2023-05-17,2023-05-19,CUST-1262,PROD-298,Fashion,Men Clothing,2,48107.19,0.15,-1252.93,No
ORD-100747,2024-05-27,2024-05-29,CUST-1224,PROD-322,Beauty,Makeup,1,31499.64,0.24,7728.13,No
ORD-100748,2023-08-09,2023-08-10,CUST-1198,PROD-425,Books,Education,4,12208.75,0.09,1282.57,No
ORD-100749,2023-04-15,2023-04-17,CUST-1239,PROD-434,Home & Kitchen,Decor,1,1234.7,0.26,164.47,No
ORD-100750,2024-11-14,2024-11-17,CUST-1159,PROD-446,Electronics,Laptop,2,2055.93,0.14,73.69,No
ORD-100751,2024-07-21,2024-07-23,CUST-1131,PROD-439,Beauty,Skincare,2,18885.45,0.08,1892.89,No
ORD-100752,2024-11-09,2024-11-12,CUST-1069,PROD-205,Books,Fiction,3,22152.83,0.28,-470.74,Yes
ORD-100753,2024-11-06,2024-11-11,CUST-1256,PROD-340,Fashion,Women Clothing,4,30055.68,0.01,2138.08,No
ORD-100754,2023-10-13,2023-10-17,CUST-1297,PROD-469,Books,Fiction,4,12881.51,0.15,-569.72,Yes
ORD-100755,2024-12-10,2024-12-15,CUST-1036,PROD-245,Books,Education,5,33333.18,0.12,4966.92,No
ORD-100756,2024-09-24,2024-09-27,CUST-1266,PROD-397,Fashion,Men Clothing,5,1911.01,0.19,402.9,Yes
ORD-100757,2024-07-17,2024-07-18,CUST-1119,PROD-452,Fashion,Women Clothing,3,841.47,0.18,41.53,No
ORD-100758,2024-08-04,2024-08-07,CUST-1155,PROD-435,Fashion,Footwear,5,28731.75,0.14,5744.09,No
ORD-100759,2023-02-12,2023-02-16,CUST-1157,PROD-387,Beauty,Makeup,4,29255.74,0.07,-2778.46,No
ORD-100760,2023-08-23,2023-08-28,CUST-1183,PROD-362,Books,Fiction,1,33970.63,0.26,6160.48,No
ORD-100761,2024-01-22,2024-01-26,CUST-1067,PROD-416,Electronics,Mobile,4,1517.12,0.23,114.98,No
ORD-100762,2024-10-18,2024-10-22,CUST-1211,PROD-299,Books,Education,5,41564.76,0.13,121.73,Yes
ORD-100763,2024-03-08,2024-03-11,CUST-1146,PROD-257,Home & Kitchen,Decor,5,8778.5,0.18,1925.27,No
ORD-100764,2024-07-26,2024-07-30,CUST-1196,PROD-264,Electronics,Mobile,3,33303.89,0.06,-3195.35,No
ORD-100765,2023-01-07,2023-01-10,CUST-1269,PROD-483,Books,Education,1,8948.4,0.03,870.62,No
ORD-100766,2023-03-11,2023-03-14,CUST-1032,PROD-206,Books,Education,3,27994.75,0.07,4812.01,No
ORD-100767,2023-01-28,2023-02-02,CUST-1164,PROD-406,Home & Kitchen,Cookware,3,34487.65,0.17,5905.62,No
ORD-100768,2023-05-12,2023-05-14,CUST-1125,PROD-396,Books,Fiction,3,2965.97,0.03,-221.45,Yes
ORD-100769,2023-09-07,2023-09-10,CUST-1104,PROD-204,Home & Kitchen,Decor,3,40396.04,0.1,2542.74,No
ORD-100770,2024-08-19,2024-08-23,CUST-1238,PROD-369,Beauty,Makeup,1,39157.96,0.15,1271.32,Yes
ORD-100771,2023-01-11,2023-01-12,CUST-1097,PROD-319,Home & Kitchen,Cookware,5,43737.19,0.3,6160.29,No
ORD-100772,2023-03-09,2023-03-10,CUST-1012,PROD-295,Beauty,Skincare,1,23936.5,0.1,3696.97,No
ORD-100773,2023-08-20,2023-08-22,CUST-1253,PROD-419,Home & Kitchen,Furniture,3,20040.68,0.27,3583.43,No
ORD-100774,2023-10-03,2023-10-06,CUST-1173,PROD-465,Fashion,Women Clothing,2,13937.15,0.07,1628.86,No
ORD-100775,2024-11-15,2024-11-16,CUST-1224,PROD-268,Fashion,Men Clothing,4,24709.02,0.05,-772.28,Yes
ORD-100776,2024-06-29,2024-07-02,CUST-1237,PROD-330,Home & Kitchen,Furniture,2,382.94,0.19,74.35,No
ORD-100777,2023-10-18,2023-10-19,CUST-1204,PROD-340,Fashion,Footwear,4,47596.85,0.17,-1165.7,No
ORD-100778,2023-03-08,2023-03-11,CUST-1127,PROD-223,Home & Kitchen,Decor,4,47538.94,0.07,10549.21,No
ORD-100779,2023-05-02,2023-05-03,CUST-1216,PROD-233,Fashion,Footwear,1,31424.23,0.29,2279.73,No
ORD-100780,2023-03-14,2023-03-18,CUST-1234,PROD-466,Books,Fiction,4,12493.18,0.12,1355.26,No
ORD-100781,2024-03-17,2024-03-19,CUST-1264,PROD-366,Beauty,Skincare,3,31202.56,0.04,7589.43,No
ORD-100782,2024-06-15,2024-06-17,CUST-1091,PROD-460,Books,Education,5,1743.62,0.22,31.98,Yes
ORD-100783,2024-07-07,2024-07-12,CUST-1077,PROD-451,Beauty,Skincare,1,1696.71,0.07,199.73,No
ORD-100784,2023-04-08,2023-04-10,CUST-1174,PROD-267,Electronics,Headphones,1,29055.63,0.03,7256.72,No
ORD-100785,2023-04-09,2023-04-12,CUST-1273,PROD-398,Electronics,Smartwatch,4,14004.56,0.13,2422.33,No
ORD-100786,2024-02-01,2024-02-02,CUST-1027,PROD-337,Beauty,Makeup,2,25257.66,0.05,6232.68,Yes
ORD-100787,2024-01-01,2024-01-02,CUST-1057,PROD-445,Beauty,Makeup,5,47854.41,0.06,-3778.41,Yes
ORD-100788,2023-09-17,2023-09-18,CUST-1155,PROD-463,Electronics,Smartwatch,5,31043.32,0.16,4032.18,Yes
ORD-100789,2023-08-02,2023-08-06,CUST-1153,PROD-324,Electronics,Mobile,2,5740.66,0.17,1106.38,No
ORD-100790,2023-10-08,2023-10-11,CUST-1228,PROD-312,Fashion,Women Clothing,1,8800.48,0.25,-392.95,No
ORD-100791,2023-06-28,2023-06-30,CUST-1050,PROD-276,Fashion,Women Clothing,3,31330.0,0.15,3206.34,No
ORD-100792,2024-11-06,2024-11-11,CUST-1096,PROD-308,Electronics,Smartwatch,1,38696.85,0.28,7092.33,Yes
ORD-100793,2023-04-23,2023-04-25,CUST-1010,PROD-447,Beauty,Makeup,5,24006.37,0.04,-815.41,No
ORD-100794,2023-06-14,2023-06-19,CUST-1215,PROD-355,Home & Kitchen,Cookware,2,13065.95,0.17,2256.6,No
ORD-100795,2024-12-01,2024-12-02,CUST-1296,PROD-329,Fashion,Footwear,1,29017.91,0.28,4434.02,Yes
ORD-100796,2023-05-04,2023-05-09,CUST-1197,PROD-458,Fashion,Footwear,4,26990.47,0.04,6178.81,Yes
ORD-100797,2024-08-26,2024-08-29,CUST-1123,PROD-249,Fashion,Footwear,5,32233.1,0.13,5010.82,No
ORD-100798,2023-09-24,2023-09-25,CUST-1006,PROD-401,Books,Education,1,20522.15,0.21,4242.29,No
ORD-100799,2023-03-07,2023-03-08,CUST-1127,PROD-282,Home & Kitchen,Cookware,2,16373.1,0.01,208.91,Yes
ORD-100800,2023-11-21,2023-11-24,CUST-1276,PROD-455,Fashion,Women Clothing,5,4775.03,0.28,-105.58,No
ORD-100801,2024-07-09,2024-07-14,CUST-1069,PROD-291,Books,Education,3,21692.82,0.27,1016.71,No
ORD-100802,2023-10-13,2023-10-17,CUST-1062,PROD-275,Fashion,Footwear,3,29792.55,0.16,6476.1,Yes
ORD-100803,2024-12-31,2025-01-04,CUST-1062,PROD-302,Fashion,Men Clothing,2,14669.72,0.27,1231.24,No
ORD-100804,2023-12-24,2023-12-25,CUST-1233,PROD-283,Electronics,Smartwatch,3,48300.96,0.13,-3870.55,No
ORD-100805,2024-04-08,2024-04-11,CUST-1280,PROD-400,Home & Kitchen,Decor,3,44574.89,0.08,1182.27,Yes
ORD-100806,2024-05-25,2024-05-26,CUST-1285,PROD-320,Beauty,Skincare,1,19365.62,0.2,1962.69,No
ORD-100807,2023-12-04,2023-12-09,CUST-1197,PROD-265,Electronics,Laptop,4,28407.39,0.14,-1686.82,No
ORD-100808,2024-02-25,2024-02-27,CUST-1018,PROD-356,Fashion,Women Clothing,2,22255.8,0.03,5412.48,No
ORD-100809,2024-11-01,2024-11-02,CUST-1187,PROD-438,Electronics,Headphones,5,49055.19,0.24,9344.98,No
ORD-100810,2024-09-21,2024-09-24,CUST-1222,PROD-272,Books,Fiction,3,40715.92,0.28,700.39,No
ORD-100811,2023-11-22,2023-11-24,CUST-1208,PROD-323,Books,Education,5,15275.06,0.22,1675.05,Yes
ORD-100812,2023-02-27,2023-03-04,CUST-1103,PROD-414,Books,Education,4,44900.89,0.25,-2988.42,No
ORD-100813,2023-12-15,2023-12-17,CUST-1087,PROD-255,Beauty,Makeup,1,48245.94,0.21,8145.63,No
ORD-100814,2023-12-23,2023-12-27,CUST-1208,PROD-429,Home & Kitchen,Decor,4,35576.83,0.11,5371.04,No
ORD-100815,2023-03-06,2023-03-07,CUST-1059,PROD-227,Beauty,Makeup,2,44404.22,0.14,-3907.55,No
ORD-100816,2023-02-08,2023-02-10,CUST-1238,PROD-308,Electronics,Smartwatch,5,444.62,0.22,41.04,No
ORD-100817,2024-01-10,2024-01-13,CUST-1152,PROD-221,Home & Kitchen,Decor,2,16959.34,0.26,2388.74,No
ORD-100818,2023-07-14,2023-07-17,CUST-1206,PROD-273,Fashion,Women Clothing,4,42834.1,0.06,6201.97,No
ORD-100819,2023-09-30,2023-10-02,CUST-1134,PROD-329,Books,Fiction,4,29794.55,0.13,-2426.95,No
ORD-100820,2023-08-03,2023-08-06,CUST-1071,PROD-463,Home & Kitchen,Furniture,1,44848.21,0.08,-2623.67,No
ORD-100821,2024-01-05,2024-01-09,CUST-1199,PROD-439,Beauty,Makeup,1,23111.74,0.06,5762.73,No
ORD-100822,2023-04-02,2023-04-04,CUST-1007,PROD-434,Fashion,Women Clothing,4,10560.89,0.27,448.23,No
ORD-100823,2024-10-25,2024-10-28,CUST-1285,PROD-312,Beauty,Skincare,4,6625.69,0.21,-38.73,No
ORD-100824,2023-01-20,2023-01-25,CUST-1028,PROD-216,Beauty,Skincare,1,1118.82,0.16,185.57,Yes
ORD-100825,2023-02-09,2023-02-12,CUST-1126,PROD-348,Books,Education,1,38256.36,0.24,-1935.52,No
ORD-100826,2023-09-14,2023-09-16,CUST-1175,PROD-380,Beauty,Skincare,5,46417.21,0.2,-146.08,Yes
ORD-100827,2023-07-29,2023-07-30,CUST-1026,PROD-226,Home & Kitchen,Cookware,3,32902.14,0.13,3525.15,No
ORD-100828,2024-07-15,2024-07-19,CUST-1026,PROD-393,Home & Kitchen,Decor,4,42804.81,0.27,4017.41,Yes
ORD-100829,2023-09-22,2023-09-27,CUST-1087,PROD-363,Beauty,Makeup,3,41206.95,0.19,4690.59,No
ORD-100830,2024-09-15,2024-09-19,CUST-1197,PROD-211,Books,Fiction,1,49450.17,0.03,12111.6,No
ORD-100831,2023-07-10,2023-07-15,CUST-1193,PROD-371,Home & Kitchen,Decor,5,12963.99,0.26,-800.14,No
ORD-100832,2023-09-06,2023-09-11,CUST-1173,PROD-250,Home & Kitchen,Cookware,5,7520.04,0.29,176.84,No
ORD-100833,2023-02-01,2023-02-03,CUST-1208,PROD-262,Fashion,Women Clothing,2,629.31,0.03,30.48,No
ORD-100834,2023-01-24,2023-01-26,CUST-1017,PROD-412,Electronics,Smartwatch,4,49456.64,0.0,-1252.63,No
ORD-100835,2024-03-20,2024-03-23,CUST-1125,PROD-385,Electronics,Headphones,5,39776.45,0.28,8558.1,No
ORD-100836,2024-12-25,2024-12-27,CUST-1081,PROD-378,Fashion,Men Clothing,3,11904.45,0.17,1436.19,No
ORD-100837,2024-09-16,2024-09-20,CUST-1230,PROD-236,Fashion,Women Clothing,5,49933.22,0.23,8662.34,No
ORD-100838,2024-12-24,2024-12-27,CUST-1265,PROD-263,Fashion,Footwear,3,23103.01,0.2,-1147.57,No
ORD-100839,2024-05-03,2024-05-08,CUST-1178,PROD-408,Fashion,Footwear,4,18493.22,0.11,-1589.82,No
ORD-100840,2024-04-30,2024-05-04,CUST-1232,PROD-248,Electronics,Smartwatch,4,20061.57,0.11,-875.54,No
ORD-100841,2024-12-10,2024-12-11,CUST-1145,PROD-401,Fashion,Women Clothing,4,15814.76,0.25,517.8,Yes
ORD-100842,2023-01-26,2023-01-28,CUST-1069,PROD-241,Fashion,Women Clothing,3,40235.43,0.18,1922.9,No
ORD-100843,2024-11-24,2024-11-26,CUST-1143,PROD-343,Electronics,Laptop,2,10838.76,0.27,2013.69,Yes
ORD-100844,2024-06-08,2024-06-09,CUST-1178,PROD-459,Fashion,Footwear,2,48750.45,0.21,8468.85,No
ORD-100845,2024-06-10,2024-06-11,CUST-1024,PROD-216,Fashion,Footwear,5,44090.2,0.19,-804.19,No
ORD-100846,2023-02-10,2023-02-11,CUST-1131,PROD-273,Books,Fiction,5,42985.17,0.15,5631.18,Yes
ORD-100847,2023-08-01,2023-08-05,CUST-1065,PROD-295,Home & Kitchen,Furniture,4,44649.16,0.06,-2768.8,No
ORD-100848,2023-07-09,2023-07-14,CUST-1284,PROD-369,Electronics,Headphones,5,9279.62,0.15,1483.06,No
ORD-100849,2023-07-08,2023-07-09,CUST-1167,PROD-356,Home & Kitchen,Furniture,1,24599.85,0.07,-118.17,No
ORD-100850,2024-01-21,2024-01-25,CUST-1236,PROD-239,Books,Fiction,2,33002.78,0.2,1617.12,No
ORD-100851,2023-01-29,2023-02-02,CUST-1233,PROD-254,Electronics,Laptop,1,7895.8,0.25,-477.79,No
ORD-100852,2023-12-12,2023-12-13,CUST-1181,PROD-287,Fashion,Men Clothing,5,44804.68,0.09,599.05,No
ORD-100853,2023-04-20,2023-04-25,CUST-1251,PROD-406,Beauty,Makeup,1,5512.86,0.23,669.35,No
ORD-100854,2024-09-14,2024-09-19,CUST-1220,PROD-460,Home & Kitchen,Decor,5,40201.14,0.27,-1647.02,No
ORD-100855,2024-12-02,2024-12-05,CUST-1293,PROD-349,Home & Kitchen,Cookware,5,21811.52,0.0,2318.13,Yes
ORD-100856,2024-10-17,2024-10-20,CUST-1117,PROD-361,Electronics,Laptop,4,26503.2,0.27,4553.24,No
ORD-100857,2023-02-19,2023-02-23,CUST-1131,PROD-360,Fashion,Footwear,1,3070.32,0.14,186.18,Yes
ORD-100858,2024-08-19,2024-08-22,CUST-1244,PROD-448,Fashion,Men Clothing,1,26715.93,0.09,-715.88,Yes
ORD-100859,2024-07-05,2024-07-07,CUST-1109,PROD-320,Electronics,Headphones,4,42064.33,0.16,-4102.6,No
ORD-100860,2024-11-13,2024-11-17,CUST-1121,PROD-410,Fashion,Footwear,4,47792.31,0.09,1174.66,No
ORD-100861,2023-12-07,2023-12-10,CUST-1253,PROD-440,Electronics,Laptop,4,749.79,0.12,84.02,Yes
ORD-100862,2023-04-30,2023-05-04,CUST-1162,PROD-463,Books,Education,4,34915.45,0.17,2689.37,No
ORD-100863,2023-10-08,2023-10-13,CUST-1088,PROD-494,Books,Education,1,49567.32,0.26,10646.06,Yes
ORD-100864,2023-10-10,2023-10-13,CUST-1217,PROD-257,Books,Fiction,3,35163.71,0.06,1745.04,No
ORD-100865,2023-11-22,2023-11-27,CUST-1174,PROD-392,Books,Fiction,3,23788.33,0.15,3076.96,No
ORD-100866,2024-11-05,2024-11-10,CUST-1149,PROD-353,Home & Kitchen,Furniture,2,40177.49,0.1,4836.26,No
ORD-100867,2024-07-10,2024-07-14,CUST-1160,PROD-370,Fashion,Footwear,5,18207.5,0.23,2236.91,No
ORD-100868,2023-03-25,2023-03-26,CUST-1238,PROD-399,Home & Kitchen,Furniture,1,12642.62,0.2,254.0,No
ORD-100869,2024-03-29,2024-04-02,CUST-1063,PROD-279,Beauty,Skincare,2,14554.82,0.04,3023.93,No
ORD-100870,2023-10-07,2023-10-11,CUST-1068,PROD-358,Beauty,Makeup,3,14484.05,0.21,-317.79,Yes
ORD-100871,2023-06-20,2023-06-22,CUST-1224,PROD-201,Beauty,Skincare,5,8955.56,0.04,-202.28,Yes
ORD-100872,2024-07-09,2024-07-10,CUST-1091,PROD-360,Electronics,Laptop,4,45195.06,0.04,8572.6,Yes
ORD-100873,2024-07-11,2024-07-14,CUST-1017,PROD-451,Books,Education,5,16096.97,0.09,2345.18,No
ORD-100874,2024-04-26,2024-04-30,CUST-1085,PROD-293,Beauty,Skincare,4,40242.93,0.23,1907.28,No
ORD-100875,2023-08-15,2023-08-18,CUST-1049,PROD-200,Home & Kitchen,Furniture,5,13826.09,0.17,1712.55,No
ORD-100876,2023-03-18,2023-03-23,CUST-1286,PROD-393,Electronics,Smartwatch,1,9814.37,0.04,844.89,Yes
ORD-100877,2023-11-25,2023-11-27,CUST-1184,PROD-334,Beauty,Makeup,4,40768.14,0.17,4758.19,Yes
ORD-100878,2023-08-14,2023-08-15,CUST-1130,PROD-412,Fashion,Men Clothing,5,31437.5,0.23,-1310.55,No
ORD-100879,2024-06-16,2024-06-18,CUST-1029,PROD-217,Fashion,Men Clothing,1,21876.33,0.17,3241.45,No
ORD-100880,2024-11-23,2024-11-24,CUST-1010,PROD-466,Electronics,Mobile,5,6381.1,0.07,-374.07,No
ORD-100881,2024-04-26,2024-04-29,CUST-1216,PROD-496,Home & Kitchen,Decor,2,26598.81,0.17,-5.13,No
ORD-100882,2024-10-17,2024-10-22,CUST-1060,PROD-219,Fashion,Footwear,4,27851.16,0.04,5226.38,No
ORD-100883,2023-06-15,2023-06-16,CUST-1236,PROD-384,Home & Kitchen,Furniture,4,33790.46,0.19,4450.57,Yes
ORD-100884,2023-08-18,2023-08-22,CUST-1169,PROD-366,Books,Education,3,13389.62,0.01,950.79,No
ORD-100885,2024-05-20,2024-05-25,CUST-1213,PROD-317,Books,Education,1,39913.71,0.27,9434.31,No
ORD-100886,2024-05-16,2024-05-19,CUST-1180,PROD-274,Books,Education,2,43583.33,0.24,1772.78,Yes
ORD-100887,2024-11-18,2024-11-21,CUST-1050,PROD-464,Books,Education,1,5332.23,0.13,-179.92,No
ORD-100888,2024-11-06,2024-11-10,CUST-1173,PROD-210,Beauty,Makeup,3,18174.79,0.14,3889.0,No
ORD-100889,2023-07-24,2023-07-29,CUST-1296,PROD-323,Electronics,Laptop,2,44931.39,0.12,-243.69,No
ORD-100890,2024-06-10,2024-06-12,CUST-1060,PROD-216,Fashion,Men Clothing,1,10177.33,0.28,-18.34,No
ORD-100891,2023-01-10,2023-01-11,CUST-1182,PROD-490,Electronics,Headphones,3,38129.93,0.03,8131.85,Yes
ORD-100892,2023-09-07,2023-09-11,CUST-1261,PROD-360,Beauty,Makeup,3,13378.11,0.0,-616.55,Yes
ORD-100893,2023-03-21,2023-03-25,CUST-1263,PROD-274,Home & Kitchen,Cookware,1,4129.0,0.28,-156.08,Yes
ORD-100894,2024-10-10,2024-10-12,CUST-1131,PROD-266,Books,Education,3,34929.73,0.2,4004.43,No
ORD-100895,2024-01-31,2024-02-01,CUST-1284,PROD-245,Beauty,Skincare,3,49433.98,0.29,8001.51,No
ORD-100896,2023-09-05,2023-09-10,CUST-1128,PROD-276,Fashion,Women Clothing,5,27494.42,0.01,-946.12,No
ORD-100897,2023-08-16,2023-08-20,CUST-1172,PROD-449,Beauty,Makeup,5,32067.31,0.06,-2151.34,No
ORD-100898,2024-11-01,2024-11-04,CUST-1180,PROD-216,Beauty,Makeup,1,42981.87,0.23,3190.71,No
ORD-100899,2024-12-11,2024-12-12,CUST-1166,PROD-486,Books,Fiction,4,26311.83,0.09,2463.2,No
ORD-100900,2023-02-26,2023-03-03,CUST-1006,PROD-206,Beauty,Makeup,1,48748.75,0.16,3004.86,Yes
ORD-100901,2023-06-10,2023-06-11,CUST-1142,PROD-253,Fashion,Men Clothing,1,42453.36,0.21,7974.9,No
ORD-100902,2023-08-10,2023-08-14,CUST-1190,PROD-462,Electronics,Laptop,2,23380.55,0.26,1171.97,No
ORD-100903,2023-11-06,2023-11-09,CUST-1260,PROD-210,Books,Fiction,2,28418.05,0.12,2793.44,Yes
ORD-100904,2023-01-21,2023-01-24,CUST-1221,PROD-309,Beauty,Skincare,1,12272.04,0.16,1122.88,No
ORD-100905,2024-01-25,2024-01-26,CUST-1034,PROD-313,Fashion,Women Clothing,2,26680.26,0.16,1600.43,No
ORD-100906,2023-08-29,2023-09-01,CUST-1297,PROD-334,Home & Kitchen,Furniture,2,49793.66,0.06,1266.98,No
ORD-100907,2023-04-16,2023-04-18,CUST-1193,PROD-350,Beauty,Skincare,1,32962.9,0.16,3466.58,No
ORD-100908,2023-06-01,2023-06-03,CUST-1006,PROD-327,Beauty,Skincare,5,23767.09,0.17,-1895.37,No
ORD-100909,2024-06-30,2024-07-04,CUST-1065,PROD-295,Beauty,Makeup,3,28171.46,0.05,5236.56,Yes
ORD-100910,2023-01-02,2023-01-03,CUST-1253,PROD-480,Beauty,Skincare,1,18696.95,0.08,3181.04,No
ORD-100911,2024-07-19,2024-07-24,CUST-1060,PROD-255,Electronics,Laptop,3,32000.59,0.17,2702.39,Yes
ORD-100912,2024-02-10,2024-02-14,CUST-1276,PROD-292,Fashion,Footwear,3,23084.23,0.08,600.44,No
ORD-100913,2023-05-20,2023-05-23,CUST-1082,PROD-248,Beauty,Skincare,5,38488.13,0.02,-3465.06,No
ORD-100914,2024-02-17,2024-02-22,CUST-1048,PROD-379,Fashion,Women Clothing,3,10890.0,0.25,-420.8,Yes
ORD-100915,2024-05-27,2024-06-01,CUST-1225,PROD-200,Books,Education,1,16358.63,0.21,3973.53,No
ORD-100916,2023-01-02,2023-01-07,CUST-1294,PROD-417,Fashion,Men Clothing,5,34198.49,0.07,-2741.11,No
ORD-100917,2023-07-14,2023-07-19,CUST-1194,PROD-201,Fashion,Footwear,3,23547.25,0.13,531.24,No
ORD-100918,2023-08-01,2023-08-02,CUST-1019,PROD-204,Home & Kitchen,Furniture,2,30365.74,0.08,4268.41,No
ORD-100919,2024-11-25,2024-11-28,CUST-1296,PROD-435,Electronics,Headphones,3,29424.69,0.01,5368.94,No
ORD-100920,2023-12-03,2023-12-06,CUST-1148,PROD-273,Electronics,Laptop,3,30889.97,0.24,4411.07,No
ORD-100921,2023-05-01,2023-05-02,CUST-1275,PROD-480,Beauty,Skincare,1,22871.67,0.16,2650.84,No
ORD-100922,2024-04-28,2024-05-03,CUST-1124,PROD-397,Home & Kitchen,Cookware,5,5925.12,0.18,553.85,No
ORD-100923,2023-05-18,2023-05-20,CUST-1222,PROD-270,Books,Fiction,5,24224.58,0.05,1809.3,No
ORD-100924,2024-03-28,2024-04-02,CUST-1119,PROD-236,Beauty,Skincare,4,9156.85,0.22,-783.09,No
ORD-100925,2024-11-06,2024-11-10,CUST-1183,PROD-461,Books,Fiction,1,36985.37,0.2,-2592.1,No
ORD-100926,2024-10-12,2024-10-17,CUST-1204,PROD-210,Home & Kitchen,Decor,4,4749.26,0.09,403.7,No
ORD-100927,2024-05-15,2024-05-17,CUST-1044,PROD-315,Books,Fiction,1,46804.27,0.28,1541.88,No
ORD-100928,2023-05-08,2023-05-09,CUST-1080,PROD-494,Beauty,Makeup,3,21017.75,0.09,3437.5,No
ORD-100929,2023-08-02,2023-08-03,CUST-1065,PROD-380,Electronics,Laptop,5,44074.15,0.1,4893.61,No
ORD-100930,2023-06-26,2023-06-28,CUST-1038,PROD-309,Home & Kitchen,Cookware,5,26725.54,0.14,-1198.94,No
ORD-100931,2024-04-05,2024-04-07,CUST-1027,PROD-491,Beauty,Makeup,3,41196.32,0.11,6040.91,Yes
ORD-100932,2024-12-12,2024-12-15,CUST-1147,PROD-267,Electronics,Headphones,5,38344.88,0.24,2531.52,No
ORD-100933,2024-12-21,2024-12-23,CUST-1220,PROD-310,Books,Fiction,3,4361.52,0.05,130.93,No
ORD-100934,2024-02-16,2024-02-18,CUST-1066,PROD-459,Beauty,Skincare,1,16716.13,0.1,2108.1,No
ORD-100935,2024-10-24,2024-10-28,CUST-1275,PROD-385,Fashion,Women Clothing,5,3054.16,0.22,547.6,No
ORD-100936,2023-10-11,2023-10-14,CUST-1203,PROD-241,Electronics,Headphones,1,44798.52,0.13,9328.88,No
ORD-100937,2023-03-07,2023-03-09,CUST-1098,PROD-372,Electronics,Mobile,4,21427.76,0.0,4399.53,No
ORD-100938,2024-11-26,2024-12-01,CUST-1099,PROD-400,Books,Education,1,17071.56,0.04,-960.21,No
ORD-100939,2024-08-21,2024-08-25,CUST-1042,PROD-263,Home & Kitchen,Decor,5,19310.04,0.02,-1331.47,Yes
ORD-100940,2023-07-02,2023-07-05,CUST-1185,PROD-260,Home & Kitchen,Decor,2,26472.09,0.12,389.66,No
ORD-100941,2024-01-15,2024-01-17,CUST-1065,PROD-281,Home & Kitchen,Furniture,5,45728.19,0.11,7214.03,Yes
ORD-100942,2023-06-09,2023-06-10,CUST-1257,PROD-446,Books,Fiction,2,6241.6,0.04,-441.81,No
ORD-100943,2023-10-17,2023-10-21,CUST-1144,PROD-264,Electronics,Laptop,1,36787.68,0.16,3962.55,Yes
ORD-100944,2024-08-13,2024-08-15,CUST-1002,PROD-233,Beauty,Skincare,5,6428.25,0.14,1020.39,No
ORD-100945,2023-09-19,2023-09-23,CUST-1268,PROD-380,Electronics,Laptop,4,35268.18,0.0,933.6,No
ORD-100946,2023-10-06,2023-10-10,CUST-1188,PROD-441,Electronics,Smartwatch,1,19064.51,0.04,-1603.19,No
ORD-100947,2024-05-14,2024-05-16,CUST-1253,PROD-464,Books,Education,5,12470.66,0.29,-364.89,Yes
ORD-100948,2024-06-15,2024-06-17,CUST-1034,PROD-234,Books,Education,3,32089.98,0.15,11.45,No
ORD-100949,2024-09-17,2024-09-18,CUST-1216,PROD-457,Beauty,Skincare,1,43799.45,0.3,-980.1,No
ORD-100950,2024-07-14,2024-07-19,CUST-1099,PROD-235,Home & Kitchen,Furniture,5,45687.39,0.19,3018.15,No
ORD-100951,2023-12-27,2023-12-31,CUST-1192,PROD-223,Home & Kitchen,Decor,5,22151.17,0.03,3517.16,No
ORD-100952,2024-11-20,2024-11-23,CUST-1085,PROD-332,Electronics,Smartwatch,1,44656.17,0.04,1078.92,No
ORD-100953,2024-10-02,2024-10-06,CUST-1060,PROD-292,Electronics,Laptop,2,30491.71,0.25,188.08,No
ORD-100954,2023-02-21,2023-02-25,CUST-1129,PROD-271,Fashion,Footwear,2,17600.62,0.16,3323.08,No
ORD-100955,2024-08-20,2024-08-22,CUST-1140,PROD-275,Books,Education,4,26236.85,0.01,-2281.26,No
ORD-100956,2023-10-05,2023-10-10,CUST-1257,PROD-334,Beauty,Makeup,2,19359.87,0.08,3671.36,Yes
ORD-100957,2024-06-18,2024-06-20,CUST-1051,PROD-286,Beauty,Makeup,2,41487.26,0.26,5234.73,No
ORD-100958,2023-02-05,2023-02-07,CUST-1248,PROD-460,Electronics,Headphones,3,44816.65,0.26,-1015.12,No
ORD-100959,2024-08-14,2024-08-19,CUST-1178,PROD-288,Home & Kitchen,Decor,3,46015.81,0.26,-795.06,No
ORD-100960,2023-07-02,2023-07-07,CUST-1056,PROD-487,Electronics,Mobile,4,16179.89,0.26,1665.38,No
ORD-100961,2023-11-05,2023-11-09,CUST-1272,PROD-210,Beauty,Skincare,2,25470.71,0.14,-409.54,No
ORD-100962,2024-09-15,2024-09-18,CUST-1085,PROD-263,Electronics,Smartwatch,5,38739.97,0.08,6936.68,No
ORD-100963,2024-01-12,2024-01-17,CUST-1230,PROD-267,Electronics,Headphones,3,37939.13,0.04,3486.96,No
ORD-100964,2023-05-18,2023-05-22,CUST-1243,PROD-232,Books,Education,1,35104.76,0.2,-2983.36,No
ORD-100965,2024-10-09,2024-10-13,CUST-1000,PROD-432,Home & Kitchen,Furniture,2,28578.23,0.16,5917.32,No
ORD-100966,2023-01-13,2023-01-16,CUST-1238,PROD-464,Fashion,Footwear,4,8334.9,0.03,-89.5,Yes
ORD-100967,2024-08-26,2024-08-31,CUST-1000,PROD-437,Home & Kitchen,Decor,2,3254.81,0.07,291.51,Yes
ORD-100968,2023-10-02,2023-10-03,CUST-1042,PROD-402,Electronics,Headphones,2,25251.65,0.28,-2362.24,No
ORD-100969,2023-04-29,2023-05-03,CUST-1264,PROD-363,Beauty,Makeup,1,42286.05,0.23,-208.21,Yes
ORD-100970,2023-04-25,2023-04-28,CUST-1103,PROD-497,Electronics,Smartwatch,3,28324.79,0.28,-223.48,No
ORD-100971,2023-01-31,2023-02-02,CUST-1281,PROD-430,Beauty,Skincare,5,39444.57,0.18,8435.07,Yes
ORD-100972,2023-03-25,2023-03-29,CUST-1174,PROD-318,Books,Education,5,36567.36,0.3,-2609.69,No
ORD-100973,2024-12-10,2024-12-13,CUST-1091,PROD-389,Electronics,Laptop,3,30658.11,0.05,-2212.89,No
ORD-100974,2024-02-21,2024-02-25,CUST-1015,PROD-495,Fashion,Women Clothing,3,36607.64,0.07,2194.37,No
ORD-100975,2024-02-05,2024-02-08,CUST-1152,PROD-312,Home & Kitchen,Decor,2,26479.87,0.04,1876.45,Yes
ORD-100976,2023-06-07,2023-06-10,CUST-1051,PROD-200,Fashion,Men Clothing,3,13910.46,0.23,400.45,Yes
ORD-100977,2024-11-17,2024-11-22,CUST-1001,PROD-466,Books,Education,2,17127.1,0.11,778.62,No
ORD-100978,2023-11-04,2023-11-05,CUST-1228,PROD-326,Home & Kitchen,Cookware,3,41965.1,0.0,4083.75,Yes
ORD-100979,2023-11-17,2023-11-22,CUST-1126,PROD-467,Fashion,Women Clothing,4,26208.83,0.05,2244.54,No
ORD-100980,2023-02-21,2023-02-25,CUST-1229,PROD-473,Beauty,Skincare,2,29848.63,0.08,50.31,No
ORD-100981,2024-01-09,2024-01-12,CUST-1269,PROD-285,Electronics,Headphones,2,44043.98,0.26,2624.57,No
ORD-100982,2024-03-16,2024-03-21,CUST-1291,PROD-325,Home & Kitchen,Cookware,1,40607.61,0.21,-1376.14,No
ORD-100983,2023-10-03,2023-10-07,CUST-1102,PROD-498,Books,Fiction,5,35612.6,0.25,5110.41,Yes
ORD-100984,2024-11-09,2024-11-10,CUST-1182,PROD-324,Home & Kitchen,Cookware,1,4091.01,0.09,150.21,No
ORD-100985,2023-02-19,2023-02-21,CUST-1081,PROD-249,Beauty,Makeup,5,22626.83,0.03,5152.14,Yes
ORD-100986,2023-10-03,2023-10-07,CUST-1189,PROD-245,Beauty,Makeup,3,46153.68,0.0,-2108.32,No
ORD-100987,2023-01-29,2023-01-31,CUST-1095,PROD-206,Electronics,Mobile,3,33578.46,0.2,2927.85,No
ORD-100988,2023-05-26,2023-05-27,CUST-1278,PROD-238,Fashion,Men Clothing,3,41855.01,0.06,9330.24,No
ORD-100989,2023-02-11,2023-02-15,CUST-1252,PROD-271,Home & Kitchen,Furniture,5,19846.93,0.04,1336.43,Yes
ORD-100990,2024-04-21,2024-04-22,CUST-1271,PROD-481,Electronics,Mobile,1,14584.43,0.1,408.8,Yes
ORD-100991,2023-08-10,2023-08-14,CUST-1161,PROD-304,Books,Education,2,33862.06,0.1,1454.49,No
ORD-100992,2024-06-14,2024-06-19,CUST-1287,PROD-335,Books,Fiction,5,2296.19,0.18,553.13,No
ORD-100993,2023-08-05,2023-08-10,CUST-1118,PROD-219,Beauty,Makeup,2,27126.72,0.21,5012.05,No
ORD-100994,2024-07-13,2024-07-18,CUST-1129,PROD-414,Electronics,Mobile,5,6878.15,0.28,919.56,No
ORD-100995,2023-05-26,2023-05-27,CUST-1253,PROD-211,Electronics,Smartwatch,4,16915.9,0.22,1004.45,No
ORD-100996,2024-01-30,2024-02-02,CUST-1088,PROD-214,Books,Education,5,7200.93,0.09,-396.07,No
ORD-100997,2023-09-02,2023-09-04,CUST-1032,PROD-474,Fashion,Women Clothing,2,34154.21,0.3,4077.34,Yes
ORD-100998,2023-05-10,2023-05-14,CUST-1149,PROD-463,Books,Education,3,40733.97,0.01,-1860.78,Yes
ORD-100999,2023-06-05,2023-06-07,CUST-1275,PROD-411,Electronics,Laptop,1,39051.71,0.18,5089.44,No
ORD-101000,2024-03-28,2024-03-30,CUST-1073,PROD-271,Electronics,Smartwatch,4,27956.9,0.01,5531.67,No
ORD-101001,2024-12-26,2024-12-29,CUST-1015,PROD-386,Books,Fiction,2,40838.35,0.14,-462.69,No
ORD-101002,2023-10-19,2023-10-22,CUST-1215,PROD-485,Home & Kitchen,Cookware,1,16280.41,0.05,-866.39,No
ORD-101003,2024-01-11,2024-01-16,CUST-1137,PROD-465,Fashion,Women Clothing,4,10478.64,0.29,1352.8,Yes
ORD-101004,2023-04-15,2023-04-18,CUST-1041,PROD-426,Books,Fiction,5,6779.42,0.15,-175.93,Yes
ORD-101005,2024-06-16,2024-06-17,CUST-1251,PROD-351,Home & Kitchen,Cookware,3,32523.83,0.25,-1599.33,No
ORD-101006,2024-08-01,2024-08-05,CUST-1055,PROD-408,Electronics,Smartwatch,3,5110.13,0.11,-436.89,No
ORD-101007,2023-03-05,2023-03-10,CUST-1268,PROD-439,Beauty,Makeup,1,26825.37,0.16,-665.5,No
ORD-101008,2024-08-14,2024-08-17,CUST-1107,PROD-353,Books,Education,5,33100.85,0.14,3033.56,No
ORD-101009,2023-02-11,2023-02-14,CUST-1198,PROD-269,Electronics,Mobile,5,882.51,0.01,-83.61,No
ORD-101010,2023-09-30,2023-10-05,CUST-1205,PROD-419,Beauty,Skincare,4,38118.88,0.24,6857.73,No
ORD-101011,2024-08-05,2024-08-10,CUST-1092,PROD-292,Fashion,Women Clothing,2,36560.72,0.29,3210.69,No
ORD-101012,2024-11-11,2024-11-12,CUST-1053,PROD-248,Home & Kitchen,Furniture,3,40243.45,0.16,2326.5,No
ORD-101013,2023-10-16,2023-10-21,CUST-1061,PROD-338,Books,Education,2,37550.7,0.07,8588.25,Yes
ORD-101014,2023-12-05,2023-12-06,CUST-1111,PROD-361,Electronics,Smartwatch,3,24275.43,0.07,4999.46,Yes
ORD-101015,2023-11-16,2023-11-19,CUST-1081,PROD-220,Electronics,Headphones,3,19056.36,0.28,-456.06,No
ORD-101016,2023-12-26,2023-12-31,CUST-1227,PROD-451,Home & Kitchen,Furniture,1,28075.1,0.06,1538.03,No
ORD-101017,2023-01-16,2023-01-17,CUST-1163,PROD-386,Fashion,Men Clothing,2,48721.86,0.18,6391.63,No
ORD-101018,2023-03-08,2023-03-11,CUST-1006,PROD-430,Home & Kitchen,Cookware,5,37655.71,0.22,-1576.47,No
ORD-101019,2024-11-02,2024-11-04,CUST-1257,PROD-308,Fashion,Women Clothing,3,24341.47,0.07,4556.03,No
ORD-101020,2023-08-30,2023-09-03,CUST-1032,PROD-424,Beauty,Makeup,3,34124.8,0.17,-1657.36,No
ORD-101021,2023-09-24,2023-09-25,CUST-1201,PROD-441,Home & Kitchen,Cookware,4,49613.71,0.03,7020.17,No
ORD-101022,2024-01-08,2024-01-10,CUST-1098,PROD-349,Books,Fiction,1,1980.65,0.03,255.05,No
ORD-101023,2023-01-01,2023-01-04,CUST-1132,PROD-355,Electronics,Headphones,1,18709.25,0.0,1759.35,No
ORD-101024,2023-12-30,2024-01-03,CUST-1007,PROD-263,Electronics,Mobile,2,2274.96,0.01,494.69,No
ORD-101025,2023-12-16,2023-12-21,CUST-1200,PROD-476,Fashion,Men Clothing,3,45191.93,0.28,4818.02,Yes
ORD-101026,2023-05-07,2023-05-09,CUST-1244,PROD-296,Books,Fiction,3,1626.33,0.21,20.66,Yes
ORD-101027,2024-04-13,2024-04-16,CUST-1053,PROD-333,Home & Kitchen,Decor,3,23091.48,0.02,3302.03,No
ORD-101028,2023-12-06,2023-12-07,CUST-1163,PROD-214,Books,Education,3,2478.37,0.18,423.68,Yes
ORD-101029,2023-03-27,2023-03-31,CUST-1228,PROD-317,Electronics,Headphones,3,35123.4,0.13,-1065.1,No
ORD-101030,2023-08-30,2023-08-31,CUST-1256,PROD-427,Home & Kitchen,Furniture,3,32930.75,0.17,4379.25,No
ORD-101031,2024-12-15,2024-12-17,CUST-1121,PROD-471,Electronics,Laptop,3,44528.97,0.22,5367.73,No
ORD-101032,2023-02-26,2023-02-27,CUST-1109,PROD-271,Beauty,Skincare,4,48146.52,0.05,10099.82,Yes
ORD-101033,2024-06-07,2024-06-09,CUST-1295,PROD-497,Books,Fiction,2,45277.64,0.12,-1965.59,No
ORD-101034,2023-10-28,2023-10-31,CUST-1122,PROD-255,Electronics,Laptop,3,17061.8,0.17,3430.84,No
ORD-101035,2023-08-29,2023-08-30,CUST-1145,PROD-360,Beauty,Skincare,5,4745.3,0.15,-154.43,Yes
ORD-101036,2024-11-18,2024-11-19,CUST-1271,PROD-227,Beauty,Makeup,1,1831.84,0.21,-163.23,No
ORD-101037,2023-04-11,2023-04-13,CUST-1225,PROD-390,Fashion,Women Clothing,3,21963.87,0.05,289.7,No
ORD-101038,2024-12-05,2024-12-07,CUST-1234,PROD-373,Home & Kitchen,Cookware,4,4477.44,0.29,119.91,Yes
ORD-101039,2024-03-27,2024-04-01,CUST-1267,PROD-470,Fashion,Footwear,2,25126.95,0.07,-1410.37,Yes
ORD-101040,2024-01-09,2024-01-13,CUST-1148,PROD-420,Beauty,Makeup,3,37572.22,0.28,-3356.02,No
ORD-101041,2023-04-28,2023-05-02,CUST-1111,PROD-463,Books,Education,2,36954.71,0.12,2943.07,No
ORD-101042,2023-05-23,2023-05-28,CUST-1261,PROD-309,Books,Education,5,27045.59,0.11,-1077.88,No
ORD-101043,2023-08-03,2023-08-08,CUST-1161,PROD-383,Fashion,Footwear,5,2504.44,0.04,435.93,No
ORD-101044,2023-01-11,2023-01-16,CUST-1057,PROD-478,Books,Fiction,4,3217.09,0.27,242.99,Yes
ORD-101045,2024-03-30,2024-04-04,CUST-1250,PROD-393,Electronics,Smartwatch,4,1469.12,0.06,8.08,No
ORD-101046,2024-02-03,2024-02-04,CUST-1122,PROD-257,Electronics,Mobile,1,21965.54,0.17,5271.38,Yes
ORD-101047,2023-03-12,2023-03-17,CUST-1164,PROD-294,Books,Education,3,6523.83,0.27,-172.19,No
ORD-101048,2024-05-20,2024-05-23,CUST-1011,PROD-219,Beauty,Skincare,4,26684.16,0.01,-156.81,No
ORD-101049,2024-02-08,2024-02-12,CUST-1067,PROD-299,Electronics,Smartwatch,5,34957.53,0.15,6556.83,No
ORD-101050,2024-10-10,2024-10-11,CUST-1183,PROD-260,Electronics,Headphones,3,16904.24,0.03,1721.17,Yes
ORD-101051,2024-03-12,2024-03-17,CUST-1162,PROD-345,Fashion,Footwear,1,4946.84,0.04,-463.68,No
ORD-101052,2023-10-27,2023-11-01,CUST-1138,PROD-433,Fashion,Footwear,2,32310.16,0.01,6583.69,Yes
ORD-101053,2023-12-08,2023-12-11,CUST-1136,PROD-318,Books,Fiction,4,12707.73,0.13,-957.43,No
ORD-101054,2023-07-06,2023-07-11,CUST-1252,PROD-498,Fashion,Women Clothing,1,47200.38,0.03,9265.69,Yes
ORD-101055,2024-03-01,2024-03-05,CUST-1078,PROD-280,Electronics,Laptop,2,19336.51,0.11,4770.47,Yes
ORD-101056,2024-06-28,2024-06-29,CUST-1070,PROD-447,Home & Kitchen,Furniture,3,15173.94,0.11,3303.1,No
ORD-101057,2024-03-02,2024-03-06,CUST-1049,PROD-371,Fashion,Men Clothing,3,2649.54,0.16,69.62,Yes
ORD-101058,2023-05-23,2023-05-26,CUST-1021,PROD-243,Electronics,Mobile,1,42500.32,0.3,-519.22,Yes
ORD-101059,2023-06-28,2023-07-01,CUST-1264,PROD-462,Home & Kitchen,Furniture,5,47957.57,0.08,-2250.23,No
ORD-101060,2024-10-11,2024-10-13,CUST-1081,PROD-249,Home & Kitchen,Cookware,1,48850.53,0.27,-3548.45,Yes
ORD-101061,2024-01-29,2024-01-31,CUST-1105,PROD-341,Books,Education,4,4252.56,0.06,-389.57,No
ORD-101062,2024-07-04,2024-07-05,CUST-1187,PROD-341,Books,Fiction,5,25241.52,0.26,5432.04,No
ORD-101063,2024-02-11,2024-02-12,CUST-1037,PROD-285,Electronics,Laptop,3,13288.75,0.06,2343.26,No
ORD-101064,2024-12-14,2024-12-18,CUST-1095,PROD-296,Fashion,Women Clothing,2,41189.83,0.25,8660.36,No
ORD-101065,2024-06-11,2024-06-13,CUST-1096,PROD-328,Electronics,Headphones,5,41612.43,0.29,9347.03,No
ORD-101066,2023-01-11,2023-01-14,CUST-1047,PROD-343,Books,Education,1,27300.91,0.23,3946.28,No
ORD-101067,2023-04-12,2023-04-13,CUST-1190,PROD-305,Books,Fiction,3,42731.59,0.13,5226.61,No
ORD-101068,2023-10-05,2023-10-06,CUST-1026,PROD-362,Fashion,Men Clothing,3,21865.54,0.21,465.22,No
ORD-101069,2024-09-05,2024-09-09,CUST-1279,PROD-235,Beauty,Skincare,2,4380.2,0.19,962.54,No
ORD-101070,2023-04-04,2023-04-06,CUST-1008,PROD-334,Beauty,Skincare,4,34886.64,0.2,7457.19,Yes
ORD-101071,2024-04-01,2024-04-06,CUST-1213,PROD-405,Home & Kitchen,Furniture,4,38904.36,0.13,8096.96,No
ORD-101072,2024-12-26,2024-12-27,CUST-1072,PROD-249,Home & Kitchen,Cookware,4,35669.06,0.09,2580.48,No
ORD-101073,2023-05-10,2023-05-12,CUST-1115,PROD-445,Home & Kitchen,Cookware,3,19316.12,0.07,1904.13,No
ORD-101074,2023-04-13,2023-04-16,CUST-1203,PROD-466,Beauty,Makeup,1,46687.02,0.15,6088.63,No
ORD-101075,2024-05-06,2024-05-11,CUST-1015,PROD-402,Home & Kitchen,Decor,3,3997.41,0.03,594.74,Yes
ORD-101076,2023-11-04,2023-11-06,CUST-1094,PROD-486,Books,Education,3,17293.65,0.29,227.99,No
ORD-101077,2024-05-19,2024-05-22,CUST-1264,PROD-289,Books,Fiction,3,31607.73,0.05,4498.66,No
ORD-101078,2023-07-28,2023-07-30,CUST-1016,PROD-339,Fashion,Women Clothing,3,7259.25,0.1,1562.94,Yes
ORD-101079,2024-11-28,2024-12-03,CUST-1213,PROD-215,Books,Fiction,4,3717.04,0.28,61.33,No
ORD-101080,2023-01-19,2023-01-21,CUST-1001,PROD-355,Books,Education,5,3664.85,0.0,766.43,No
ORD-101081,2024-11-28,2024-11-29,CUST-1061,PROD-467,Fashion,Footwear,1,36794.55,0.17,1043.41,No
ORD-101082,2024-08-10,2024-08-11,CUST-1127,PROD-273,Books,Education,4,10769.58,0.23,527.35,Yes
ORD-101083,2024-12-30,2024-12-31,CUST-1275,PROD-287,Books,Education,3,30322.7,0.09,-1750.78,No
ORD-101084,2024-07-03,2024-07-05,CUST-1195,PROD-487,Home & Kitchen,Cookware,3,46175.03,0.22,-42.42,Yes
ORD-101085,2023-01-09,2023-01-13,CUST-1226,PROD-255,Beauty,Skincare,4,4114.2,0.13,-311.18,No
ORD-101086,2023-04-29,2023-04-30,CUST-1006,PROD-303,Fashion,Footwear,4,30586.82,0.15,-2269.41,No
ORD-101087,2024-10-19,2024-10-24,CUST-1176,PROD-421,Fashion,Footwear,4,26248.22,0.29,-1511.24,No
ORD-101088,2023-08-05,2023-08-06,CUST-1024,PROD-222,Home & Kitchen,Furniture,2,998.17,0.29,242.15,No
ORD-101089,2024-09-01,2024-09-06,CUST-1140,PROD-470,Beauty,Makeup,4,6178.48,0.02,1350.99,No
ORD-101090,2023-09-27,2023-09-28,CUST-1071,PROD-371,Beauty,Makeup,2,40755.08,0.26,4585.81,No
ORD-101091,2024-08-06,2024-08-11,CUST-1228,PROD-414,Home & Kitchen,Furniture,1,22537.88,0.24,-1438.06,No
ORD-101092,2023-08-25,2023-08-26,CUST-1097,PROD-430,Fashion,Women Clothing,1,40705.56,0.02,672.83,No
ORD-101093,2023-10-23,2023-10-24,CUST-1191,PROD-374,Books,Fiction,1,14569.08,0.16,1119.55,No
ORD-101094,2023-07-13,2023-07-17,CUST-1230,PROD-244,Electronics,Laptop,3,3116.8,0.13,683.78,No
ORD-101095,2023-09-22,2023-09-25,CUST-1271,PROD-415,Electronics,Laptop,1,49542.21,0.15,10477.06,No
ORD-101096,2024-03-22,2024-03-24,CUST-1063,PROD-391,Home & Kitchen,Decor,5,31560.09,0.25,-945.23,No
ORD-101097,2024-01-31,2024-02-02,CUST-1243,PROD-401,Beauty,Makeup,2,15774.16,0.23,1701.54,Yes
ORD-101098,2023-06-23,2023-06-26,CUST-1137,PROD-384,Beauty,Makeup,2,34809.32,0.22,6761.73,No
ORD-101099,2023-08-24,2023-08-26,CUST-1250,PROD-337,Beauty,Skincare,3,39764.86,0.06,-1793.85,No
ORD-101100,2023-04-06,2023-04-07,CUST-1160,PROD-259,Home & Kitchen,Cookware,1,5456.83,0.01,996.07,No
ORD-101101,2024-01-23,2024-01-24,CUST-1135,PROD-416,Fashion,Footwear,1,33937.06,0.23,7274.96,No
ORD-101102,2023-12-20,2023-12-21,CUST-1158,PROD-461,Electronics,Laptop,5,27129.8,0.14,4642.66,No
ORD-101103,2024-10-03,2024-10-08,CUST-1285,PROD-378,Fashion,Women Clothing,1,15773.26,0.25,2946.36,No
ORD-101104,2023-04-28,2023-05-03,CUST-1004,PROD-370,Fashion,Men Clothing,2,28805.15,0.26,-1975.56,No
ORD-101105,2023-11-05,2023-11-08,CUST-1151,PROD-492,Beauty,Skincare,5,46226.29,0.22,3923.78,No
ORD-101106,2024-08-25,2024-08-26,CUST-1252,PROD-261,Home & Kitchen,Decor,1,16513.5,0.15,3532.46,No
ORD-101107,2024-09-14,2024-09-15,CUST-1038,PROD-398,Fashion,Footwear,4,28791.07,0.06,7123.74,No
ORD-101108,2023-01-28,2023-01-29,CUST-1245,PROD-216,Books,Education,4,473.6,0.18,26.61,No
ORD-101109,2023-07-14,2023-07-17,CUST-1102,PROD-486,Fashion,Men Clothing,4,49499.25,0.29,12283.75,No
ORD-101110,2023-02-21,2023-02-22,CUST-1122,PROD-412,Beauty,Skincare,1,14787.77,0.21,1807.27,No
ORD-101111,2024-05-30,2024-06-04,CUST-1237,PROD-396,Fashion,Men Clothing,3,10818.09,0.16,2366.54,No
ORD-101112,2023-09-12,2023-09-13,CUST-1096,PROD-387,Books,Education,2,9394.92,0.16,462.09,Yes
ORD-101113,2023-03-18,2023-03-23,CUST-1165,PROD-500,Books,Fiction,4,24714.2,0.2,-997.1,Yes
ORD-101114,2024-06-26,2024-06-30,CUST-1206,PROD-420,Home & Kitchen,Furniture,5,31297.33,0.24,841.93,No
ORD-101115,2023-11-26,2023-11-30,CUST-1252,PROD-247,Beauty,Makeup,5,44036.36,0.25,10192.92,No
ORD-101116,2024-08-11,2024-08-15,CUST-1062,PROD-351,Fashion,Footwear,5,4025.2,0.29,773.16,No
ORD-101117,2023-08-25,2023-08-28,CUST-1037,PROD-314,Fashion,Footwear,1,36810.76,0.27,1824.69,Yes
ORD-101118,2024-10-18,2024-10-23,CUST-1016,PROD-208,Books,Fiction,4,43153.55,0.22,-2287.08,No
ORD-101119,2024-03-31,2024-04-01,CUST-1022,PROD-368,Books,Education,5,29460.21,0.06,7042.25,Yes
ORD-101120,2024-08-17,2024-08-18,CUST-1058,PROD-489,Beauty,Skincare,5,22122.37,0.08,264.0,Yes
ORD-101121,2024-01-22,2024-01-26,CUST-1038,PROD-430,Electronics,Smartwatch,4,45600.62,0.06,-487.71,No
ORD-101122,2024-05-18,2024-05-22,CUST-1225,PROD-277,Books,Education,1,2743.34,0.02,391.99,No
ORD-101123,2023-01-24,2023-01-27,CUST-1073,PROD-469,Home & Kitchen,Furniture,2,29134.86,0.1,2140.94,No
ORD-101124,2024-05-23,2024-05-24,CUST-1002,PROD-477,Books,Fiction,4,30023.93,0.01,-449.61,No
ORD-101125,2024-09-29,2024-10-04,CUST-1009,PROD-467,Beauty,Makeup,3,12301.48,0.11,1642.47,No
ORD-101126,2023-03-14,2023-03-17,CUST-1005,PROD-246,Fashion,Men Clothing,4,36391.36,0.05,-858.71,Yes
ORD-101127,2023-08-24,2023-08-26,CUST-1227,PROD-261,Fashion,Footwear,4,11044.39,0.04,326.24,Yes
ORD-101128,2023-05-06,2023-05-10,CUST-1166,PROD-428,Electronics,Laptop,2,47028.23,0.16,10422.83,No
ORD-101129,2024-03-26,2024-03-28,CUST-1149,PROD-348,Fashion,Women Clothing,5,49049.08,0.21,6800.76,No
ORD-101130,2024-12-07,2024-12-10,CUST-1282,PROD-493,Beauty,Makeup,3,37411.22,0.27,5854.66,Yes
ORD-101131,2023-06-23,2023-06-26,CUST-1021,PROD-294,Fashion,Women Clothing,4,7586.87,0.21,860.29,No
ORD-101132,2023-06-13,2023-06-16,CUST-1089,PROD-463,Books,Fiction,4,2130.51,0.26,-182.65,No
ORD-101133,2024-05-08,2024-05-10,CUST-1082,PROD-499,Books,Fiction,4,38088.01,0.22,1986.31,No
ORD-101134,2023-10-01,2023-10-06,CUST-1105,PROD-311,Beauty,Skincare,5,37634.29,0.01,708.62,No
ORD-101135,2024-11-21,2024-11-24,CUST-1291,PROD-484,Books,Fiction,4,32930.33,0.14,-1181.15,No
ORD-101136,2024-03-15,2024-03-16,CUST-1153,PROD-359,Home & Kitchen,Furniture,3,22685.48,0.17,4244.35,No
ORD-101137,2023-07-11,2023-07-14,CUST-1263,PROD-307,Electronics,Headphones,1,39860.58,0.18,-2368.32,No
ORD-101138,2023-03-05,2023-03-07,CUST-1173,PROD-500,Fashion,Women Clothing,3,44888.86,0.28,-272.4,Yes
ORD-101139,2023-08-07,2023-08-11,CUST-1269,PROD-264,Books,Fiction,1,19612.38,0.03,4096.81,No
ORD-101140,2023-06-02,2023-06-07,CUST-1191,PROD-393,Electronics,Mobile,2,34716.82,0.14,2239.15,Yes
ORD-101141,2024-03-20,2024-03-22,CUST-1035,PROD-233,Electronics,Mobile,5,6785.76,0.21,-319.07,Yes
ORD-101142,2023-05-26,2023-05-31,CUST-1034,PROD-245,Electronics,Mobile,2,25000.36,0.13,5331.94,No
ORD-101143,2023-09-10,2023-09-13,CUST-1200,PROD-317,Beauty,Skincare,1,22769.55,0.15,-331.48,No
ORD-101144,2023-07-10,2023-07-12,CUST-1097,PROD-251,Home & Kitchen,Cookware,1,1707.85,0.17,292.95,No
ORD-101145,2023-06-29,2023-07-01,CUST-1197,PROD-293,Fashion,Men Clothing,3,40356.1,0.25,8937.84,No
ORD-101146,2024-06-14,2024-06-18,CUST-1014,PROD-394,Electronics,Mobile,3,5556.93,0.13,-374.7,No
ORD-101147,2024-08-30,2024-08-31,CUST-1287,PROD-205,Electronics,Smartwatch,5,30637.87,0.14,1989.72,No
ORD-101148,2023-12-23,2023-12-24,CUST-1056,PROD-497,Electronics,Laptop,1,20031.19,0.08,1554.41,No
ORD-101149,2024-05-16,2024-05-17,CUST-1032,PROD-309,Home & Kitchen,Cookware,4,34107.97,0.08,6630.69,No
ORD-101150,2023-04-16,2023-04-18,CUST-1129,PROD-227,Beauty,Makeup,3,21840.7,0.2,859.5,No
ORD-101151,2024-01-19,2024-01-22,CUST-1216,PROD-484,Books,Education,4,4722.74,0.17,431.8,Yes
ORD-101152,2024-11-21,2024-11-23,CUST-1089,PROD-409,Beauty,Skincare,2,37473.37,0.25,308.31,Yes
ORD-101153,2024-06-01,2024-06-04,CUST-1198,PROD-398,Electronics,Laptop,5,39476.07,0.25,505.75,No
ORD-101154,2023-11-22,2023-11-24,CUST-1157,PROD-364,Books,Education,3,15208.3,0.22,443.94,No
ORD-101155,2024-06-04,2024-06-07,CUST-1107,PROD-273,Beauty,Makeup,4,31187.11,0.2,2165.7,No
ORD-101156,2024-10-17,2024-10-18,CUST-1143,PROD-284,Electronics,Smartwatch,3,21140.35,0.02,4761.9,No
ORD-101157,2023-01-20,2023-01-21,CUST-1099,PROD-429,Fashion,Women Clothing,4,12387.35,0.15,-508.36,No
ORD-101158,2023-06-12,2023-06-13,CUST-1166,PROD-306,Beauty,Makeup,5,15981.18,0.29,2712.75,No
ORD-101159,2024-03-03,2024-03-05,CUST-1284,PROD-273,Beauty,Skincare,1,4553.55,0.28,376.52,No
ORD-101160,2023-02-22,2023-02-26,CUST-1243,PROD-391,Beauty,Makeup,4,24127.88,0.12,-674.2,No
ORD-101161,2024-05-19,2024-05-21,CUST-1261,PROD-409,Beauty,Makeup,2,19144.95,0.28,591.06,No
ORD-101162,2023-01-12,2023-01-13,CUST-1029,PROD-333,Books,Fiction,1,48841.03,0.3,-2816.44,Yes
ORD-101163,2024-03-22,2024-03-25,CUST-1010,PROD-286,Books,Fiction,2,387.49,0.25,-13.68,No
ORD-101164,2023-08-10,2023-08-14,CUST-1022,PROD-254,Electronics,Smartwatch,3,38819.71,0.11,-1990.92,No
ORD-101165,2023-09-14,2023-09-17,CUST-1236,PROD-444,Books,Education,4,38553.96,0.25,-425.23,No
ORD-101166,2024-11-15,2024-11-18,CUST-1060,PROD-261,Electronics,Headphones,3,4132.34,0.01,-153.03,No
ORD-101167,2023-09-28,2023-09-30,CUST-1159,PROD-234,Home & Kitchen,Furniture,5,27961.21,0.06,-2269.5,No
ORD-101168,2023-01-01,2023-01-06,CUST-1124,PROD-466,Electronics,Laptop,5,27380.79,0.24,657.41,No
ORD-101169,2024-05-29,2024-05-31,CUST-1073,PROD-436,Electronics,Laptop,2,45726.83,0.02,7348.21,Yes
ORD-101170,2024-02-26,2024-02-27,CUST-1084,PROD-482,Electronics,Headphones,2,12432.97,0.03,-787.31,Yes
ORD-101171,2023-12-09,2023-12-12,CUST-1030,PROD-284,Fashion,Men Clothing,1,29773.91,0.25,-2369.19,Yes
ORD-101172,2023-10-28,2023-10-29,CUST-1151,PROD-218,Beauty,Skincare,3,27493.75,0.15,-1955.39,No
ORD-101173,2023-05-24,2023-05-26,CUST-1232,PROD-253,Books,Education,5,27453.72,0.27,5865.27,No
ORD-101174,2023-10-31,2023-11-02,CUST-1044,PROD-334,Electronics,Laptop,4,44971.84,0.04,8669.71,No
ORD-101175,2024-08-16,2024-08-18,CUST-1263,PROD-496,Home & Kitchen,Furniture,1,12939.84,0.26,-880.2,Yes
ORD-101176,2023-05-12,2023-05-14,CUST-1157,PROD-251,Fashion,Footwear,2,49820.19,0.02,10497.78,No
ORD-101177,2024-04-21,2024-04-23,CUST-1133,PROD-340,Books,Education,4,8748.83,0.22,1909.58,No
ORD-101178,2023-10-06,2023-10-09,CUST-1222,PROD-369,Books,Fiction,2,45248.11,0.21,-1500.13,No
ORD-101179,2023-03-22,2023-03-26,CUST-1160,PROD-322,Home & Kitchen,Cookware,2,26682.59,0.08,3671.04,No
ORD-101180,2024-09-14,2024-09-17,CUST-1277,PROD-312,Fashion,Men Clothing,1,24816.87,0.05,3495.4,No
ORD-101181,2024-12-18,2024-12-19,CUST-1141,PROD-270,Fashion,Women Clothing,5,18403.85,0.19,2919.52,Yes
ORD-101182,2023-08-22,2023-08-26,CUST-1075,PROD-455,Home & Kitchen,Cookware,4,18091.32,0.24,-676.37,No
ORD-101183,2023-05-05,2023-05-08,CUST-1248,PROD-278,Home & Kitchen,Decor,4,41681.38,0.15,5878.75,Yes
ORD-101184,2023-11-12,2023-11-15,CUST-1098,PROD-380,Home & Kitchen,Decor,4,38645.26,0.28,5683.98,Yes
ORD-101185,2024-06-18,2024-06-21,CUST-1008,PROD-495,Home & Kitchen,Furniture,1,30263.05,0.23,3164.87,No
ORD-101186,2023-07-18,2023-07-21,CUST-1256,PROD-301,Fashion,Men Clothing,1,22860.84,0.21,5261.11,No
ORD-101187,2023-12-04,2023-12-08,CUST-1261,PROD-406,Fashion,Footwear,3,20762.25,0.24,4516.67,No
ORD-101188,2023-12-29,2024-01-02,CUST-1183,PROD-305,Beauty,Makeup,4,12692.8,0.26,2656.64,Yes
ORD-101189,2024-11-03,2024-11-07,CUST-1000,PROD-474,Electronics,Smartwatch,2,5680.76,0.19,1176.73,Yes
ORD-101190,2024-06-01,2024-06-04,CUST-1241,PROD-311,Books,Education,2,23374.92,0.3,-849.42,No
ORD-101191,2023-01-12,2023-01-17,CUST-1226,PROD-478,Fashion,Men Clothing,3,11347.83,0.08,1924.94,Yes
ORD-101192,2024-11-06,2024-11-07,CUST-1201,PROD-253,Fashion,Footwear,5,16074.28,0.09,3666.33,Yes
ORD-101193,2024-07-17,2024-07-22,CUST-1061,PROD-384,Fashion,Footwear,5,38736.04,0.2,9085.54,No
ORD-101194,2023-09-30,2023-10-05,CUST-1055,PROD-261,Beauty,Makeup,2,6776.38,0.29,1519.23,No
ORD-101195,2023-11-04,2023-11-07,CUST-1066,PROD-450,Beauty,Skincare,4,5367.98,0.28,975.23,No
ORD-101196,2024-01-17,2024-01-20,CUST-1266,PROD-433,Beauty,Makeup,3,13398.87,0.04,-171.64,No
ORD-101197,2024-10-19,2024-10-23,CUST-1205,PROD-322,Electronics,Laptop,1,12035.8,0.09,634.73,No
ORD-101198,2024-01-31,2024-02-02,CUST-1222,PROD-316,Home & Kitchen,Decor,2,5231.91,0.1,12.96,No
ORD-101199,2023-08-04,2023-08-09,CUST-1223,PROD-255,Fashion,Footwear,3,43341.73,0.1,-4133.37,Yes
ORD-101200,2023-03-16,2023-03-18,CUST-1139,PROD-239,Books,Education,1,6630.59,0.2,1052.76,No
ORD-101201,2023-09-29,2023-10-04,CUST-1109,PROD-361,Beauty,Makeup,1,17117.84,0.27,3842.35,No
ORD-101202,2024-02-15,2024-02-20,CUST-1005,PROD-355,Electronics,Mobile,2,4091.94,0.13,656.57,No
ORD-101203,2024-09-08,2024-09-13,CUST-1280,PROD-395,Fashion,Women Clothing,2,40690.21,0.09,9083.55,Yes
ORD-101204,2024-11-09,2024-11-10,CUST-1211,PROD-391,Books,Fiction,4,38042.66,0.08,-3041.23,No
ORD-101205,2023-04-01,2023-04-06,CUST-1092,PROD-235,Books,Fiction,3,10155.47,0.28,-853.17,No
ORD-101206,2024-12-27,2024-12-28,CUST-1123,PROD-426,Home & Kitchen,Cookware,4,19410.48,0.23,-570.34,No
ORD-101207,2024-11-15,2024-11-17,CUST-1213,PROD-432,Home & Kitchen,Decor,1,44265.36,0.09,10222.08,No
ORD-101208,2024-08-18,2024-08-20,CUST-1010,PROD-480,Books,Education,3,21528.24,0.26,2598.76,No
ORD-101209,2024-04-22,2024-04-24,CUST-1140,PROD-313,Electronics,Headphones,4,26135.96,0.1,5023.9,No
ORD-101210,2024-09-15,2024-09-18,CUST-1213,PROD-310,Books,Education,1,3504.28,0.1,846.3,Yes
ORD-101211,2023-11-27,2023-11-28,CUST-1085,PROD-484,Electronics,Smartwatch,3,974.97,0.12,42.13,No
ORD-101212,2024-06-14,2024-06-18,CUST-1113,PROD-449,Home & Kitchen,Furniture,4,9703.6,0.17,-655.73,No
ORD-101213,2023-08-14,2023-08-16,CUST-1262,PROD-269,Beauty,Skincare,4,16172.47,0.05,1129.2,No
ORD-101214,2023-12-15,2023-12-18,CUST-1282,PROD-330,Books,Fiction,4,29377.96,0.05,2652.58,No
ORD-101215,2023-08-05,2023-08-06,CUST-1251,PROD-404,Home & Kitchen,Furniture,4,42179.14,0.1,10051.68,No
ORD-101216,2023-02-21,2023-02-23,CUST-1251,PROD-443,Beauty,Skincare,5,23001.26,0.16,2690.08,No
ORD-101217,2024-03-14,2024-03-15,CUST-1233,PROD-353,Beauty,Skincare,3,5474.04,0.21,-310.09,No
ORD-101218,2024-11-29,2024-11-30,CUST-1254,PROD-417,Fashion,Men Clothing,5,24398.25,0.26,4498.53,No
ORD-101219,2023-05-18,2023-05-20,CUST-1286,PROD-447,Beauty,Makeup,4,42006.27,0.16,-1826.31,No
ORD-101220,2023-10-22,2023-10-27,CUST-1294,PROD-408,Fashion,Women Clothing,3,32416.05,0.2,459.39,No
ORD-101221,2024-06-09,2024-06-13,CUST-1175,PROD-246,Beauty,Skincare,5,6456.56,0.22,1375.85,No
ORD-101222,2023-12-08,2023-12-12,CUST-1163,PROD-406,Electronics,Laptop,1,31941.27,0.05,6847.52,No
ORD-101223,2024-05-08,2024-05-11,CUST-1109,PROD-245,Fashion,Women Clothing,2,28336.04,0.17,-595.97,No
ORD-101224,2023-12-17,2023-12-22,CUST-1066,PROD-391,Home & Kitchen,Furniture,2,43984.97,0.13,-760.82,No
ORD-101225,2023-03-15,2023-03-18,CUST-1042,PROD-258,Fashion,Footwear,3,5831.25,0.22,320.59,No
ORD-101226,2023-01-21,2023-01-24,CUST-1241,PROD-218,Home & Kitchen,Furniture,3,1730.2,0.15,411.16,No
ORD-101227,2023-11-13,2023-11-14,CUST-1097,PROD-323,Home & Kitchen,Cookware,3,7721.66,0.13,871.97,No
ORD-101228,2023-12-23,2023-12-27,CUST-1244,PROD-237,Beauty,Skincare,5,33637.43,0.2,7415.42,No
ORD-101229,2023-02-21,2023-02-26,CUST-1076,PROD-429,Books,Education,1,32808.02,0.03,510.12,No
ORD-101230,2023-05-11,2023-05-14,CUST-1235,PROD-314,Home & Kitchen,Decor,3,33614.16,0.04,-2474.92,No
ORD-101231,2024-01-17,2024-01-20,CUST-1111,PROD-232,Books,Education,5,31998.12,0.17,439.53,No
ORD-101232,2024-08-02,2024-08-05,CUST-1227,PROD-448,Beauty,Makeup,5,23384.26,0.01,-1170.0,No
ORD-101233,2023-04-29,2023-05-04,CUST-1128,PROD-252,Electronics,Laptop,1,31138.24,0.21,6414.98,No
ORD-101234,2023-05-26,2023-05-30,CUST-1195,PROD-419,Fashion,Footwear,4,26366.88,0.03,2865.18,No
ORD-101235,2023-11-18,2023-11-21,CUST-1216,PROD-361,Beauty,Makeup,2,7282.84,0.26,-564.17,No
ORD-101236,2023-01-09,2023-01-12,CUST-1089,PROD-373,Home & Kitchen,Cookware,5,36143.09,0.07,454.51,No
ORD-101237,2024-10-17,2024-10-18,CUST-1117,PROD-480,Beauty,Skincare,4,18379.82,0.14,3746.8,Yes
ORD-101238,2023-11-08,2023-11-13,CUST-1124,PROD-301,Books,Fiction,1,30815.11,0.02,50.97,Yes
ORD-101239,2023-08-24,2023-08-25,CUST-1060,PROD-468,Books,Fiction,3,38912.74,0.13,-422.29,No
ORD-101240,2023-08-12,2023-08-14,CUST-1088,PROD-371,Books,Education,2,48483.84,0.04,-3033.98,No
ORD-101241,2024-08-14,2024-08-18,CUST-1212,PROD-257,Electronics,Smartwatch,3,29964.94,0.06,1007.2,No
ORD-101242,2024-12-19,2024-12-20,CUST-1108,PROD-359,Fashion,Men Clothing,1,17362.13,0.07,2098.07,No
ORD-101243,2023-07-24,2023-07-28,CUST-1291,PROD-387,Electronics,Mobile,4,47201.45,0.2,-1681.0,Yes
ORD-101244,2024-05-31,2024-06-05,CUST-1283,PROD-475,Home & Kitchen,Cookware,5,20186.25,0.04,-720.97,Yes
ORD-101245,2023-06-03,2023-06-04,CUST-1114,PROD-312,Beauty,Makeup,4,22607.01,0.3,1205.04,No
ORD-101246,2024-03-07,2024-03-08,CUST-1034,PROD-427,Home & Kitchen,Cookware,4,32479.25,0.12,1605.67,No
ORD-101247,2024-08-27,2024-08-28,CUST-1226,PROD-418,Home & Kitchen,Furniture,4,16388.95,0.08,-1185.39,No
ORD-101248,2023-10-18,2023-10-19,CUST-1299,PROD-426,Books,Fiction,3,5689.56,0.28,-185.42,No
ORD-101249,2024-12-25,2024-12-29,CUST-1234,PROD-381,Electronics,Laptop,4,42869.33,0.3,9556.86,No
ORD-101250,2024-01-07,2024-01-10,CUST-1098,PROD-337,Home & Kitchen,Decor,4,31423.36,0.14,-2709.07,No
ORD-101251,2024-06-20,2024-06-23,CUST-1099,PROD-248,Electronics,Smartwatch,1,4534.31,0.23,642.87,Yes
ORD-101252,2024-04-15,2024-04-17,CUST-1280,PROD-237,Home & Kitchen,Cookware,4,41887.83,0.17,2515.58,No
ORD-101253,2023-06-03,2023-06-04,CUST-1128,PROD-260,Electronics,Headphones,4,2277.29,0.12,-142.74,No
ORD-101254,2024-12-13,2024-12-16,CUST-1132,PROD-316,Home & Kitchen,Decor,3,7278.08,0.26,440.83,No
ORD-101255,2024-04-06,2024-04-07,CUST-1124,PROD-324,Electronics,Mobile,5,4937.19,0.15,1084.14,No
ORD-101256,2023-09-16,2023-09-18,CUST-1065,PROD-268,Beauty,Skincare,3,46414.25,0.29,8392.42,No
ORD-101257,2024-03-30,2024-04-04,CUST-1138,PROD-452,Beauty,Makeup,5,4414.77,0.19,747.03,Yes
ORD-101258,2024-07-10,2024-07-14,CUST-1145,PROD-289,Beauty,Skincare,4,30366.86,0.2,2458.39,No
ORD-101259,2024-03-02,2024-03-06,CUST-1226,PROD-255,Home & Kitchen,Decor,2,36728.99,0.12,6923.18,No
ORD-101260,2023-06-20,2023-06-23,CUST-1048,PROD-228,Electronics,Mobile,3,32409.63,0.23,-1979.6,No
ORD-101261,2023-09-18,2023-09-19,CUST-1020,PROD-222,Home & Kitchen,Cookware,3,20945.0,0.13,2347.15,No
ORD-101262,2023-04-27,2023-04-29,CUST-1277,PROD-319,Fashion,Men Clothing,5,43864.76,0.17,10828.35,No
ORD-101263,2023-12-07,2023-12-10,CUST-1151,PROD-200,Beauty,Makeup,5,14963.93,0.15,-720.35,Yes
ORD-101264,2023-03-23,2023-03-26,CUST-1135,PROD-247,Beauty,Skincare,5,4139.74,0.06,-325.02,No
ORD-101265,2024-12-22,2024-12-24,CUST-1090,PROD-263,Fashion,Women Clothing,4,31396.61,0.1,1828.8,No
ORD-101266,2023-09-19,2023-09-24,CUST-1195,PROD-483,Books,Fiction,2,32260.57,0.13,4740.66,Yes
ORD-101267,2024-06-09,2024-06-14,CUST-1105,PROD-452,Books,Education,5,43214.92,0.21,4029.01,No
ORD-101268,2023-07-01,2023-07-02,CUST-1248,PROD-495,Fashion,Women Clothing,1,9983.41,0.23,2305.15,Yes
ORD-101269,2024-03-08,2024-03-09,CUST-1119,PROD-232,Home & Kitchen,Decor,1,4789.76,0.12,627.22,No
ORD-101270,2023-07-16,2023-07-20,CUST-1007,PROD-381,Books,Education,1,47156.92,0.16,11327.84,No
ORD-101271,2024-12-28,2025-01-02,CUST-1166,PROD-386,Books,Education,1,12403.02,0.25,-316.71,No
ORD-101272,2023-11-29,2023-12-02,CUST-1206,PROD-285,Home & Kitchen,Decor,5,7512.25,0.15,220.15,No
ORD-101273,2023-08-08,2023-08-10,CUST-1214,PROD-364,Fashion,Footwear,5,13537.19,0.06,548.06,No
ORD-101274,2023-05-02,2023-05-05,CUST-1243,PROD-219,Books,Fiction,3,44900.75,0.24,1601.87,No
ORD-101275,2023-01-28,2023-01-29,CUST-1054,PROD-380,Home & Kitchen,Furniture,5,29505.89,0.09,2088.73,Yes
ORD-101276,2023-02-13,2023-02-18,CUST-1003,PROD-330,Fashion,Men Clothing,4,10928.18,0.02,567.75,No
ORD-101277,2024-08-23,2024-08-26,CUST-1285,PROD-487,Beauty,Skincare,3,26164.9,0.06,2385.1,No
ORD-101278,2024-08-02,2024-08-07,CUST-1125,PROD-421,Books,Fiction,1,30950.35,0.17,-2758.15,Yes
ORD-101279,2024-07-26,2024-07-30,CUST-1064,PROD-235,Beauty,Makeup,2,37728.21,0.03,5322.93,Yes
ORD-101280,2024-08-07,2024-08-08,CUST-1166,PROD-282,Electronics,Headphones,1,32789.01,0.15,7425.9,No
ORD-101281,2024-10-01,2024-10-06,CUST-1260,PROD-376,Books,Education,5,25644.33,0.24,4250.58,No
ORD-101282,2024-05-19,2024-05-20,CUST-1024,PROD-267,Home & Kitchen,Decor,3,24074.84,0.09,5066.02,No
ORD-101283,2023-04-28,2023-04-30,CUST-1258,PROD-221,Books,Education,4,45730.69,0.26,7568.94,No
ORD-101284,2023-04-25,2023-04-27,CUST-1064,PROD-398,Home & Kitchen,Cookware,2,2854.28,0.21,-134.22,No
ORD-101285,2024-02-12,2024-02-13,CUST-1196,PROD-345,Electronics,Laptop,2,46981.02,0.0,6572.32,No
ORD-101286,2024-05-18,2024-05-21,CUST-1120,PROD-402,Home & Kitchen,Cookware,2,18626.54,0.09,-1523.2,No
ORD-101287,2024-06-03,2024-06-04,CUST-1173,PROD-225,Fashion,Footwear,1,27895.52,0.27,1387.06,No
ORD-101288,2024-10-25,2024-10-27,CUST-1009,PROD-244,Home & Kitchen,Furniture,1,46243.13,0.22,9723.85,No
ORD-101289,2024-11-05,2024-11-08,CUST-1185,PROD-417,Electronics,Smartwatch,4,46001.06,0.03,593.15,Yes
ORD-101290,2023-08-31,2023-09-05,CUST-1017,PROD-269,Electronics,Laptop,4,5732.76,0.15,1371.57,No
ORD-101291,2023-09-20,2023-09-25,CUST-1006,PROD-329,Beauty,Makeup,5,9677.84,0.29,2139.32,No
ORD-101292,2023-03-16,2023-03-18,CUST-1296,PROD-321,Electronics,Headphones,5,11990.59,0.08,708.02,No
ORD-101293,2024-05-29,2024-06-01,CUST-1102,PROD-368,Home & Kitchen,Furniture,4,21670.56,0.25,-1265.88,No
ORD-101294,2024-12-18,2024-12-23,CUST-1115,PROD-227,Home & Kitchen,Decor,3,27821.22,0.08,-194.98,Yes
ORD-101295,2023-08-15,2023-08-17,CUST-1156,PROD-318,Fashion,Women Clothing,2,44998.31,0.23,1895.5,Yes
ORD-101296,2024-05-16,2024-05-17,CUST-1186,PROD-225,Home & Kitchen,Decor,4,23392.5,0.07,3871.53,No
ORD-101297,2024-08-01,2024-08-05,CUST-1060,PROD-282,Electronics,Laptop,2,26684.13,0.11,1674.16,No
ORD-101298,2024-11-17,2024-11-18,CUST-1284,PROD-371,Books,Fiction,4,23112.55,0.18,5064.34,No
ORD-101299,2024-05-25,2024-05-30,CUST-1273,PROD-234,Books,Education,4,28496.14,0.06,-1391.18,No
ORD-101300,2023-09-06,2023-09-08,CUST-1000,PROD-397,Fashion,Footwear,4,36429.2,0.08,-871.58,No
ORD-101301,2024-02-22,2024-02-23,CUST-1236,PROD-215,Beauty,Skincare,3,47433.23,0.04,1673.57,Yes
ORD-101302,2023-08-25,2023-08-30,CUST-1197,PROD-445,Electronics,Laptop,2,22598.21,0.04,3294.4,No
ORD-101303,2024-05-18,2024-05-21,CUST-1198,PROD-449,Home & Kitchen,Furniture,4,13009.64,0.03,3135.72,No
ORD-101304,2023-07-25,2023-07-30,CUST-1236,PROD-247,Beauty,Makeup,2,22257.63,0.0,-421.93,Yes
ORD-101305,2024-03-27,2024-03-28,CUST-1166,PROD-484,Books,Fiction,2,34408.0,0.3,4282.28,No
ORD-101306,2023-09-10,2023-09-11,CUST-1060,PROD-452,Home & Kitchen,Cookware,4,18278.4,0.19,829.96,Yes
ORD-101307,2024-05-11,2024-05-16,CUST-1079,PROD-377,Books,Education,5,38654.6,0.04,6216.69,No
ORD-101308,2023-06-10,2023-06-13,CUST-1202,PROD-442,Fashion,Footwear,5,39080.32,0.15,8407.77,No
ORD-101309,2023-04-10,2023-04-13,CUST-1163,PROD-440,Fashion,Men Clothing,5,21378.47,0.09,5023.82,No
ORD-101310,2024-03-12,2024-03-15,CUST-1266,PROD-220,Beauty,Makeup,2,36334.69,0.03,-3039.1,Yes
ORD-101311,2023-11-02,2023-11-06,CUST-1160,PROD-412,Home & Kitchen,Furniture,2,6382.96,0.05,-538.62,No
ORD-101312,2024-09-28,2024-09-29,CUST-1182,PROD-440,Fashion,Women Clothing,3,14833.88,0.17,-349.14,No
ORD-101313,2024-11-09,2024-11-14,CUST-1163,PROD-483,Home & Kitchen,Furniture,4,2876.23,0.04,317.51,Yes
ORD-101314,2023-09-26,2023-09-29,CUST-1235,PROD-489,Fashion,Footwear,5,4023.77,0.09,742.74,No
ORD-101315,2023-10-11,2023-10-12,CUST-1164,PROD-216,Fashion,Footwear,5,39120.63,0.13,5841.79,Yes
ORD-101316,2023-10-27,2023-10-30,CUST-1044,PROD-417,Home & Kitchen,Decor,5,28577.58,0.18,6580.59,No
ORD-101317,2024-06-04,2024-06-08,CUST-1206,PROD-252,Books,Education,3,15836.25,0.11,2540.91,Yes
ORD-101318,2024-04-06,2024-04-11,CUST-1242,PROD-275,Beauty,Skincare,5,42575.56,0.2,3528.69,No
ORD-101319,2023-11-15,2023-11-17,CUST-1246,PROD-342,Books,Fiction,5,10322.95,0.04,1322.13,No
ORD-101320,2024-06-13,2024-06-17,CUST-1086,PROD-364,Fashion,Men Clothing,1,44873.09,0.15,-2326.39,Yes
ORD-101321,2023-09-12,2023-09-14,CUST-1268,PROD-305,Beauty,Makeup,3,23283.76,0.23,-1303.97,No
ORD-101322,2024-12-07,2024-12-12,CUST-1067,PROD-235,Books,Fiction,5,21756.88,0.24,225.37,No
ORD-101323,2023-02-19,2023-02-22,CUST-1240,PROD-291,Beauty,Skincare,1,36885.09,0.04,6731.84,No
ORD-101324,2024-11-20,2024-11-21,CUST-1057,PROD-230,Fashion,Men Clothing,5,5576.66,0.16,382.62,No
ORD-101325,2024-02-05,2024-02-08,CUST-1244,PROD-477,Books,Fiction,4,32286.4,0.01,-159.35,Yes
ORD-101326,2023-04-17,2023-04-22,CUST-1065,PROD-402,Electronics,Smartwatch,5,22609.38,0.11,4928.51,No
ORD-101327,2023-09-16,2023-09-21,CUST-1172,PROD-424,Beauty,Makeup,4,16635.59,0.1,3942.24,No
ORD-101328,2024-09-08,2024-09-13,CUST-1233,PROD-332,Books,Education,3,35729.17,0.09,-903.05,Yes
ORD-101329,2024-11-04,2024-11-07,CUST-1164,PROD-202,Books,Fiction,4,27599.57,0.03,4448.97,Yes
ORD-101330,2023-04-14,2023-04-15,CUST-1076,PROD-456,Home & Kitchen,Decor,3,41964.82,0.29,-1283.85,Yes
ORD-101331,2023-04-11,2023-04-16,CUST-1055,PROD-288,Fashion,Footwear,1,27367.42,0.29,-823.67,No
ORD-101332,2024-12-04,2024-12-06,CUST-1134,PROD-286,Home & Kitchen,Furniture,2,29042.02,0.2,2408.14,No
ORD-101333,2023-09-29,2023-10-04,CUST-1130,PROD-432,Books,Education,4,26389.1,0.28,5470.58,No
ORD-101334,2023-07-17,2023-07-20,CUST-1061,PROD-320,Books,Education,4,24629.25,0.27,-2359.06,No
ORD-101335,2024-04-04,2024-04-05,CUST-1170,PROD-333,Books,Education,5,7047.88,0.07,1098.26,No
ORD-101336,2024-08-17,2024-08-21,CUST-1006,PROD-337,Books,Fiction,1,29351.5,0.05,4869.51,No
ORD-101337,2023-06-16,2023-06-18,CUST-1142,PROD-202,Beauty,Makeup,3,7913.56,0.28,1686.25,No
ORD-101338,2023-07-17,2023-07-18,CUST-1182,PROD-462,Books,Education,3,46080.77,0.16,6698.35,No
ORD-101339,2023-03-22,2023-03-26,CUST-1228,PROD-232,Books,Education,2,9639.13,0.14,-806.39,No
ORD-101340,2024-12-24,2024-12-26,CUST-1165,PROD-256,Fashion,Women Clothing,3,25452.42,0.21,1597.99,No
ORD-101341,2024-08-08,2024-08-11,CUST-1141,PROD-210,Electronics,Smartwatch,1,24256.08,0.04,899.34,No
ORD-101342,2024-10-29,2024-10-30,CUST-1046,PROD-328,Home & Kitchen,Decor,5,34652.84,0.06,875.75,No
ORD-101343,2023-07-28,2023-08-01,CUST-1289,PROD-421,Home & Kitchen,Decor,2,13312.75,0.24,293.98,No
ORD-101344,2023-02-08,2023-02-09,CUST-1241,PROD-354,Beauty,Skincare,3,9233.75,0.21,990.05,No
ORD-101345,2024-07-30,2024-07-31,CUST-1203,PROD-344,Fashion,Men Clothing,3,41394.9,0.01,9815.73,No
ORD-101346,2024-11-24,2024-11-29,CUST-1157,PROD-352,Books,Fiction,1,6720.06,0.29,-125.06,No
ORD-101347,2023-04-03,2023-04-07,CUST-1232,PROD-245,Books,Fiction,2,33687.24,0.11,7981.71,No
ORD-101348,2023-11-02,2023-11-04,CUST-1187,PROD-336,Home & Kitchen,Furniture,4,41389.89,0.13,444.34,No
ORD-101349,2023-02-03,2023-02-06,CUST-1254,PROD-339,Books,Education,4,28885.38,0.24,3562.71,No
ORD-101350,2024-06-06,2024-06-11,CUST-1089,PROD-407,Beauty,Makeup,5,34371.0,0.19,1066.29,No
ORD-101351,2024-12-07,2024-12-09,CUST-1183,PROD-483,Electronics,Laptop,3,49780.57,0.09,234.38,No
ORD-101352,2024-06-14,2024-06-16,CUST-1225,PROD-312,Books,Education,1,7417.7,0.0,-581.38,No
ORD-101353,2024-01-12,2024-01-14,CUST-1058,PROD-479,Beauty,Skincare,5,8207.25,0.17,1708.44,No
ORD-101354,2024-11-01,2024-11-04,CUST-1014,PROD-319,Beauty,Makeup,2,20018.79,0.21,2777.01,No
ORD-101355,2024-06-18,2024-06-23,CUST-1268,PROD-449,Beauty,Makeup,1,1650.85,0.1,52.16,Yes
ORD-101356,2024-09-28,2024-10-02,CUST-1217,PROD-409,Electronics,Headphones,5,40935.9,0.15,9555.41,No
ORD-101357,2024-07-31,2024-08-02,CUST-1233,PROD-208,Electronics,Laptop,4,13493.68,0.29,966.32,No
ORD-101358,2023-10-11,2023-10-14,CUST-1163,PROD-255,Books,Education,2,7449.69,0.08,-0.36,No
ORD-101359,2023-07-05,2023-07-06,CUST-1216,PROD-226,Home & Kitchen,Decor,4,21430.36,0.12,3789.38,Yes
ORD-101360,2023-08-24,2023-08-25,CUST-1299,PROD-231,Electronics,Laptop,5,20513.74,0.14,-1008.57,Yes
ORD-101361,2023-07-15,2023-07-16,CUST-1154,PROD-474,Books,Fiction,3,14039.31,0.15,1661.04,Yes
ORD-101362,2023-11-23,2023-11-28,CUST-1050,PROD-278,Electronics,Headphones,3,42298.51,0.04,5689.1,No
ORD-101363,2024-11-10,2024-11-12,CUST-1108,PROD-298,Fashion,Footwear,4,18011.91,0.15,2366.96,No
ORD-101364,2024-01-17,2024-01-21,CUST-1246,PROD-240,Books,Education,3,11905.13,0.08,2156.09,No
ORD-101365,2023-06-13,2023-06-15,CUST-1157,PROD-400,Books,Fiction,1,7840.25,0.01,563.47,No
ORD-101366,2023-10-22,2023-10-27,CUST-1152,PROD-444,Fashion,Women Clothing,3,35611.29,0.16,-2163.67,No
ORD-101367,2024-05-14,2024-05-15,CUST-1247,PROD-385,Home & Kitchen,Decor,5,14847.0,0.09,2104.71,No
ORD-101368,2024-08-18,2024-08-23,CUST-1108,PROD-259,Fashion,Women Clothing,1,17061.39,0.03,2565.14,No
ORD-101369,2023-10-15,2023-10-19,CUST-1080,PROD-412,Home & Kitchen,Cookware,2,45905.85,0.28,9371.91,Yes
ORD-101370,2024-02-04,2024-02-05,CUST-1160,PROD-201,Beauty,Makeup,3,29753.35,0.19,-546.99,No
ORD-101371,2024-06-15,2024-06-17,CUST-1148,PROD-481,Books,Education,5,23448.71,0.1,4450.07,No
ORD-101372,2024-01-06,2024-01-07,CUST-1289,PROD-400,Electronics,Mobile,1,47882.83,0.02,7132.92,No
ORD-101373,2023-04-21,2023-04-26,CUST-1055,PROD-244,Home & Kitchen,Decor,3,5538.32,0.17,-250.21,No
ORD-101374,2023-09-03,2023-09-07,CUST-1231,PROD-466,Fashion,Footwear,4,32378.38,0.04,7783.49,No
ORD-101375,2024-08-25,2024-08-28,CUST-1216,PROD-487,Books,Fiction,2,4581.43,0.2,-416.1,No
ORD-101376,2023-05-24,2023-05-29,CUST-1280,PROD-494,Beauty,Skincare,5,1484.23,0.28,70.43,Yes
ORD-101377,2024-06-16,2024-06-21,CUST-1201,PROD-204,Home & Kitchen,Decor,5,25397.59,0.2,3307.93,Yes
ORD-101378,2024-09-20,2024-09-24,CUST-1111,PROD-231,Electronics,Mobile,4,30695.69,0.12,5341.75,No
ORD-101379,2024-02-01,2024-02-04,CUST-1171,PROD-459,Fashion,Men Clothing,1,33310.27,0.27,321.68,No
ORD-101380,2023-11-19,2023-11-20,CUST-1220,PROD-444,Fashion,Men Clothing,4,12359.21,0.05,3029.41,No
ORD-101381,2023-10-04,2023-10-09,CUST-1269,PROD-381,Books,Fiction,1,48359.64,0.24,6587.77,No
ORD-101382,2023-08-29,2023-09-03,CUST-1112,PROD-438,Fashion,Women Clothing,4,31083.0,0.25,500.08,No
ORD-101383,2023-06-21,2023-06-25,CUST-1251,PROD-484,Beauty,Skincare,3,3587.81,0.0,873.93,No
ORD-101384,2023-01-25,2023-01-26,CUST-1141,PROD-240,Fashion,Men Clothing,5,14178.19,0.11,3165.79,Yes
ORD-101385,2024-02-17,2024-02-18,CUST-1278,PROD-246,Beauty,Makeup,5,22633.71,0.23,1650.0,Yes
ORD-101386,2023-12-17,2023-12-21,CUST-1149,PROD-245,Fashion,Women Clothing,5,5722.23,0.14,98.49,Yes
ORD-101387,2023-06-01,2023-06-05,CUST-1002,PROD-316,Electronics,Mobile,5,2206.68,0.15,39.85,Yes
ORD-101388,2023-09-01,2023-09-06,CUST-1030,PROD-383,Fashion,Footwear,1,5762.28,0.13,708.09,No
ORD-101389,2024-10-22,2024-10-24,CUST-1205,PROD-430,Electronics,Smartwatch,3,6500.23,0.04,531.36,No
ORD-101390,2024-04-24,2024-04-25,CUST-1244,PROD-298,Beauty,Skincare,3,5777.73,0.25,966.13,No
ORD-101391,2024-11-13,2024-11-16,CUST-1032,PROD-315,Books,Fiction,3,27629.84,0.16,-2427.57,No
ORD-101392,2023-11-19,2023-11-24,CUST-1000,PROD-418,Fashion,Women Clothing,2,12203.59,0.0,-270.48,No
ORD-101393,2023-10-03,2023-10-05,CUST-1281,PROD-393,Electronics,Smartwatch,2,12113.1,0.09,2101.57,No
ORD-101394,2024-07-09,2024-07-11,CUST-1265,PROD-344,Books,Fiction,5,21751.39,0.24,-2092.12,No
ORD-101395,2024-06-19,2024-06-21,CUST-1089,PROD-242,Electronics,Headphones,4,8044.79,0.16,1448.8,No
ORD-101396,2023-10-16,2023-10-17,CUST-1163,PROD-248,Beauty,Skincare,5,16280.1,0.22,-598.87,No
ORD-101397,2023-06-18,2023-06-20,CUST-1231,PROD-406,Fashion,Women Clothing,1,48737.5,0.01,-4254.91,No
ORD-101398,2023-12-16,2023-12-21,CUST-1057,PROD-468,Beauty,Skincare,1,45490.21,0.08,3461.74,No
ORD-101399,2023-03-01,2023-03-02,CUST-1280,PROD-486,Books,Education,3,36145.68,0.29,2785.98,No
ORD-101400,2024-08-06,2024-08-10,CUST-1015,PROD-224,Books,Fiction,2,4437.73,0.19,1000.76,No
ORD-101401,2023-09-09,2023-09-11,CUST-1290,PROD-266,Books,Fiction,2,30423.25,0.11,5153.98,Yes
ORD-101402,2023-11-26,2023-11-29,CUST-1010,PROD-479,Fashion,Women Clothing,3,37258.67,0.01,6170.4,No
ORD-101403,2024-01-05,2024-01-10,CUST-1138,PROD-338,Beauty,Makeup,5,12395.76,0.28,-436.41,No
ORD-101404,2023-10-26,2023-10-27,CUST-1134,PROD-472,Beauty,Makeup,5,2371.26,0.06,560.73,No
ORD-101405,2024-11-26,2024-11-30,CUST-1086,PROD-314,Fashion,Men Clothing,5,49895.66,0.28,-104.33,Yes
ORD-101406,2023-02-01,2023-02-05,CUST-1174,PROD-347,Home & Kitchen,Cookware,5,26082.99,0.11,3215.07,Yes
ORD-101407,2024-05-15,2024-05-17,CUST-1175,PROD-268,Beauty,Makeup,2,25947.03,0.28,5299.6,No
ORD-101408,2023-03-09,2023-03-14,CUST-1166,PROD-339,Books,Fiction,3,27360.23,0.0,718.69,No
ORD-101409,2023-11-28,2023-12-01,CUST-1246,PROD-300,Electronics,Smartwatch,2,26794.57,0.19,2346.91,Yes
ORD-101410,2024-09-18,2024-09-21,CUST-1141,PROD-412,Home & Kitchen,Decor,5,43797.67,0.04,-947.64,No
ORD-101411,2023-01-31,2023-02-02,CUST-1013,PROD-486,Books,Education,5,19882.44,0.15,611.69,No
ORD-101412,2023-07-17,2023-07-21,CUST-1040,PROD-445,Home & Kitchen,Cookware,4,37548.79,0.24,3150.44,No
ORD-101413,2024-01-30,2024-02-04,CUST-1163,PROD-244,Home & Kitchen,Cookware,4,28836.5,0.13,5682.3,No
ORD-101414,2024-12-08,2024-12-11,CUST-1093,PROD-493,Home & Kitchen,Cookware,4,26846.24,0.16,2904.39,No
ORD-101415,2023-05-12,2023-05-13,CUST-1123,PROD-261,Fashion,Women Clothing,1,29428.38,0.18,3606.73,No
ORD-101416,2023-03-28,2023-03-31,CUST-1055,PROD-269,Home & Kitchen,Decor,4,2642.22,0.07,-259.27,No
ORD-101417,2023-01-11,2023-01-15,CUST-1205,PROD-300,Home & Kitchen,Cookware,5,35783.57,0.02,8344.32,No
ORD-101418,2024-08-09,2024-08-13,CUST-1167,PROD-324,Books,Education,3,19154.73,0.07,145.99,No
ORD-101419,2024-08-21,2024-08-25,CUST-1144,PROD-345,Electronics,Headphones,1,5041.73,0.26,848.69,Yes
ORD-101420,2024-04-02,2024-04-05,CUST-1157,PROD-439,Books,Fiction,3,29362.46,0.13,827.52,No
ORD-101421,2024-02-16,2024-02-21,CUST-1090,PROD-299,Books,Education,3,24648.29,0.04,-2314.56,No
ORD-101422,2023-03-27,2023-03-29,CUST-1070,PROD-354,Electronics,Laptop,5,10422.22,0.0,329.08,Yes
ORD-101423,2024-07-04,2024-07-05,CUST-1165,PROD-473,Fashion,Women Clothing,3,21334.2,0.15,1197.33,No
ORD-101424,2024-11-14,2024-11-19,CUST-1007,PROD-332,Books,Fiction,5,10479.19,0.24,808.92,No
ORD-101425,2023-01-31,2023-02-04,CUST-1048,PROD-291,Books,Fiction,4,45119.37,0.16,9922.1,No
ORD-101426,2023-06-17,2023-06-22,CUST-1254,PROD-251,Beauty,Skincare,5,16090.02,0.3,-322.7,No
ORD-101427,2024-02-23,2024-02-27,CUST-1079,PROD-443,Beauty,Skincare,5,41657.36,0.08,-518.7,Yes
ORD-101428,2023-01-19,2023-01-21,CUST-1009,PROD-272,Books,Fiction,5,22153.13,0.22,2935.95,No
ORD-101429,2023-04-06,2023-04-09,CUST-1261,PROD-263,Fashion,Women Clothing,2,48459.14,0.17,1260.72,No
ORD-101430,2023-03-31,2023-04-05,CUST-1055,PROD-453,Fashion,Men Clothing,5,32736.64,0.01,-1800.47,No
ORD-101431,2024-08-18,2024-08-21,CUST-1000,PROD-400,Home & Kitchen,Furniture,5,29410.9,0.18,5303.45,No
ORD-101432,2024-09-25,2024-09-29,CUST-1090,PROD-304,Fashion,Footwear,2,8907.6,0.11,582.4,No
ORD-101433,2024-04-08,2024-04-12,CUST-1014,PROD-313,Fashion,Women Clothing,4,26292.89,0.13,1819.94,Yes
ORD-101434,2024-08-10,2024-08-11,CUST-1069,PROD-266,Fashion,Women Clothing,5,43200.08,0.08,580.65,No
ORD-101435,2023-03-10,2023-03-13,CUST-1134,PROD-231,Beauty,Skincare,4,4084.87,0.13,-399.19,No
ORD-101436,2024-11-10,2024-11-14,CUST-1065,PROD-334,Home & Kitchen,Furniture,2,23581.27,0.11,1288.73,No
ORD-101437,2024-02-07,2024-02-12,CUST-1258,PROD-458,Beauty,Makeup,4,9798.31,0.26,1400.74,No
ORD-101438,2023-05-17,2023-05-21,CUST-1172,PROD-245,Beauty,Makeup,2,18354.79,0.07,-1259.04,No
ORD-101439,2024-09-13,2024-09-16,CUST-1029,PROD-439,Home & Kitchen,Cookware,4,41222.41,0.21,9746.44,Yes
ORD-101440,2024-10-24,2024-10-27,CUST-1228,PROD-383,Beauty,Makeup,4,48566.61,0.27,1709.17,Yes
ORD-101441,2024-01-20,2024-01-25,CUST-1071,PROD-383,Beauty,Makeup,4,28007.23,0.15,-1202.29,Yes
ORD-101442,2023-01-31,2023-02-04,CUST-1233,PROD-398,Books,Fiction,4,31593.73,0.21,-2456.21,No
ORD-101443,2023-12-28,2023-12-30,CUST-1246,PROD-278,Home & Kitchen,Furniture,4,25088.44,0.29,679.4,Yes
ORD-101444,2023-08-01,2023-08-04,CUST-1139,PROD-451,Home & Kitchen,Furniture,5,44487.07,0.01,-2226.19,No
ORD-101445,2023-08-01,2023-08-05,CUST-1213,PROD-266,Beauty,Makeup,1,15348.6,0.2,1250.28,No
ORD-101446,2024-06-12,2024-06-15,CUST-1019,PROD-470,Electronics,Smartwatch,2,37708.87,0.29,7766.12,No
ORD-101447,2024-07-09,2024-07-14,CUST-1232,PROD-421,Beauty,Skincare,4,2961.59,0.05,230.93,No
ORD-101448,2024-03-23,2024-03-27,CUST-1291,PROD-311,Books,Fiction,2,5816.58,0.1,194.85,No
ORD-101449,2023-11-02,2023-11-06,CUST-1182,PROD-318,Home & Kitchen,Decor,3,21429.22,0.11,-603.26,No
ORD-101450,2023-07-24,2023-07-27,CUST-1122,PROD-454,Fashion,Footwear,5,31978.8,0.29,6130.39,Yes
ORD-101451,2024-08-23,2024-08-26,CUST-1016,PROD-401,Beauty,Skincare,3,24449.18,0.16,-1529.4,Yes
ORD-101452,2023-10-06,2023-10-10,CUST-1220,PROD-500,Electronics,Smartwatch,5,40488.36,0.24,-3337.16,No
ORD-101453,2024-04-14,2024-04-18,CUST-1270,PROD-263,Books,Education,1,3860.57,0.13,857.17,Yes
ORD-101454,2023-08-09,2023-08-11,CUST-1010,PROD-499,Electronics,Mobile,1,39564.03,0.28,2710.42,No
ORD-101455,2023-03-24,2023-03-29,CUST-1290,PROD-484,Electronics,Mobile,2,31768.8,0.1,3015.76,No
ORD-101456,2023-02-17,2023-02-20,CUST-1244,PROD-315,Home & Kitchen,Cookware,4,40707.43,0.04,5959.32,No
ORD-101457,2023-02-10,2023-02-11,CUST-1266,PROD-372,Electronics,Laptop,1,31011.06,0.22,-1334.24,Yes
ORD-101458,2023-03-09,2023-03-12,CUST-1084,PROD-457,Beauty,Makeup,2,8503.67,0.04,1083.59,Yes
ORD-101459,2024-03-06,2024-03-09,CUST-1020,PROD-438,Electronics,Laptop,4,4439.43,0.19,-9.7,No
ORD-101460,2024-06-04,2024-06-08,CUST-1004,PROD-344,Books,Education,2,6497.35,0.08,1313.33,Yes
ORD-101461,2024-02-11,2024-02-12,CUST-1103,PROD-414,Books,Education,4,2009.16,0.01,-192.53,No
ORD-101462,2024-04-08,2024-04-11,CUST-1271,PROD-226,Beauty,Skincare,3,20268.28,0.13,-678.77,No
ORD-101463,2024-03-21,2024-03-23,CUST-1084,PROD-340,Fashion,Footwear,1,35029.57,0.02,923.19,Yes
ORD-101464,2024-11-01,2024-11-02,CUST-1030,PROD-324,Fashion,Footwear,3,18139.85,0.01,-877.72,No
ORD-101465,2024-09-06,2024-09-10,CUST-1132,PROD-208,Electronics,Laptop,1,43451.42,0.29,-1738.7,Yes
ORD-101466,2023-04-05,2023-04-08,CUST-1089,PROD-209,Beauty,Skincare,1,25246.23,0.21,4945.72,No
ORD-101467,2024-04-02,2024-04-06,CUST-1122,PROD-252,Books,Education,1,49511.28,0.24,9315.82,No
ORD-101468,2024-12-17,2024-12-19,CUST-1076,PROD-349,Books,Fiction,5,8155.86,0.17,80.88,No
ORD-101469,2023-05-05,2023-05-08,CUST-1284,PROD-372,Home & Kitchen,Decor,5,33370.45,0.06,4148.11,No
ORD-101470,2023-06-09,2023-06-13,CUST-1113,PROD-307,Fashion,Footwear,3,49942.73,0.07,-1343.82,No
ORD-101471,2023-06-09,2023-06-13,CUST-1151,PROD-462,Electronics,Laptop,3,15596.9,0.21,2662.92,No
ORD-101472,2023-05-09,2023-05-13,CUST-1053,PROD-383,Beauty,Makeup,3,19610.97,0.07,-1029.09,No
ORD-101473,2023-03-28,2023-03-30,CUST-1281,PROD-497,Books,Education,5,44185.84,0.15,3640.04,Yes
ORD-101474,2023-08-27,2023-08-28,CUST-1204,PROD-210,Beauty,Skincare,3,27782.93,0.21,-683.34,No
ORD-101475,2024-02-17,2024-02-22,CUST-1275,PROD-301,Electronics,Headphones,3,28563.11,0.14,6322.9,No
ORD-101476,2023-06-26,2023-06-30,CUST-1300,PROD-305,Home & Kitchen,Furniture,1,5586.53,0.29,354.82,No
ORD-101477,2023-06-11,2023-06-15,CUST-1106,PROD-387,Fashion,Men Clothing,1,2728.13,0.06,65.69,No
ORD-101478,2023-01-22,2023-01-27,CUST-1088,PROD-459,Books,Education,5,47998.01,0.16,6049.77,No
ORD-101479,2023-05-11,2023-05-14,CUST-1119,PROD-210,Books,Education,3,13112.62,0.04,1382.47,No
ORD-101480,2023-07-02,2023-07-06,CUST-1087,PROD-264,Electronics,Smartwatch,4,32968.99,0.19,-3285.7,No
ORD-101481,2023-11-20,2023-11-23,CUST-1279,PROD-454,Home & Kitchen,Cookware,5,32157.88,0.24,-2261.61,Yes
ORD-101482,2024-09-09,2024-09-11,CUST-1090,PROD-201,Electronics,Headphones,4,35578.3,0.3,-1639.94,No
ORD-101483,2023-12-20,2023-12-23,CUST-1197,PROD-463,Beauty,Makeup,5,1866.65,0.22,-67.76,Yes
ORD-101484,2023-03-23,2023-03-25,CUST-1082,PROD-218,Beauty,Makeup,3,20618.82,0.23,3436.89,No
ORD-101485,2023-11-05,2023-11-10,CUST-1132,PROD-390,Electronics,Laptop,3,44501.48,0.28,10155.61,No
ORD-101486,2024-07-05,2024-07-10,CUST-1264,PROD-289,Fashion,Men Clothing,4,7047.14,0.26,1113.03,No
ORD-101487,2023-06-05,2023-06-10,CUST-1100,PROD-254,Beauty,Makeup,2,22810.78,0.03,4468.41,No
ORD-101488,2024-08-17,2024-08-19,CUST-1138,PROD-302,Books,Education,4,33402.6,0.12,-245.04,No
ORD-101489,2024-08-23,2024-08-27,CUST-1059,PROD-219,Fashion,Men Clothing,5,7491.92,0.19,-279.57,No
ORD-101490,2023-04-22,2023-04-23,CUST-1012,PROD-280,Fashion,Men Clothing,4,17487.03,0.24,3928.97,No
ORD-101491,2024-03-22,2024-03-23,CUST-1017,PROD-233,Beauty,Skincare,3,18846.45,0.16,2109.61,No
ORD-101492,2023-10-14,2023-10-16,CUST-1299,PROD-275,Books,Education,3,26335.16,0.13,1898.64,No
ORD-101493,2023-07-24,2023-07-28,CUST-1273,PROD-257,Home & Kitchen,Cookware,1,37601.23,0.26,5251.47,No
ORD-101494,2024-07-21,2024-07-26,CUST-1158,PROD-390,Home & Kitchen,Decor,2,31116.07,0.06,487.64,No
ORD-101495,2024-04-26,2024-04-30,CUST-1274,PROD-439,Electronics,Smartwatch,5,26326.15,0.28,1450.73,No
ORD-101496,2024-10-14,2024-10-19,CUST-1063,PROD-392,Electronics,Mobile,3,48360.31,0.17,-3403.85,No
ORD-101497,2024-10-09,2024-10-14,CUST-1128,PROD-209,Fashion,Women Clothing,3,31924.69,0.29,4634.79,Yes
ORD-101498,2023-06-23,2023-06-24,CUST-1249,PROD-264,Fashion,Men Clothing,4,25864.42,0.18,-724.33,Yes
ORD-101499,2023-04-19,2023-04-23,CUST-1217,PROD-277,Beauty,Makeup,1,18726.39,0.06,-1089.81,No
ORD-101500,2023-09-28,2023-09-30,CUST-1187,PROD-374,Electronics,Smartwatch,5,8066.4,0.0,1567.0,No
ORD-101501,2024-10-22,2024-10-24,CUST-1232,PROD-264,Electronics,Laptop,4,47244.41,0.05,5081.07,No
ORD-101502,2024-05-16,2024-05-21,CUST-1116,PROD-283,Beauty,Makeup,1,22637.22,0.25,-1899.64,No
ORD-101503,2024-01-09,2024-01-13,CUST-1237,PROD-453,Fashion,Footwear,5,8653.4,0.02,1006.31,No
ORD-101504,2024-04-01,2024-04-02,CUST-1290,PROD-317,Home & Kitchen,Cookware,1,44339.21,0.08,-28.69,Yes
ORD-101505,2023-12-30,2024-01-02,CUST-1023,PROD-223,Beauty,Makeup,1,42240.76,0.05,4187.94,No
ORD-101506,2024-03-24,2024-03-25,CUST-1263,PROD-252,Home & Kitchen,Cookware,5,30567.17,0.18,3796.49,No
ORD-101507,2024-08-09,2024-08-12,CUST-1279,PROD-438,Electronics,Headphones,2,23844.86,0.22,4062.33,Yes
ORD-101508,2023-10-28,2023-10-30,CUST-1148,PROD-466,Home & Kitchen,Cookware,1,38886.84,0.03,-3359.16,Yes
ORD-101509,2024-12-19,2024-12-23,CUST-1280,PROD-318,Books,Education,2,20266.09,0.0,576.59,Yes
ORD-101510,2024-06-21,2024-06-25,CUST-1077,PROD-369,Electronics,Smartwatch,5,47475.83,0.27,-2793.34,Yes
ORD-101511,2023-11-12,2023-11-15,CUST-1159,PROD-263,Fashion,Footwear,2,676.93,0.13,147.1,No
ORD-101512,2023-11-27,2023-12-02,CUST-1244,PROD-250,Beauty,Skincare,4,4983.77,0.28,-91.84,No
ORD-101513,2023-06-23,2023-06-24,CUST-1104,PROD-257,Fashion,Footwear,2,15631.86,0.02,1364.14,Yes
ORD-101514,2023-07-17,2023-07-22,CUST-1087,PROD-407,Electronics,Mobile,3,31632.64,0.02,5302.29,Yes
ORD-101515,2023-06-23,2023-06-24,CUST-1252,PROD-221,Beauty,Skincare,4,29874.89,0.24,2764.07,No
ORD-101516,2024-09-30,2024-10-01,CUST-1111,PROD-288,Electronics,Headphones,5,37641.53,0.16,7128.0,No
ORD-101517,2024-11-14,2024-11-15,CUST-1092,PROD-253,Books,Fiction,2,29874.37,0.26,-215.56,No
ORD-101518,2023-01-05,2023-01-08,CUST-1140,PROD-301,Books,Fiction,1,29395.17,0.09,4712.01,Yes
ORD-101519,2023-01-24,2023-01-29,CUST-1235,PROD-390,Home & Kitchen,Furniture,3,42893.67,0.27,-3645.25,Yes
ORD-101520,2024-10-14,2024-10-15,CUST-1077,PROD-255,Electronics,Laptop,4,14148.32,0.27,2202.01,No
ORD-101521,2024-07-24,2024-07-28,CUST-1247,PROD-313,Books,Fiction,2,20662.99,0.05,5091.34,Yes
ORD-101522,2023-09-27,2023-09-28,CUST-1234,PROD-293,Electronics,Mobile,2,10052.86,0.16,1454.65,Yes
ORD-101523,2024-03-01,2024-03-03,CUST-1113,PROD-246,Electronics,Headphones,4,19295.52,0.22,2654.21,No
ORD-101524,2024-04-15,2024-04-18,CUST-1263,PROD-338,Electronics,Laptop,4,43976.17,0.08,950.45,No
ORD-101525,2023-04-12,2023-04-15,CUST-1241,PROD-272,Electronics,Smartwatch,2,15253.59,0.11,-213.62,No
ORD-101526,2023-01-26,2023-01-29,CUST-1248,PROD-400,Beauty,Skincare,5,47450.34,0.13,6365.04,No
ORD-101527,2024-09-12,2024-09-17,CUST-1140,PROD-349,Beauty,Makeup,2,42440.65,0.22,8103.43,No
ORD-101528,2024-08-07,2024-08-09,CUST-1157,PROD-487,Fashion,Men Clothing,5,14583.23,0.08,1710.43,No
ORD-101529,2024-01-25,2024-01-29,CUST-1048,PROD-457,Books,Education,3,24643.27,0.12,3426.17,No
ORD-101530,2023-06-20,2023-06-22,CUST-1049,PROD-422,Books,Fiction,1,30562.93,0.04,4123.73,No
ORD-101531,2024-06-08,2024-06-13,CUST-1130,PROD-235,Books,Education,5,20156.1,0.28,3176.1,No
ORD-101532,2024-10-16,2024-10-19,CUST-1258,PROD-237,Electronics,Mobile,1,44046.36,0.11,1339.66,Yes
ORD-101533,2024-03-13,2024-03-15,CUST-1142,PROD-436,Books,Fiction,4,22607.07,0.24,1918.48,No
ORD-101534,2023-06-24,2023-06-29,CUST-1218,PROD-472,Fashion,Men Clothing,1,25126.79,0.03,3638.14,No
ORD-101535,2024-02-15,2024-02-20,CUST-1036,PROD-377,Books,Fiction,5,49849.89,0.26,6972.36,Yes
ORD-101536,2023-02-25,2023-02-26,CUST-1013,PROD-247,Beauty,Makeup,5,2894.92,0.04,79.39,No
ORD-101537,2023-01-08,2023-01-11,CUST-1212,PROD-417,Books,Education,4,30131.74,0.28,6983.17,No
ORD-101538,2024-05-06,2024-05-07,CUST-1262,PROD-250,Electronics,Laptop,3,19327.51,0.21,2629.84,No
ORD-101539,2024-04-21,2024-04-23,CUST-1217,PROD-306,Books,Fiction,4,31872.35,0.16,4643.04,No
ORD-101540,2024-07-29,2024-07-30,CUST-1115,PROD-467,Beauty,Makeup,3,7400.95,0.25,-116.37,No
ORD-101541,2024-03-26,2024-03-30,CUST-1163,PROD-469,Books,Fiction,4,7122.75,0.07,1009.96,No
ORD-101542,2023-11-22,2023-11-23,CUST-1267,PROD-234,Books,Fiction,5,29241.92,0.19,-841.78,Yes
ORD-101543,2023-12-16,2023-12-20,CUST-1092,PROD-287,Fashion,Women Clothing,4,32956.84,0.07,1654.48,No
ORD-101544,2024-08-24,2024-08-29,CUST-1237,PROD-413,Fashion,Men Clothing,1,36982.04,0.17,5231.09,Yes
ORD-101545,2023-02-07,2023-02-08,CUST-1123,PROD-399,Beauty,Skincare,2,1686.96,0.02,-6.07,No
ORD-101546,2024-04-22,2024-04-27,CUST-1291,PROD-273,Books,Education,4,14969.2,0.29,3726.41,No
ORD-101547,2023-09-21,2023-09-24,CUST-1099,PROD-235,Home & Kitchen,Cookware,2,42437.28,0.28,2849.65,Yes
ORD-101548,2024-06-24,2024-06-27,CUST-1079,PROD-240,Fashion,Women Clothing,1,20463.43,0.17,5036.61,No
ORD-101549,2023-04-16,2023-04-18,CUST-1050,PROD-277,Beauty,Makeup,5,28959.52,0.2,-2281.39,No
ORD-101550,2023-08-02,2023-08-03,CUST-1116,PROD-212,Beauty,Makeup,3,31159.54,0.11,2369.73,Yes
ORD-101551,2024-08-29,2024-09-03,CUST-1026,PROD-265,Beauty,Skincare,5,37241.18,0.21,1953.78,No
ORD-101552,2024-07-23,2024-07-25,CUST-1208,PROD-369,Books,Education,3,44752.72,0.09,-507.18,No
ORD-101553,2023-09-17,2023-09-22,CUST-1062,PROD-445,Books,Education,2,41990.88,0.21,2452.92,No
ORD-101554,2024-10-30,2024-10-31,CUST-1097,PROD-311,Fashion,Men Clothing,2,2485.53,0.27,56.15,No
ORD-101555,2023-01-28,2023-01-31,CUST-1001,PROD-247,Electronics,Laptop,3,35573.62,0.1,1716.33,No
ORD-101556,2024-06-14,2024-06-17,CUST-1297,PROD-263,Books,Fiction,5,30968.38,0.06,6784.78,No
ORD-101557,2023-05-22,2023-05-27,CUST-1253,PROD-237,Home & Kitchen,Decor,3,5101.43,0.1,1215.58,No
ORD-101558,2024-07-21,2024-07-25,CUST-1267,PROD-241,Fashion,Footwear,2,41216.94,0.3,5640.52,No
ORD-101559,2023-06-11,2023-06-14,CUST-1273,PROD-307,Home & Kitchen,Decor,5,48536.31,0.01,-886.82,Yes
ORD-101560,2024-03-17,2024-03-20,CUST-1279,PROD-376,Home & Kitchen,Furniture,1,42669.65,0.29,-1672.82,No
ORD-101561,2023-12-16,2023-12-21,CUST-1046,PROD-455,Electronics,Smartwatch,1,14215.41,0.24,2561.26,No
ORD-101562,2024-12-03,2024-12-08,CUST-1019,PROD-234,Fashion,Footwear,4,16700.37,0.25,-1302.41,Yes
ORD-101563,2023-08-11,2023-08-15,CUST-1214,PROD-388,Electronics,Laptop,3,41644.75,0.26,-364.72,Yes
ORD-101564,2024-03-09,2024-03-11,CUST-1084,PROD-331,Books,Fiction,2,38425.51,0.1,4644.18,No
ORD-101565,2023-10-14,2023-10-16,CUST-1209,PROD-480,Electronics,Mobile,2,40834.85,0.2,6732.75,No
ORD-101566,2023-01-06,2023-01-09,CUST-1211,PROD-480,Books,Education,1,38385.09,0.02,-2591.49,No
ORD-101567,2024-02-08,2024-02-11,CUST-1069,PROD-480,Home & Kitchen,Decor,2,12809.88,0.01,-799.99,No
ORD-101568,2023-02-26,2023-03-01,CUST-1299,PROD-464,Home & Kitchen,Furniture,2,4398.75,0.01,132.32,No
ORD-101569,2024-03-16,2024-03-19,CUST-1033,PROD-253,Fashion,Women Clothing,1,20933.57,0.07,3448.98,No
ORD-101570,2024-11-01,2024-11-06,CUST-1080,PROD-344,Electronics,Mobile,2,20647.24,0.27,-1385.19,No
ORD-101571,2023-10-26,2023-10-30,CUST-1281,PROD-340,Home & Kitchen,Cookware,2,42534.1,0.11,2394.96,No
ORD-101572,2024-12-09,2024-12-13,CUST-1002,PROD-207,Electronics,Headphones,4,12732.69,0.22,208.25,No
ORD-101573,2023-11-15,2023-11-20,CUST-1233,PROD-395,Home & Kitchen,Cookware,5,35328.8,0.29,6580.02,No
ORD-101574,2023-09-10,2023-09-15,CUST-1261,PROD-431,Books,Fiction,2,1674.04,0.06,327.26,No
ORD-101575,2024-01-08,2024-01-12,CUST-1108,PROD-202,Beauty,Skincare,3,40823.82,0.07,-2792.73,No
ORD-101576,2023-03-01,2023-03-04,CUST-1004,PROD-442,Electronics,Laptop,1,454.2,0.02,112.61,Yes
ORD-101577,2024-04-30,2024-05-02,CUST-1117,PROD-390,Home & Kitchen,Cookware,5,19054.61,0.11,750.13,Yes
ORD-101578,2024-12-31,2025-01-02,CUST-1196,PROD-278,Fashion,Women Clothing,4,17767.85,0.02,-879.35,No
ORD-101579,2023-12-08,2023-12-09,CUST-1245,PROD-347,Electronics,Headphones,1,49412.72,0.22,527.92,No
ORD-101580,2024-04-23,2024-04-27,CUST-1102,PROD-372,Fashion,Women Clothing,1,10097.31,0.24,1769.77,No
ORD-101581,2023-05-23,2023-05-25,CUST-1169,PROD-427,Books,Fiction,1,44968.27,0.16,-3662.7,No
ORD-101582,2023-10-10,2023-10-12,CUST-1195,PROD-483,Home & Kitchen,Cookware,5,33614.68,0.08,7793.81,Yes
ORD-101583,2023-02-06,2023-02-07,CUST-1271,PROD-274,Beauty,Skincare,5,42507.65,0.08,900.06,No
ORD-101584,2024-10-28,2024-11-01,CUST-1295,PROD-482,Beauty,Makeup,1,44926.28,0.09,5898.73,No
ORD-101585,2024-08-08,2024-08-09,CUST-1192,PROD-250,Home & Kitchen,Cookware,1,32339.84,0.27,8008.38,Yes
ORD-101586,2024-02-21,2024-02-26,CUST-1143,PROD-465,Fashion,Men Clothing,2,23138.14,0.21,194.29,No
ORD-101587,2024-01-21,2024-01-22,CUST-1113,PROD-269,Electronics,Smartwatch,1,15059.58,0.11,417.88,Yes
ORD-101588,2024-01-21,2024-01-23,CUST-1076,PROD-425,Fashion,Footwear,1,16472.18,0.17,1610.45,No
ORD-101589,2024-07-10,2024-07-12,CUST-1001,PROD-364,Electronics,Headphones,1,20860.65,0.05,2008.48,No
ORD-101590,2023-07-27,2023-07-29,CUST-1004,PROD-255,Beauty,Makeup,3,9603.35,0.29,302.21,No
ORD-101591,2023-11-09,2023-11-11,CUST-1296,PROD-454,Electronics,Laptop,4,47772.03,0.09,5037.29,No
ORD-101592,2023-01-23,2023-01-25,CUST-1278,PROD-426,Books,Fiction,5,951.43,0.17,121.24,No
ORD-101593,2023-04-25,2023-04-26,CUST-1085,PROD-474,Books,Fiction,4,21727.57,0.22,2914.87,No
ORD-101594,2023-06-24,2023-06-28,CUST-1049,PROD-251,Beauty,Makeup,5,9475.83,0.05,-330.31,No
ORD-101595,2023-04-19,2023-04-21,CUST-1232,PROD-225,Home & Kitchen,Decor,2,34690.15,0.12,6203.3,Yes
ORD-101596,2023-10-13,2023-10-14,CUST-1168,PROD-495,Beauty,Makeup,3,15332.27,0.16,-68.25,No
ORD-101597,2023-11-16,2023-11-18,CUST-1153,PROD-294,Home & Kitchen,Decor,4,12836.55,0.15,27.27,No
ORD-101598,2024-09-15,2024-09-19,CUST-1088,PROD-375,Electronics,Mobile,5,9140.58,0.19,-122.67,No
ORD-101599,2024-03-25,2024-03-30,CUST-1218,PROD-454,Beauty,Makeup,2,10879.57,0.12,467.21,No
ORD-101600,2024-02-25,2024-02-29,CUST-1187,PROD-470,Home & Kitchen,Furniture,1,33241.52,0.17,4182.39,No
ORD-101601,2023-05-09,2023-05-11,CUST-1237,PROD-359,Books,Fiction,2,42155.04,0.15,8412.67,No
ORD-101602,2024-04-12,2024-04-15,CUST-1142,PROD-415,Electronics,Mobile,2,23173.14,0.09,1706.41,No
ORD-101603,2024-12-09,2024-12-12,CUST-1256,PROD-219,Beauty,Skincare,4,5617.53,0.22,393.19,No
ORD-101604,2023-10-22,2023-10-24,CUST-1027,PROD-485,Books,Fiction,3,47473.82,0.25,7493.96,Yes
ORD-101605,2024-03-07,2024-03-12,CUST-1064,PROD-232,Beauty,Makeup,2,5004.78,0.04,115.77,No
ORD-101606,2024-05-21,2024-05-22,CUST-1259,PROD-267,Beauty,Skincare,3,46135.41,0.3,188.26,No
ORD-101607,2023-02-18,2023-02-22,CUST-1147,PROD-281,Electronics,Laptop,3,18609.8,0.25,1378.46,No
ORD-101608,2023-09-06,2023-09-08,CUST-1198,PROD-451,Electronics,Mobile,3,8888.37,0.1,1501.49,No
ORD-101609,2023-01-17,2023-01-22,CUST-1011,PROD-347,Home & Kitchen,Decor,5,42695.16,0.08,-3392.31,No
ORD-101610,2024-12-04,2024-12-08,CUST-1300,PROD-208,Beauty,Makeup,2,40691.4,0.13,2439.99,No
ORD-101611,2023-08-19,2023-08-20,CUST-1224,PROD-305,Fashion,Footwear,2,34799.29,0.1,-82.64,No
ORD-101612,2024-05-19,2024-05-21,CUST-1276,PROD-488,Books,Fiction,2,45364.34,0.21,581.97,Yes
ORD-101613,2024-12-05,2024-12-06,CUST-1004,PROD-226,Electronics,Mobile,1,2078.32,0.2,-196.22,No
ORD-101614,2024-12-06,2024-12-11,CUST-1273,PROD-329,Books,Education,3,11906.44,0.1,840.77,Yes
ORD-101615,2024-03-04,2024-03-09,CUST-1218,PROD-222,Books,Education,3,8329.29,0.09,2079.6,No
ORD-101616,2023-06-05,2023-06-06,CUST-1224,PROD-319,Fashion,Men Clothing,5,34272.8,0.06,-1992.55,Yes
ORD-101617,2024-06-06,2024-06-09,CUST-1235,PROD-322,Fashion,Women Clothing,5,32759.08,0.21,4381.4,Yes
ORD-101618,2023-12-25,2023-12-29,CUST-1148,PROD-411,Home & Kitchen,Furniture,1,21725.79,0.22,364.51,No
ORD-101619,2023-02-21,2023-02-25,CUST-1114,PROD-349,Electronics,Headphones,5,31003.48,0.08,-2428.68,No
ORD-101620,2024-02-17,2024-02-19,CUST-1252,PROD-201,Fashion,Men Clothing,1,8214.02,0.12,-386.12,No
ORD-101621,2023-03-28,2023-03-29,CUST-1230,PROD-499,Beauty,Skincare,3,9663.59,0.16,484.06,Yes
ORD-101622,2023-05-27,2023-05-29,CUST-1124,PROD-441,Books,Fiction,1,31442.25,0.23,-1023.79,No
ORD-101623,2024-04-30,2024-05-02,CUST-1145,PROD-452,Beauty,Makeup,3,16755.34,0.16,2171.01,No
ORD-101624,2023-02-27,2023-03-01,CUST-1293,PROD-386,Home & Kitchen,Furniture,5,18675.3,0.27,-1216.45,No
ORD-101625,2024-06-20,2024-06-22,CUST-1260,PROD-388,Books,Education,5,26920.73,0.15,-80.67,No
ORD-101626,2024-05-24,2024-05-25,CUST-1186,PROD-202,Fashion,Footwear,4,8520.45,0.21,903.16,No
ORD-101627,2023-01-17,2023-01-18,CUST-1193,PROD-313,Books,Fiction,2,47726.64,0.29,3216.24,No
ORD-101628,2024-06-30,2024-07-03,CUST-1144,PROD-475,Books,Fiction,4,43516.14,0.18,6882.94,No
ORD-101629,2023-05-04,2023-05-09,CUST-1082,PROD-355,Books,Education,1,36175.3,0.17,1709.47,Yes
ORD-101630,2024-07-06,2024-07-11,CUST-1148,PROD-300,Home & Kitchen,Furniture,1,15398.18,0.28,3017.07,Yes
ORD-101631,2024-04-24,2024-04-26,CUST-1007,PROD-290,Beauty,Makeup,4,24472.7,0.17,1303.51,No
ORD-101632,2023-04-20,2023-04-22,CUST-1219,PROD-424,Books,Fiction,5,24766.23,0.05,3203.37,Yes
ORD-101633,2023-10-05,2023-10-08,CUST-1225,PROD-317,Electronics,Smartwatch,4,27615.63,0.23,3623.05,No
ORD-101634,2024-04-13,2024-04-15,CUST-1042,PROD-415,Beauty,Skincare,4,31529.17,0.14,-2482.13,No
ORD-101635,2024-11-06,2024-11-09,CUST-1053,PROD-267,Books,Education,1,7796.34,0.24,-580.91,Yes
ORD-101636,2024-12-28,2025-01-02,CUST-1109,PROD-398,Books,Fiction,4,41260.74,0.11,2977.76,No
ORD-101637,2024-09-20,2024-09-25,CUST-1085,PROD-235,Electronics,Mobile,2,8309.98,0.19,-783.08,No
ORD-101638,2024-04-02,2024-04-07,CUST-1164,PROD-409,Fashion,Women Clothing,5,37860.89,0.23,1130.05,Yes
ORD-101639,2023-10-10,2023-10-13,CUST-1034,PROD-340,Beauty,Makeup,5,33987.77,0.13,624.77,No
ORD-101640,2024-05-24,2024-05-29,CUST-1079,PROD-432,Fashion,Women Clothing,2,43976.55,0.18,9348.26,Yes
ORD-101641,2023-08-05,2023-08-06,CUST-1150,PROD-300,Home & Kitchen,Decor,5,6861.13,0.29,176.96,No
ORD-101642,2023-06-16,2023-06-21,CUST-1031,PROD-327,Beauty,Skincare,2,13853.61,0.11,-787.57,Yes
ORD-101643,2024-10-02,2024-10-06,CUST-1063,PROD-238,Electronics,Laptop,3,48184.33,0.26,6582.45,No
ORD-101644,2024-09-28,2024-10-03,CUST-1057,PROD-333,Home & Kitchen,Furniture,1,26267.39,0.13,5316.64,Yes
ORD-101645,2024-05-18,2024-05-22,CUST-1061,PROD-211,Electronics,Mobile,1,32472.02,0.25,-1228.64,Yes
ORD-101646,2024-03-10,2024-03-14,CUST-1162,PROD-409,Electronics,Headphones,5,10991.77,0.25,558.23,Yes
ORD-101647,2024-11-03,2024-11-05,CUST-1135,PROD-205,Home & Kitchen,Cookware,4,5100.15,0.15,232.24,No
ORD-101648,2023-08-13,2023-08-14,CUST-1274,PROD-346,Fashion,Women Clothing,5,39969.93,0.21,9367.33,No
ORD-101649,2024-12-05,2024-12-08,CUST-1187,PROD-458,Beauty,Skincare,1,49719.01,0.11,3939.87,No
ORD-101650,2023-08-30,2023-08-31,CUST-1005,PROD-209,Beauty,Makeup,3,14255.23,0.17,-672.09,No
ORD-101651,2024-08-16,2024-08-18,CUST-1099,PROD-361,Books,Education,3,26851.47,0.02,6517.62,No
ORD-101652,2023-05-24,2023-05-27,CUST-1163,PROD-496,Home & Kitchen,Cookware,5,17283.08,0.1,-516.62,No
ORD-101653,2024-02-28,2024-03-04,CUST-1205,PROD-347,Home & Kitchen,Cookware,1,34072.43,0.03,814.46,No
ORD-101654,2024-06-03,2024-06-07,CUST-1179,PROD-391,Home & Kitchen,Cookware,1,18932.1,0.06,1302.77,No
ORD-101655,2023-03-26,2023-03-31,CUST-1089,PROD-446,Books,Fiction,4,17209.01,0.03,1241.19,Yes
ORD-101656,2023-11-14,2023-11-18,CUST-1226,PROD-218,Books,Education,2,42759.72,0.24,6214.72,No
ORD-101657,2023-02-17,2023-02-19,CUST-1066,PROD-249,Electronics,Mobile,4,19234.75,0.1,277.66,No
ORD-101658,2024-11-23,2024-11-25,CUST-1192,PROD-472,Electronics,Headphones,2,30251.44,0.05,2357.06,No
ORD-101659,2024-04-19,2024-04-23,CUST-1027,PROD-289,Books,Fiction,3,48622.43,0.24,7994.21,No
ORD-101660,2024-09-18,2024-09-22,CUST-1092,PROD-396,Electronics,Mobile,5,32556.73,0.07,-1177.64,No
ORD-101661,2023-08-28,2023-09-02,CUST-1128,PROD-294,Fashion,Men Clothing,2,12922.21,0.16,1044.28,No
ORD-101662,2024-02-24,2024-02-28,CUST-1112,PROD-366,Home & Kitchen,Cookware,2,14888.76,0.22,-1488.67,Yes
ORD-101663,2024-10-02,2024-10-04,CUST-1179,PROD-460,Home & Kitchen,Cookware,4,36335.02,0.08,843.7,No
ORD-101664,2024-02-14,2024-02-16,CUST-1279,PROD-374,Books,Fiction,2,28783.21,0.02,-251.2,No
ORD-101665,2024-09-18,2024-09-22,CUST-1032,PROD-241,Electronics,Laptop,4,37623.86,0.26,-1388.05,No
ORD-101666,2024-07-12,2024-07-13,CUST-1140,PROD-416,Home & Kitchen,Furniture,1,44088.25,0.23,7710.19,Yes
ORD-101667,2023-06-07,2023-06-10,CUST-1092,PROD-465,Home & Kitchen,Cookware,4,6876.92,0.03,1712.17,No
ORD-101668,2023-03-21,2023-03-22,CUST-1153,PROD-376,Home & Kitchen,Cookware,4,31713.24,0.07,1361.36,No
ORD-101669,2023-05-28,2023-06-01,CUST-1024,PROD-329,Home & Kitchen,Furniture,4,11589.55,0.06,909.49,Yes
ORD-101670,2024-08-18,2024-08-21,CUST-1285,PROD-423,Books,Education,1,28692.8,0.02,1261.9,No
ORD-101671,2024-06-18,2024-06-20,CUST-1295,PROD-476,Fashion,Men Clothing,2,40226.49,0.17,-3076.54,No
ORD-101672,2024-07-23,2024-07-24,CUST-1262,PROD-304,Fashion,Women Clothing,1,37877.94,0.13,5234.93,No
ORD-101673,2023-01-27,2023-01-28,CUST-1078,PROD-233,Beauty,Skincare,3,14129.24,0.04,2930.38,No
ORD-101674,2024-10-14,2024-10-18,CUST-1265,PROD-285,Electronics,Smartwatch,4,31439.85,0.19,-2013.66,No
ORD-101675,2024-02-09,2024-02-11,CUST-1177,PROD-213,Electronics,Smartwatch,2,4383.59,0.08,4.69,No
ORD-101676,2024-07-07,2024-07-11,CUST-1005,PROD-213,Beauty,Skincare,1,36114.66,0.15,-2353.1,No
ORD-101677,2024-09-10,2024-09-11,CUST-1081,PROD-216,Electronics,Smartwatch,5,13896.21,0.11,967.16,No
ORD-101678,2023-05-25,2023-05-26,CUST-1272,PROD-471,Books,Fiction,3,9153.95,0.09,-789.15,No
ORD-101679,2023-02-15,2023-02-16,CUST-1111,PROD-453,Beauty,Makeup,5,27105.86,0.12,543.18,No
ORD-101680,2023-05-01,2023-05-04,CUST-1117,PROD-336,Beauty,Skincare,4,40919.49,0.17,8482.05,Yes
ORD-101681,2024-07-10,2024-07-13,CUST-1262,PROD-387,Fashion,Footwear,4,29614.85,0.22,-1801.89,No
ORD-101682,2023-01-27,2023-01-28,CUST-1287,PROD-352,Fashion,Footwear,4,39272.74,0.17,-2589.0,Yes
ORD-101683,2024-05-14,2024-05-15,CUST-1186,PROD-445,Beauty,Makeup,4,21376.14,0.01,-821.28,No
ORD-101684,2024-04-16,2024-04-18,CUST-1150,PROD-224,Home & Kitchen,Cookware,1,3320.69,0.29,162.73,No
ORD-101685,2024-11-14,2024-11-16,CUST-1178,PROD-378,Books,Fiction,3,19179.08,0.06,-748.25,Yes
ORD-101686,2024-07-22,2024-07-25,CUST-1205,PROD-467,Beauty,Makeup,1,45303.34,0.26,-1759.79,No
ORD-101687,2024-02-11,2024-02-16,CUST-1231,PROD-437,Home & Kitchen,Decor,1,35133.83,0.19,-2163.29,No
ORD-101688,2024-08-27,2024-08-30,CUST-1151,PROD-369,Home & Kitchen,Cookware,1,47270.03,0.18,6955.16,Yes
ORD-101689,2024-09-25,2024-09-29,CUST-1077,PROD-477,Fashion,Footwear,5,49317.12,0.02,10001.19,Yes
ORD-101690,2023-05-23,2023-05-24,CUST-1155,PROD-256,Electronics,Smartwatch,1,31130.44,0.13,7474.93,No
ORD-101691,2024-12-02,2024-12-07,CUST-1027,PROD-313,Beauty,Makeup,1,28877.69,0.13,-808.81,No
ORD-101692,2024-06-11,2024-06-16,CUST-1060,PROD-306,Books,Fiction,1,30579.5,0.17,6054.01,No
ORD-101693,2024-11-16,2024-11-20,CUST-1266,PROD-488,Home & Kitchen,Decor,4,8500.71,0.21,1618.18,No
ORD-101694,2023-08-29,2023-08-30,CUST-1132,PROD-252,Home & Kitchen,Decor,2,6808.49,0.27,-70.13,Yes
ORD-101695,2024-01-09,2024-01-12,CUST-1171,PROD-317,Home & Kitchen,Decor,5,1446.56,0.18,-27.59,No
ORD-101696,2024-12-31,2025-01-01,CUST-1207,PROD-286,Fashion,Men Clothing,3,9037.2,0.13,2114.45,No
ORD-101697,2023-08-21,2023-08-26,CUST-1034,PROD-372,Home & Kitchen,Decor,2,14326.4,0.06,-375.99,No
ORD-101698,2023-12-01,2023-12-02,CUST-1054,PROD-487,Home & Kitchen,Furniture,3,48526.62,0.22,8666.63,No
ORD-101699,2024-04-12,2024-04-17,CUST-1195,PROD-220,Books,Education,5,19047.55,0.19,3324.25,No
ORD-101700,2024-05-14,2024-05-17,CUST-1111,PROD-475,Books,Education,5,16376.1,0.04,1396.73,Yes
ORD-101701,2023-03-25,2023-03-28,CUST-1155,PROD-448,Electronics,Smartwatch,1,30799.26,0.16,-1807.45,No
ORD-101702,2024-09-26,2024-09-28,CUST-1047,PROD-267,Books,Fiction,1,7472.13,0.28,-10.07,No
ORD-101703,2023-03-27,2023-03-29,CUST-1167,PROD-235,Electronics,Headphones,2,35882.52,0.09,7596.58,No
ORD-101704,2024-11-13,2024-11-14,CUST-1259,PROD-422,Home & Kitchen,Furniture,1,42168.09,0.18,7962.87,No
ORD-101705,2023-04-10,2023-04-14,CUST-1238,PROD-457,Electronics,Headphones,3,45796.34,0.17,2796.12,No
ORD-101706,2023-05-31,2023-06-02,CUST-1147,PROD-462,Electronics,Mobile,4,29014.29,0.14,-1858.64,No
ORD-101707,2023-04-25,2023-04-29,CUST-1248,PROD-285,Home & Kitchen,Furniture,2,8830.08,0.02,-490.6,No
ORD-101708,2024-08-29,2024-09-01,CUST-1220,PROD-318,Electronics,Laptop,5,47806.71,0.26,472.44,Yes
ORD-101709,2024-08-06,2024-08-10,CUST-1224,PROD-298,Books,Fiction,4,24477.52,0.1,3158.71,No
ORD-101710,2024-05-29,2024-05-31,CUST-1196,PROD-350,Electronics,Laptop,3,12234.16,0.25,-1126.54,No
ORD-101711,2024-06-26,2024-06-29,CUST-1024,PROD-462,Fashion,Men Clothing,2,22711.48,0.17,568.13,No
ORD-101712,2024-12-26,2024-12-28,CUST-1193,PROD-484,Beauty,Skincare,3,1694.59,0.27,10.32,No
ORD-101713,2024-05-18,2024-05-21,CUST-1089,PROD-299,Home & Kitchen,Decor,3,34264.05,0.12,4331.17,Yes
ORD-101714,2023-05-16,2023-05-17,CUST-1109,PROD-382,Books,Fiction,4,4314.69,0.24,513.08,Yes
ORD-101715,2023-03-08,2023-03-09,CUST-1159,PROD-426,Books,Fiction,3,23915.91,0.09,5185.83,No
ORD-101716,2023-05-20,2023-05-23,CUST-1100,PROD-305,Books,Education,1,31604.79,0.01,-2179.56,No
ORD-101717,2024-06-01,2024-06-05,CUST-1098,PROD-327,Home & Kitchen,Furniture,4,32892.74,0.14,7822.78,No
ORD-101718,2024-01-01,2024-01-04,CUST-1042,PROD-316,Books,Fiction,1,23504.01,0.26,106.52,Yes
ORD-101719,2024-12-19,2024-12-22,CUST-1200,PROD-302,Books,Education,2,46054.71,0.12,6035.73,No
ORD-101720,2024-12-16,2024-12-18,CUST-1220,PROD-443,Beauty,Makeup,4,10415.26,0.0,-794.34,No
ORD-101721,2023-08-18,2023-08-23,CUST-1174,PROD-369,Fashion,Women Clothing,4,48180.33,0.13,4482.21,Yes
ORD-101722,2024-10-08,2024-10-11,CUST-1283,PROD-247,Home & Kitchen,Decor,3,37351.89,0.19,-2189.74,No
ORD-101723,2023-02-27,2023-02-28,CUST-1122,PROD-435,Home & Kitchen,Decor,5,29587.18,0.12,3699.76,No
ORD-101724,2024-05-18,2024-05-20,CUST-1248,PROD-388,Electronics,Laptop,4,49188.16,0.12,6845.6,No
ORD-101725,2023-08-03,2023-08-08,CUST-1126,PROD-409,Beauty,Skincare,5,28646.5,0.16,-1114.93,No
ORD-101726,2024-04-18,2024-04-22,CUST-1277,PROD-254,Beauty,Makeup,2,41229.12,0.06,6387.38,No
ORD-101727,2023-10-23,2023-10-26,CUST-1195,PROD-218,Books,Fiction,4,42559.73,0.29,573.57,No
ORD-101728,2024-09-10,2024-09-15,CUST-1195,PROD-305,Fashion,Women Clothing,2,16288.76,0.26,119.68,No
ORD-101729,2024-10-22,2024-10-27,CUST-1090,PROD-431,Fashion,Footwear,5,22076.2,0.04,2073.99,No
ORD-101730,2024-11-28,2024-12-02,CUST-1145,PROD-476,Home & Kitchen,Decor,2,5565.3,0.07,-300.03,Yes
ORD-101731,2024-01-10,2024-01-12,CUST-1208,PROD-414,Beauty,Skincare,3,17510.97,0.13,3382.05,No
ORD-101732,2024-08-28,2024-08-29,CUST-1049,PROD-402,Home & Kitchen,Furniture,3,38903.66,0.18,-1100.18,No
ORD-101733,2024-10-09,2024-10-14,CUST-1257,PROD-380,Books,Fiction,1,32375.24,0.09,2094.01,No
ORD-101734,2023-09-15,2023-09-20,CUST-1283,PROD-338,Electronics,Mobile,3,359.62,0.21,65.23,Yes
ORD-101735,2023-01-02,2023-01-05,CUST-1052,PROD-310,Fashion,Men Clothing,1,31509.89,0.23,-2038.13,Yes
ORD-101736,2024-09-02,2024-09-03,CUST-1167,PROD-384,Fashion,Footwear,5,36200.58,0.16,9047.43,No
ORD-101737,2023-04-18,2023-04-21,CUST-1286,PROD-354,Beauty,Makeup,4,40060.67,0.18,4930.34,Yes
ORD-101738,2024-03-19,2024-03-23,CUST-1134,PROD-203,Electronics,Mobile,5,18829.04,0.05,-1135.52,No
ORD-101739,2023-07-03,2023-07-08,CUST-1276,PROD-295,Books,Fiction,4,36753.68,0.28,8503.85,No
ORD-101740,2023-10-22,2023-10-27,CUST-1031,PROD-437,Books,Fiction,5,49865.56,0.22,9521.26,No
ORD-101741,2024-12-30,2025-01-01,CUST-1001,PROD-286,Fashion,Footwear,1,30812.52,0.16,6380.93,No
ORD-101742,2024-12-08,2024-12-09,CUST-1036,PROD-443,Fashion,Women Clothing,1,48932.73,0.15,8802.43,Yes
ORD-101743,2023-04-01,2023-04-05,CUST-1189,PROD-228,Home & Kitchen,Cookware,2,33249.57,0.08,-1364.25,No
ORD-101744,2023-02-14,2023-02-16,CUST-1203,PROD-377,Books,Education,2,22484.65,0.16,4923.55,No
ORD-101745,2023-09-28,2023-10-03,CUST-1299,PROD-304,Home & Kitchen,Cookware,4,31975.93,0.23,4637.05,No
ORD-101746,2024-03-15,2024-03-19,CUST-1295,PROD-437,Books,Education,3,26726.96,0.11,460.26,No
ORD-101747,2024-12-28,2025-01-01,CUST-1220,PROD-496,Books,Education,2,21689.69,0.15,75.61,No
ORD-101748,2024-03-18,2024-03-19,CUST-1088,PROD-337,Electronics,Mobile,2,13099.62,0.08,2715.77,No
ORD-101749,2024-12-31,2025-01-04,CUST-1249,PROD-221,Electronics,Smartwatch,2,15603.72,0.0,2372.97,Yes
ORD-101750,2023-10-26,2023-10-27,CUST-1263,PROD-305,Home & Kitchen,Cookware,4,20250.24,0.16,4083.95,No
ORD-101751,2024-04-21,2024-04-23,CUST-1037,PROD-343,Electronics,Smartwatch,3,42816.91,0.25,-3113.89,No
ORD-101752,2024-03-19,2024-03-23,CUST-1041,PROD-233,Beauty,Skincare,1,22833.46,0.07,-2121.64,No
ORD-101753,2024-03-30,2024-04-01,CUST-1261,PROD-330,Books,Education,2,19386.47,0.02,32.94,No
ORD-101754,2024-06-29,2024-07-04,CUST-1281,PROD-384,Books,Education,1,664.03,0.03,-57.37,No
ORD-101755,2023-12-18,2023-12-20,CUST-1032,PROD-406,Fashion,Footwear,1,7926.71,0.19,-370.62,No
ORD-101756,2024-10-21,2024-10-25,CUST-1259,PROD-214,Books,Education,2,42855.09,0.15,3136.26,No
ORD-101757,2024-11-23,2024-11-26,CUST-1158,PROD-355,Books,Fiction,1,28935.3,0.18,1128.99,Yes
ORD-101758,2023-06-20,2023-06-22,CUST-1001,PROD-323,Home & Kitchen,Furniture,1,47642.87,0.28,-2404.33,No
ORD-101759,2024-10-10,2024-10-12,CUST-1190,PROD-339,Electronics,Smartwatch,3,24850.51,0.17,-383.8,No
ORD-101760,2023-02-23,2023-02-28,CUST-1066,PROD-378,Electronics,Laptop,2,35676.61,0.22,3194.11,No
ORD-101761,2023-09-28,2023-09-30,CUST-1121,PROD-445,Beauty,Makeup,5,28564.32,0.09,191.19,Yes
ORD-101762,2023-12-16,2023-12-21,CUST-1143,PROD-466,Beauty,Makeup,2,43650.98,0.11,764.52,No
ORD-101763,2023-04-15,2023-04-18,CUST-1158,PROD-398,Books,Fiction,1,33237.42,0.17,2988.75,No
ORD-101764,2023-01-11,2023-01-14,CUST-1026,PROD-309,Home & Kitchen,Decor,5,29301.93,0.18,731.24,No
ORD-101765,2024-10-31,2024-11-04,CUST-1083,PROD-259,Fashion,Footwear,2,15141.99,0.21,2786.1,No
ORD-101766,2024-01-08,2024-01-13,CUST-1187,PROD-410,Home & Kitchen,Cookware,2,21707.41,0.26,3988.16,No
ORD-101767,2024-03-14,2024-03-15,CUST-1138,PROD-480,Fashion,Women Clothing,1,817.21,0.27,87.97,No
ORD-101768,2024-09-17,2024-09-21,CUST-1275,PROD-454,Fashion,Women Clothing,1,43399.03,0.05,2662.81,No
ORD-101769,2023-03-26,2023-03-27,CUST-1140,PROD-260,Books,Fiction,4,25461.97,0.23,1834.5,No
ORD-101770,2023-11-23,2023-11-27,CUST-1178,PROD-468,Beauty,Makeup,2,9995.49,0.1,301.64,Yes
ORD-101771,2023-04-25,2023-04-27,CUST-1081,PROD-461,Electronics,Smartwatch,5,24404.72,0.02,-1497.13,No
ORD-101772,2023-11-03,2023-11-04,CUST-1132,PROD-281,Electronics,Laptop,2,25007.07,0.3,-716.31,Yes
ORD-101773,2024-05-02,2024-05-04,CUST-1293,PROD-246,Fashion,Women Clothing,5,4171.77,0.29,-166.33,No
ORD-101774,2024-12-29,2025-01-01,CUST-1274,PROD-466,Home & Kitchen,Decor,1,9429.78,0.24,437.76,No
ORD-101775,2023-09-02,2023-09-07,CUST-1000,PROD-364,Electronics,Headphones,1,12159.44,0.26,1749.95,No
ORD-101776,2023-01-05,2023-01-08,CUST-1145,PROD-225,Books,Education,4,27059.07,0.03,-2019.21,No
ORD-101777,2023-10-30,2023-11-02,CUST-1267,PROD-388,Books,Education,4,22561.5,0.02,35.32,No
ORD-101778,2024-11-23,2024-11-26,CUST-1210,PROD-440,Home & Kitchen,Furniture,5,17955.85,0.18,-1444.91,No
ORD-101779,2024-08-09,2024-08-12,CUST-1279,PROD-418,Home & Kitchen,Cookware,4,29664.51,0.26,44.36,No
ORD-101780,2024-07-31,2024-08-03,CUST-1183,PROD-443,Books,Fiction,1,15462.99,0.01,1585.3,No
ORD-101781,2024-01-15,2024-01-18,CUST-1156,PROD-241,Home & Kitchen,Decor,5,24524.66,0.02,-246.32,No
ORD-101782,2023-11-15,2023-11-17,CUST-1181,PROD-428,Home & Kitchen,Decor,3,1774.27,0.18,351.48,No
ORD-101783,2023-05-13,2023-05-17,CUST-1136,PROD-222,Fashion,Footwear,3,36553.77,0.03,435.54,No
ORD-101784,2023-03-09,2023-03-10,CUST-1024,PROD-403,Electronics,Smartwatch,4,48095.66,0.01,10428.67,No
ORD-101785,2023-01-23,2023-01-27,CUST-1072,PROD-391,Home & Kitchen,Decor,5,13424.71,0.15,1603.89,No
ORD-101786,2023-04-02,2023-04-06,CUST-1298,PROD-457,Home & Kitchen,Furniture,2,31964.09,0.3,1505.45,Yes
ORD-101787,2024-04-07,2024-04-10,CUST-1195,PROD-430,Books,Education,1,30638.11,0.23,-1013.25,Yes
ORD-101788,2024-11-18,2024-11-21,CUST-1204,PROD-418,Books,Education,3,9656.04,0.23,-196.51,No
ORD-101789,2024-10-26,2024-10-29,CUST-1147,PROD-477,Fashion,Men Clothing,5,42720.56,0.0,5803.82,Yes
ORD-101790,2023-08-18,2023-08-23,CUST-1099,PROD-367,Beauty,Makeup,4,18726.94,0.01,-1040.31,No
ORD-101791,2023-03-09,2023-03-14,CUST-1152,PROD-401,Beauty,Skincare,4,27535.87,0.15,1662.93,Yes
ORD-101792,2024-03-16,2024-03-21,CUST-1299,PROD-273,Home & Kitchen,Furniture,5,25846.59,0.1,4536.65,No
ORD-101793,2024-09-08,2024-09-13,CUST-1029,PROD-378,Home & Kitchen,Decor,2,14158.21,0.07,-1321.84,No
ORD-101794,2024-06-01,2024-06-04,CUST-1103,PROD-386,Beauty,Makeup,4,27269.23,0.26,1718.46,No
ORD-101795,2023-06-13,2023-06-16,CUST-1268,PROD-494,Electronics,Laptop,2,5249.39,0.08,-1.53,Yes
ORD-101796,2023-08-08,2023-08-12,CUST-1148,PROD-321,Books,Education,5,26227.68,0.29,994.33,No
ORD-101797,2024-06-08,2024-06-09,CUST-1240,PROD-284,Home & Kitchen,Furniture,3,30125.54,0.08,889.55,Yes
ORD-101798,2023-04-28,2023-05-01,CUST-1119,PROD-267,Books,Fiction,4,39452.56,0.09,5427.63,Yes
ORD-101799,2023-09-18,2023-09-20,CUST-1204,PROD-459,Fashion,Men Clothing,3,18598.27,0.24,2174.59,No
ORD-101800,2024-12-14,2024-12-19,CUST-1184,PROD-496,Books,Education,3,25694.46,0.13,-2493.19,Yes
ORD-101801,2024-09-29,2024-10-02,CUST-1235,PROD-257,Electronics,Mobile,5,38717.05,0.17,6560.79,No
ORD-101802,2023-04-01,2023-04-06,CUST-1086,PROD-292,Electronics,Laptop,1,3661.85,0.03,558.69,No
ORD-101803,2024-05-08,2024-05-10,CUST-1226,PROD-430,Electronics,Mobile,5,21103.67,0.03,-1581.95,No
ORD-101804,2024-05-17,2024-05-18,CUST-1247,PROD-420,Fashion,Footwear,2,25443.07,0.25,3039.48,No
ORD-101805,2023-04-16,2023-04-21,CUST-1034,PROD-304,Fashion,Footwear,1,10454.45,0.05,71.62,No
ORD-101806,2023-09-12,2023-09-17,CUST-1229,PROD-424,Fashion,Women Clothing,5,5688.61,0.25,637.81,Yes
ORD-101807,2024-04-18,2024-04-21,CUST-1058,PROD-273,Books,Fiction,3,10530.66,0.17,2185.93,No
ORD-101808,2024-07-20,2024-07-22,CUST-1233,PROD-320,Home & Kitchen,Cookware,1,3293.78,0.07,26.97,No
ORD-101809,2024-09-20,2024-09-22,CUST-1148,PROD-246,Fashion,Women Clothing,4,25717.71,0.13,1594.41,No
ORD-101810,2024-05-19,2024-05-24,CUST-1013,PROD-363,Books,Education,5,7136.32,0.02,147.23,No
ORD-101811,2024-11-04,2024-11-07,CUST-1191,PROD-288,Home & Kitchen,Cookware,1,29922.31,0.28,7446.05,No
ORD-101812,2023-08-16,2023-08-21,CUST-1270,PROD-405,Home & Kitchen,Furniture,4,40439.1,0.11,9197.28,No
ORD-101813,2023-06-12,2023-06-14,CUST-1167,PROD-356,Electronics,Smartwatch,2,13926.12,0.28,-641.4,Yes
ORD-101814,2023-01-08,2023-01-09,CUST-1111,PROD-321,Electronics,Laptop,3,3957.56,0.29,366.71,No
ORD-101815,2024-02-23,2024-02-24,CUST-1281,PROD-258,Fashion,Men Clothing,2,13002.01,0.25,-250.13,No
ORD-101816,2024-07-24,2024-07-26,CUST-1143,PROD-500,Fashion,Footwear,1,25517.1,0.05,3764.74,No
ORD-101817,2023-02-26,2023-02-28,CUST-1156,PROD-286,Fashion,Men Clothing,1,6608.38,0.21,-602.61,No
ORD-101818,2023-12-17,2023-12-20,CUST-1074,PROD-210,Beauty,Makeup,3,48250.31,0.19,4147.04,No
ORD-101819,2024-01-21,2024-01-23,CUST-1166,PROD-432,Fashion,Men Clothing,4,47455.1,0.12,-2725.61,No
ORD-101820,2024-01-18,2024-01-22,CUST-1247,PROD-204,Beauty,Makeup,4,37212.44,0.15,5533.26,No
ORD-101821,2024-05-14,2024-05-19,CUST-1292,PROD-211,Electronics,Smartwatch,2,18233.43,0.16,-1807.4,No
ORD-101822,2023-05-26,2023-05-30,CUST-1026,PROD-249,Beauty,Makeup,1,15933.8,0.24,295.98,No
ORD-101823,2024-10-20,2024-10-22,CUST-1060,PROD-399,Beauty,Skincare,4,49467.87,0.2,4221.09,No
ORD-101824,2024-12-03,2024-12-07,CUST-1136,PROD-499,Home & Kitchen,Cookware,2,19429.42,0.09,4341.77,No
ORD-101825,2024-04-20,2024-04-24,CUST-1292,PROD-329,Beauty,Skincare,1,18287.98,0.02,212.49,No
ORD-101826,2023-05-17,2023-05-18,CUST-1085,PROD-202,Home & Kitchen,Furniture,2,36468.34,0.03,-3267.94,No
ORD-101827,2024-04-01,2024-04-06,CUST-1157,PROD-252,Fashion,Women Clothing,1,11946.07,0.0,-58.05,No
ORD-101828,2024-03-18,2024-03-19,CUST-1249,PROD-362,Books,Education,2,7125.67,0.23,1085.84,Yes
ORD-101829,2023-02-05,2023-02-10,CUST-1247,PROD-372,Electronics,Smartwatch,5,18549.48,0.29,3427.49,Yes
ORD-101830,2024-10-04,2024-10-09,CUST-1043,PROD-422,Electronics,Laptop,4,47944.93,0.17,4560.25,No
ORD-101831,2023-02-16,2023-02-17,CUST-1211,PROD-459,Home & Kitchen,Cookware,3,49236.61,0.1,5156.2,Yes
ORD-101832,2023-01-23,2023-01-24,CUST-1079,PROD-314,Home & Kitchen,Decor,3,12728.06,0.25,-553.49,No
ORD-101833,2023-12-01,2023-12-03,CUST-1219,PROD-386,Beauty,Makeup,3,47280.02,0.28,-3750.47,No
ORD-101834,2024-01-22,2024-01-24,CUST-1209,PROD-429,Fashion,Women Clothing,5,1192.34,0.04,38.09,Yes
ORD-101835,2024-12-26,2024-12-30,CUST-1300,PROD-259,Home & Kitchen,Decor,4,25378.66,0.05,4783.91,Yes
ORD-101836,2023-11-16,2023-11-21,CUST-1167,PROD-340,Fashion,Footwear,1,39922.48,0.13,9603.21,No
ORD-101837,2024-05-25,2024-05-28,CUST-1228,PROD-450,Electronics,Smartwatch,4,5040.81,0.1,-185.7,No
ORD-101838,2024-10-07,2024-10-11,CUST-1233,PROD-253,Home & Kitchen,Furniture,5,48539.05,0.27,3443.04,Yes
ORD-101839,2024-03-03,2024-03-07,CUST-1253,PROD-328,Fashion,Women Clothing,5,38036.92,0.25,-2529.89,Yes
ORD-101840,2024-03-19,2024-03-22,CUST-1082,PROD-455,Books,Education,1,33316.85,0.21,4653.51,Yes
ORD-101841,2024-03-25,2024-03-29,CUST-1149,PROD-492,Books,Fiction,4,13722.83,0.03,-935.27,No
ORD-101842,2023-04-18,2023-04-23,CUST-1133,PROD-329,Electronics,Smartwatch,2,43455.56,0.03,-4107.45,No
ORD-101843,2024-01-21,2024-01-26,CUST-1125,PROD-369,Home & Kitchen,Furniture,3,16767.23,0.05,1796.74,No
ORD-101844,2023-02-25,2023-02-28,CUST-1019,PROD-386,Home & Kitchen,Furniture,2,45817.93,0.2,2101.64,No
ORD-101845,2023-01-01,2023-01-02,CUST-1233,PROD-267,Beauty,Skincare,3,15845.11,0.28,2070.87,No
ORD-101846,2024-06-17,2024-06-18,CUST-1148,PROD-414,Fashion,Men Clothing,4,18731.17,0.2,2038.65,No
ORD-101847,2023-01-27,2023-01-30,CUST-1297,PROD-467,Fashion,Women Clothing,3,7944.02,0.14,1381.77,No
ORD-101848,2023-10-12,2023-10-13,CUST-1256,PROD-375,Books,Fiction,3,36582.29,0.06,-247.76,No
ORD-101849,2023-04-19,2023-04-22,CUST-1213,PROD-490,Home & Kitchen,Cookware,3,43036.35,0.24,-964.78,No
ORD-101850,2024-06-29,2024-07-01,CUST-1150,PROD-470,Books,Education,3,13983.19,0.05,260.91,No
ORD-101851,2023-10-28,2023-10-29,CUST-1218,PROD-254,Home & Kitchen,Cookware,3,20035.95,0.17,2624.82,No
ORD-101852,2023-12-03,2023-12-06,CUST-1000,PROD-243,Beauty,Skincare,5,2587.42,0.1,-30.57,No
ORD-101853,2023-12-27,2023-12-28,CUST-1072,PROD-468,Fashion,Men Clothing,1,20529.93,0.06,-358.09,No
ORD-101854,2024-09-17,2024-09-22,CUST-1071,PROD-328,Beauty,Makeup,3,14302.8,0.16,-783.1,No
ORD-101855,2024-04-14,2024-04-19,CUST-1016,PROD-200,Electronics,Headphones,1,47497.47,0.28,663.81,No
ORD-101856,2023-12-04,2023-12-08,CUST-1204,PROD-491,Beauty,Makeup,4,49284.62,0.19,-3081.5,No
ORD-101857,2023-10-01,2023-10-04,CUST-1110,PROD-312,Home & Kitchen,Decor,1,21956.6,0.02,1142.28,No
ORD-101858,2024-04-03,2024-04-07,CUST-1032,PROD-256,Electronics,Headphones,5,40852.36,0.2,-516.73,No
ORD-101859,2024-03-11,2024-03-13,CUST-1270,PROD-442,Books,Education,5,14115.31,0.06,2831.33,No
ORD-101860,2023-04-11,2023-04-13,CUST-1240,PROD-460,Fashion,Women Clothing,1,28650.3,0.2,3985.98,Yes
ORD-101861,2024-02-20,2024-02-25,CUST-1252,PROD-375,Books,Fiction,2,4896.13,0.02,-280.53,Yes
ORD-101862,2024-05-07,2024-05-09,CUST-1196,PROD-249,Books,Fiction,4,46213.36,0.15,8171.19,No
ORD-101863,2023-02-21,2023-02-24,CUST-1276,PROD-236,Home & Kitchen,Decor,5,44262.37,0.08,3320.01,No
ORD-101864,2024-05-29,2024-06-01,CUST-1073,PROD-434,Fashion,Men Clothing,3,22059.29,0.29,1118.24,No
ORD-101865,2023-11-08,2023-11-12,CUST-1155,PROD-294,Beauty,Skincare,3,2449.25,0.07,568.09,No
ORD-101866,2023-10-07,2023-10-10,CUST-1066,PROD-265,Books,Fiction,4,4691.78,0.29,294.05,No
ORD-101867,2024-03-03,2024-03-06,CUST-1209,PROD-370,Beauty,Skincare,1,32989.91,0.11,7302.64,Yes
ORD-101868,2024-06-09,2024-06-14,CUST-1199,PROD-299,Home & Kitchen,Decor,1,31829.55,0.28,5713.66,No
ORD-101869,2024-03-01,2024-03-05,CUST-1294,PROD-362,Books,Fiction,3,27330.27,0.06,167.85,No
ORD-101870,2023-09-30,2023-10-05,CUST-1255,PROD-300,Electronics,Mobile,1,18278.85,0.0,3811.5,No
ORD-101871,2024-07-25,2024-07-27,CUST-1280,PROD-476,Books,Education,2,22828.34,0.03,-2278.84,No
ORD-101872,2023-05-16,2023-05-21,CUST-1054,PROD-303,Home & Kitchen,Decor,3,43418.15,0.19,6689.59,No
ORD-101873,2024-05-18,2024-05-21,CUST-1007,PROD-485,Home & Kitchen,Cookware,4,39132.66,0.07,-3549.72,No
ORD-101874,2023-12-19,2023-12-24,CUST-1016,PROD-446,Home & Kitchen,Decor,5,34479.75,0.16,5585.29,Yes
ORD-101875,2024-05-11,2024-05-12,CUST-1242,PROD-285,Electronics,Headphones,1,44914.39,0.08,10152.56,No
ORD-101876,2024-04-07,2024-04-09,CUST-1149,PROD-291,Books,Education,5,45101.25,0.02,4571.28,No
ORD-101877,2024-02-02,2024-02-03,CUST-1192,PROD-437,Home & Kitchen,Decor,3,6188.14,0.28,-232.08,No
ORD-101878,2024-04-07,2024-04-08,CUST-1118,PROD-407,Home & Kitchen,Cookware,3,14465.76,0.08,2927.46,No
ORD-101879,2024-12-31,2025-01-04,CUST-1073,PROD-345,Fashion,Men Clothing,5,46927.6,0.22,11342.47,Yes
ORD-101880,2024-06-18,2024-06-19,CUST-1221,PROD-413,Beauty,Makeup,2,23800.56,0.14,155.68,No
ORD-101881,2024-08-26,2024-08-27,CUST-1166,PROD-265,Electronics,Laptop,4,23450.49,0.05,1346.95,No
ORD-101882,2024-04-01,2024-04-03,CUST-1048,PROD-340,Home & Kitchen,Decor,1,40470.47,0.27,-1687.85,No
ORD-101883,2023-11-23,2023-11-26,CUST-1086,PROD-346,Electronics,Mobile,2,48069.69,0.19,8256.97,No
ORD-101884,2024-12-25,2024-12-26,CUST-1289,PROD-288,Fashion,Footwear,1,8535.68,0.3,1951.81,Yes
ORD-101885,2023-06-27,2023-06-29,CUST-1256,PROD-210,Electronics,Headphones,2,1722.27,0.04,310.83,No
ORD-101886,2024-10-14,2024-10-16,CUST-1208,PROD-423,Home & Kitchen,Cookware,5,43608.59,0.28,270.08,Yes
ORD-101887,2024-10-31,2024-11-05,CUST-1140,PROD-486,Beauty,Skincare,3,752.9,0.09,131.38,Yes
ORD-101888,2024-08-09,2024-08-10,CUST-1084,PROD-430,Home & Kitchen,Cookware,4,12703.06,0.03,2490.39,No
ORD-101889,2023-04-13,2023-04-17,CUST-1267,PROD-227,Books,Education,3,49654.11,0.27,-2209.45,Yes
ORD-101890,2023-10-06,2023-10-09,CUST-1066,PROD-250,Fashion,Footwear,4,4611.42,0.11,492.33,No
ORD-101891,2024-10-24,2024-10-25,CUST-1016,PROD-297,Books,Fiction,5,25154.78,0.12,-916.38,No
ORD-101892,2024-02-29,2024-03-03,CUST-1015,PROD-467,Fashion,Men Clothing,1,41183.22,0.17,-2159.73,No
ORD-101893,2023-01-02,2023-01-05,CUST-1122,PROD-467,Home & Kitchen,Furniture,1,42362.91,0.06,7652.87,No
ORD-101894,2023-06-03,2023-06-08,CUST-1163,PROD-402,Electronics,Smartwatch,2,17777.45,0.3,3707.11,No
ORD-101895,2024-01-24,2024-01-29,CUST-1003,PROD-458,Books,Education,5,40535.68,0.12,-2880.13,Yes
ORD-101896,2023-05-25,2023-05-30,CUST-1180,PROD-346,Books,Fiction,1,3513.91,0.25,-177.95,No
ORD-101897,2023-02-08,2023-02-10,CUST-1075,PROD-204,Electronics,Headphones,1,474.3,0.17,88.28,Yes
ORD-101898,2023-09-30,2023-10-03,CUST-1288,PROD-202,Books,Fiction,4,34024.64,0.16,4159.09,No
ORD-101899,2023-04-15,2023-04-20,CUST-1162,PROD-290,Beauty,Skincare,4,31837.73,0.27,-544.94,Yes
ORD-101900,2024-02-02,2024-02-04,CUST-1141,PROD-476,Fashion,Women Clothing,1,48008.68,0.2,4619.57,No
ORD-101901,2023-04-17,2023-04-21,CUST-1155,PROD-255,Beauty,Skincare,4,40425.02,0.14,-2781.95,No
ORD-101902,2023-03-06,2023-03-08,CUST-1207,PROD-372,Electronics,Smartwatch,1,6024.65,0.13,954.21,No
ORD-101903,2024-05-28,2024-06-02,CUST-1046,PROD-455,Fashion,Women Clothing,3,45499.08,0.18,1951.57,No
ORD-101904,2024-06-14,2024-06-16,CUST-1005,PROD-212,Electronics,Laptop,1,18549.62,0.07,140.87,No
ORD-101905,2023-06-10,2023-06-12,CUST-1060,PROD-354,Beauty,Makeup,4,7939.24,0.05,-519.65,Yes
ORD-101906,2023-12-16,2023-12-17,CUST-1003,PROD-243,Electronics,Laptop,5,44358.35,0.18,10273.72,Yes
ORD-101907,2023-04-02,2023-04-04,CUST-1163,PROD-245,Fashion,Footwear,2,1415.49,0.01,67.56,Yes
ORD-101908,2023-02-07,2023-02-11,CUST-1173,PROD-218,Electronics,Smartwatch,4,41082.15,0.28,1726.82,No
ORD-101909,2023-10-01,2023-10-05,CUST-1145,PROD-234,Electronics,Smartwatch,5,2986.86,0.07,656.45,Yes
ORD-101910,2024-04-15,2024-04-16,CUST-1192,PROD-370,Home & Kitchen,Cookware,4,32632.07,0.29,-1995.92,No
ORD-101911,2024-01-24,2024-01-26,CUST-1193,PROD-449,Electronics,Headphones,4,37339.48,0.08,-2493.05,No
ORD-101912,2024-02-03,2024-02-07,CUST-1052,PROD-384,Electronics,Mobile,3,43782.32,0.06,9322.09,No
ORD-101913,2023-11-22,2023-11-25,CUST-1168,PROD-455,Home & Kitchen,Cookware,3,18101.45,0.08,3479.89,No
ORD-101914,2024-08-06,2024-08-07,CUST-1183,PROD-392,Books,Education,1,46508.06,0.28,2258.8,No
ORD-101915,2023-07-10,2023-07-12,CUST-1065,PROD-238,Books,Fiction,1,22669.47,0.27,662.88,No
ORD-101916,2024-04-26,2024-04-30,CUST-1269,PROD-475,Beauty,Skincare,1,39678.96,0.04,3192.73,No
ORD-101917,2023-08-13,2023-08-14,CUST-1102,PROD-398,Beauty,Makeup,5,21683.45,0.3,1991.89,No
ORD-101918,2023-06-18,2023-06-22,CUST-1244,PROD-457,Fashion,Footwear,4,36700.03,0.12,7275.1,No
ORD-101919,2024-11-13,2024-11-14,CUST-1032,PROD-381,Fashion,Men Clothing,5,15234.75,0.12,-913.36,Yes
ORD-101920,2024-04-07,2024-04-09,CUST-1292,PROD-219,Beauty,Skincare,4,18695.64,0.25,-1045.58,No
ORD-101921,2024-06-11,2024-06-12,CUST-1293,PROD-244,Electronics,Mobile,3,4557.85,0.12,495.82,No
ORD-101922,2024-05-13,2024-05-14,CUST-1290,PROD-399,Fashion,Women Clothing,2,8361.26,0.28,1050.28,Yes
ORD-101923,2024-10-19,2024-10-20,CUST-1231,PROD-293,Electronics,Headphones,3,47112.21,0.07,7742.91,No
ORD-101924,2023-09-06,2023-09-08,CUST-1155,PROD-355,Books,Fiction,3,6182.5,0.18,-367.11,No
ORD-101925,2024-05-11,2024-05-16,CUST-1175,PROD-328,Home & Kitchen,Furniture,3,1367.74,0.27,160.38,No
ORD-101926,2024-06-14,2024-06-16,CUST-1126,PROD-332,Fashion,Men Clothing,5,8424.87,0.05,753.63,No
ORD-101927,2023-07-03,2023-07-05,CUST-1024,PROD-329,Electronics,Laptop,4,42331.6,0.18,-648.05,No
ORD-101928,2023-04-25,2023-04-26,CUST-1225,PROD-286,Books,Education,1,24819.58,0.24,113.89,No
ORD-101929,2024-11-22,2024-11-27,CUST-1288,PROD-400,Beauty,Skincare,2,501.7,0.18,-24.64,No
ORD-101930,2023-04-05,2023-04-07,CUST-1172,PROD-342,Books,Fiction,3,26564.21,0.21,3638.99,No
ORD-101931,2023-02-10,2023-02-14,CUST-1229,PROD-303,Home & Kitchen,Decor,5,4145.56,0.06,53.3,Yes
ORD-101932,2024-04-18,2024-04-19,CUST-1124,PROD-413,Books,Education,3,11532.82,0.07,368.4,No
ORD-101933,2024-09-14,2024-09-18,CUST-1286,PROD-442,Beauty,Skincare,1,16111.69,0.29,2532.67,No
ORD-101934,2024-12-01,2024-12-03,CUST-1123,PROD-431,Fashion,Men Clothing,4,22683.21,0.02,1753.45,Yes
ORD-101935,2023-08-14,2023-08-19,CUST-1149,PROD-497,Fashion,Men Clothing,1,3756.92,0.2,34.65,Yes
ORD-101936,2023-02-02,2023-02-04,CUST-1158,PROD-306,Fashion,Footwear,3,45445.29,0.23,-103.61,No
ORD-101937,2023-02-20,2023-02-25,CUST-1151,PROD-250,Home & Kitchen,Cookware,3,11697.52,0.18,1083.13,No
ORD-101938,2023-03-10,2023-03-11,CUST-1291,PROD-216,Books,Education,4,14699.32,0.16,3630.96,No
ORD-101939,2024-12-06,2024-12-08,CUST-1027,PROD-347,Books,Fiction,2,15960.19,0.28,2020.24,No
ORD-101940,2023-03-12,2023-03-14,CUST-1190,PROD-218,Home & Kitchen,Furniture,1,34710.94,0.1,2588.93,No
ORD-101941,2023-06-17,2023-06-18,CUST-1082,PROD-335,Home & Kitchen,Decor,4,31938.54,0.28,-64.76,No
ORD-101942,2023-05-20,2023-05-22,CUST-1218,PROD-308,Fashion,Women Clothing,4,2172.81,0.16,390.59,No
ORD-101943,2023-04-30,2023-05-05,CUST-1097,PROD-310,Books,Fiction,1,2192.21,0.0,-29.16,No
ORD-101944,2023-12-03,2023-12-07,CUST-1015,PROD-369,Fashion,Footwear,4,30781.52,0.01,161.31,No
ORD-101945,2024-03-09,2024-03-12,CUST-1020,PROD-320,Home & Kitchen,Decor,2,30646.54,0.19,6302.8,No
ORD-101946,2024-04-25,2024-04-27,CUST-1252,PROD-203,Beauty,Skincare,4,32496.03,0.09,-844.21,No
ORD-101947,2023-05-03,2023-05-08,CUST-1089,PROD-423,Beauty,Makeup,3,21814.45,0.23,3773.87,No
ORD-101948,2024-12-25,2024-12-28,CUST-1292,PROD-416,Beauty,Makeup,2,2254.89,0.11,226.38,No
ORD-101949,2024-09-21,2024-09-22,CUST-1275,PROD-212,Electronics,Smartwatch,4,14895.53,0.2,-15.32,No
ORD-101950,2024-04-03,2024-04-04,CUST-1121,PROD-397,Electronics,Smartwatch,3,47225.25,0.11,5620.59,Yes
ORD-101951,2024-08-28,2024-08-30,CUST-1115,PROD-289,Beauty,Makeup,2,24471.72,0.13,1149.36,No
ORD-101952,2024-07-09,2024-07-10,CUST-1225,PROD-349,Home & Kitchen,Cookware,2,25710.3,0.2,-369.9,Yes
ORD-101953,2023-02-25,2023-02-27,CUST-1051,PROD-207,Beauty,Makeup,4,17307.91,0.26,-1189.96,No
ORD-101954,2023-02-27,2023-03-02,CUST-1242,PROD-227,Beauty,Skincare,3,32734.95,0.19,1036.86,No
ORD-101955,2024-09-08,2024-09-13,CUST-1232,PROD-269,Fashion,Women Clothing,5,45411.87,0.27,10312.32,No
ORD-101956,2023-10-22,2023-10-27,CUST-1236,PROD-362,Home & Kitchen,Decor,5,16133.7,0.07,1337.68,No
ORD-101957,2023-06-25,2023-06-30,CUST-1085,PROD-317,Beauty,Skincare,5,23393.03,0.15,1687.69,No
ORD-101958,2023-11-05,2023-11-10,CUST-1174,PROD-432,Books,Education,2,11030.17,0.2,186.04,No
ORD-101959,2024-10-30,2024-11-04,CUST-1111,PROD-364,Home & Kitchen,Cookware,3,30507.6,0.13,2346.74,Yes
ORD-101960,2024-03-03,2024-03-06,CUST-1245,PROD-491,Beauty,Makeup,2,16131.47,0.09,1087.36,No
ORD-101961,2023-04-28,2023-04-30,CUST-1001,PROD-320,Beauty,Skincare,2,2825.36,0.14,-75.46,No
ORD-101962,2024-12-22,2024-12-26,CUST-1110,PROD-417,Beauty,Skincare,3,15819.17,0.02,-1157.78,No
ORD-101963,2024-01-13,2024-01-15,CUST-1000,PROD-282,Electronics,Smartwatch,2,44699.4,0.12,2374.84,No
ORD-101964,2024-05-13,2024-05-17,CUST-1171,PROD-378,Electronics,Mobile,4,418.89,0.13,-22.71,No
ORD-101965,2024-07-05,2024-07-07,CUST-1264,PROD-358,Fashion,Men Clothing,5,10577.89,0.04,1997.03,Yes
ORD-101966,2024-02-26,2024-03-01,CUST-1064,PROD-458,Beauty,Skincare,4,23615.81,0.02,1442.97,Yes
ORD-101967,2024-02-04,2024-02-06,CUST-1239,PROD-378,Home & Kitchen,Furniture,4,22351.62,0.03,-61.08,Yes
ORD-101968,2024-11-27,2024-11-28,CUST-1299,PROD-292,Electronics,Smartwatch,4,47933.6,0.15,11792.32,No
ORD-101969,2024-09-21,2024-09-24,CUST-1057,PROD-350,Electronics,Mobile,2,29593.79,0.06,3063.37,Yes
ORD-101970,2024-08-27,2024-09-01,CUST-1058,PROD-226,Electronics,Laptop,2,24039.5,0.22,271.04,No
ORD-101971,2024-08-13,2024-08-16,CUST-1119,PROD-412,Home & Kitchen,Cookware,1,24365.42,0.21,334.13,Yes
ORD-101972,2023-02-27,2023-02-28,CUST-1111,PROD-205,Books,Fiction,5,43092.22,0.11,-502.49,No
ORD-101973,2023-01-18,2023-01-20,CUST-1270,PROD-341,Home & Kitchen,Cookware,2,31145.72,0.14,1223.63,No
ORD-101974,2024-10-29,2024-10-31,CUST-1005,PROD-356,Home & Kitchen,Decor,4,39849.33,0.05,1568.33,No
ORD-101975,2024-01-25,2024-01-26,CUST-1066,PROD-370,Books,Education,4,16629.83,0.21,1504.25,No
ORD-101976,2024-08-09,2024-08-13,CUST-1079,PROD-210,Fashion,Women Clothing,5,37720.89,0.28,1115.21,Yes
ORD-101977,2024-11-01,2024-11-06,CUST-1109,PROD-240,Home & Kitchen,Cookware,2,31343.89,0.07,2450.6,Yes
ORD-101978,2024-06-06,2024-06-07,CUST-1147,PROD-468,Home & Kitchen,Decor,5,2301.27,0.1,316.0,Yes
ORD-101979,2023-12-08,2023-12-13,CUST-1184,PROD-400,Beauty,Makeup,5,5584.77,0.11,-504.39,No
ORD-101980,2024-02-10,2024-02-13,CUST-1068,PROD-202,Books,Education,5,14813.13,0.05,2429.94,No
ORD-101981,2024-11-26,2024-11-30,CUST-1101,PROD-330,Fashion,Women Clothing,3,39087.75,0.06,3064.42,Yes
ORD-101982,2024-01-19,2024-01-24,CUST-1115,PROD-228,Fashion,Footwear,5,18949.73,0.22,4104.17,No
ORD-101983,2023-06-20,2023-06-23,CUST-1144,PROD-243,Home & Kitchen,Furniture,1,9047.31,0.15,455.43,No
ORD-101984,2023-07-31,2023-08-05,CUST-1120,PROD-471,Home & Kitchen,Decor,1,28078.37,0.05,4812.77,No
ORD-101985,2023-12-20,2023-12-25,CUST-1260,PROD-477,Electronics,Laptop,5,3603.18,0.03,-210.28,Yes
ORD-101986,2023-01-03,2023-01-08,CUST-1268,PROD-464,Home & Kitchen,Furniture,1,49371.97,0.18,6148.04,No
ORD-101987,2024-02-20,2024-02-25,CUST-1129,PROD-337,Beauty,Makeup,5,4192.96,0.04,825.06,Yes
ORD-101988,2024-05-25,2024-05-27,CUST-1167,PROD-364,Books,Fiction,4,41862.61,0.14,7564.51,No
ORD-101989,2024-10-10,2024-10-14,CUST-1120,PROD-307,Home & Kitchen,Cookware,4,44026.49,0.13,8722.44,No
ORD-101990,2023-07-14,2023-07-15,CUST-1003,PROD-476,Home & Kitchen,Decor,1,25423.28,0.05,-1579.04,Yes
ORD-101991,2024-11-13,2024-11-14,CUST-1296,PROD-391,Beauty,Skincare,2,45172.28,0.07,2280.14,Yes
ORD-101992,2024-02-04,2024-02-07,CUST-1000,PROD-226,Fashion,Footwear,5,38111.6,0.28,5636.13,No
ORD-101993,2023-05-31,2023-06-05,CUST-1045,PROD-272,Fashion,Men Clothing,1,14929.06,0.06,2143.15,No
ORD-101994,2023-01-12,2023-01-17,CUST-1139,PROD-488,Fashion,Women Clothing,4,5168.47,0.07,777.72,No
ORD-101995,2023-09-16,2023-09-20,CUST-1074,PROD-487,Fashion,Women Clothing,5,12012.44,0.17,-1159.31,No
ORD-101996,2024-09-10,2024-09-13,CUST-1072,PROD-340,Electronics,Smartwatch,5,43177.63,0.11,-301.35,No
ORD-101997,2024-05-13,2024-05-18,CUST-1266,PROD-471,Fashion,Women Clothing,1,7532.74,0.08,1503.6,No
ORD-101998,2024-05-02,2024-05-04,CUST-1200,PROD-255,Books,Education,3,4895.94,0.07,-468.04,Yes
ORD-101999,2024-04-16,2024-04-21,CUST-1299,PROD-301,Books,Fiction,2,21664.76,0.16,4331.51,No
ORD-102000,2024-05-18,2024-05-20,CUST-1231,PROD-399,Home & Kitchen,Furniture,2,556.07,0.12,67.93,No
ORD-102001,2023-04-19,2023-04-24,CUST-1224,PROD-432,Beauty,Makeup,5,39921.03,0.18,5807.28,Yes
ORD-102002,2023-10-30,2023-10-31,CUST-1183,PROD-308,Home & Kitchen,Cookware,5,13618.72,0.28,1451.28,Yes
ORD-102003,2024-11-08,2024-11-13,CUST-1111,PROD-402,Books,Education,2,26612.82,0.03,-1524.04,No
ORD-102004,2024-06-23,2024-06-24,CUST-1265,PROD-420,Books,Education,2,34690.64,0.25,7316.24,No
ORD-102005,2024-06-30,2024-07-02,CUST-1124,PROD-214,Fashion,Women Clothing,4,15260.27,0.06,2929.53,No
ORD-102006,2024-02-05,2024-02-09,CUST-1200,PROD-498,Beauty,Makeup,5,18813.52,0.22,2118.67,No
ORD-102007,2023-03-01,2023-03-03,CUST-1043,PROD-302,Beauty,Skincare,4,24924.12,0.15,-764.42,No
ORD-102008,2023-11-27,2023-12-02,CUST-1162,PROD-294,Beauty,Makeup,3,48816.2,0.28,5098.89,Yes
ORD-102009,2024-04-06,2024-04-07,CUST-1251,PROD-342,Home & Kitchen,Furniture,2,25834.24,0.2,6358.03,Yes
ORD-102010,2024-10-10,2024-10-13,CUST-1067,PROD-206,Beauty,Makeup,4,12732.25,0.09,1881.0,No
ORD-102011,2023-07-19,2023-07-21,CUST-1164,PROD-253,Beauty,Makeup,2,17635.88,0.06,-1593.55,No
ORD-102012,2023-11-21,2023-11-22,CUST-1013,PROD-393,Fashion,Men Clothing,2,23670.57,0.06,1040.48,No
ORD-102013,2024-06-30,2024-07-04,CUST-1071,PROD-228,Electronics,Smartwatch,3,2638.7,0.01,586.17,No
ORD-102014,2024-09-24,2024-09-27,CUST-1176,PROD-367,Beauty,Skincare,4,16640.1,0.3,-617.69,No
ORD-102015,2024-11-21,2024-11-26,CUST-1156,PROD-459,Books,Education,3,13422.5,0.17,2217.2,No
ORD-102016,2024-09-17,2024-09-21,CUST-1020,PROD-438,Beauty,Makeup,5,32207.56,0.27,2294.89,No
ORD-102017,2023-12-28,2023-12-29,CUST-1024,PROD-287,Beauty,Makeup,4,2522.92,0.18,628.97,No
ORD-102018,2024-01-29,2024-01-31,CUST-1199,PROD-340,Fashion,Men Clothing,2,31753.85,0.18,3301.48,Yes
ORD-102019,2023-01-15,2023-01-18,CUST-1218,PROD-377,Home & Kitchen,Furniture,4,4954.72,0.23,684.45,Yes
ORD-102020,2024-07-01,2024-07-03,CUST-1098,PROD-464,Home & Kitchen,Decor,4,14980.97,0.29,577.27,Yes
ORD-102021,2023-06-04,2023-06-08,CUST-1045,PROD-246,Home & Kitchen,Furniture,4,21771.54,0.2,-216.47,Yes
ORD-102022,2023-03-10,2023-03-13,CUST-1282,PROD-438,Books,Fiction,4,22932.24,0.03,400.44,No
ORD-102023,2024-01-27,2024-02-01,CUST-1147,PROD-219,Home & Kitchen,Decor,5,49873.18,0.12,4998.97,Yes
ORD-102024,2024-03-29,2024-03-30,CUST-1134,PROD-389,Books,Fiction,2,5028.59,0.21,1252.31,No
ORD-102025,2024-12-21,2024-12-26,CUST-1252,PROD-494,Fashion,Footwear,5,6278.98,0.08,-16.88,No
ORD-102026,2023-01-10,2023-01-15,CUST-1054,PROD-475,Home & Kitchen,Cookware,1,10525.66,0.21,-850.48,No
ORD-102027,2024-07-14,2024-07-15,CUST-1206,PROD-381,Books,Education,4,42218.96,0.07,8904.3,No
ORD-102028,2024-05-17,2024-05-18,CUST-1027,PROD-326,Books,Education,4,29186.04,0.16,-833.86,Yes
ORD-102029,2023-04-17,2023-04-22,CUST-1278,PROD-213,Fashion,Footwear,1,29300.68,0.21,5567.49,No
ORD-102030,2024-05-07,2024-05-12,CUST-1144,PROD-251,Books,Fiction,1,1853.11,0.18,52.1,No
ORD-102031,2023-11-16,2023-11-19,CUST-1015,PROD-314,Electronics,Headphones,1,42122.91,0.2,-3320.26,No
ORD-102032,2023-10-30,2023-11-04,CUST-1273,PROD-409,Books,Fiction,4,49813.78,0.15,-1754.93,No
ORD-102033,2024-11-07,2024-11-11,CUST-1195,PROD-275,Beauty,Skincare,4,7672.38,0.17,-218.89,Yes
ORD-102034,2023-08-27,2023-08-28,CUST-1256,PROD-224,Beauty,Skincare,3,34604.13,0.03,6346.26,No
ORD-102035,2024-01-25,2024-01-30,CUST-1213,PROD-302,Beauty,Makeup,2,1069.63,0.12,2.35,No
ORD-102036,2024-06-11,2024-06-16,CUST-1011,PROD-441,Fashion,Footwear,4,35951.94,0.04,8890.09,Yes
ORD-102037,2023-10-24,2023-10-25,CUST-1040,PROD-306,Fashion,Men Clothing,3,43561.15,0.26,-287.3,No
ORD-102038,2023-10-17,2023-10-19,CUST-1195,PROD-353,Books,Education,1,41267.68,0.0,-581.99,No
ORD-102039,2023-01-15,2023-01-18,CUST-1107,PROD-482,Books,Fiction,2,45327.32,0.22,2881.12,No
ORD-102040,2024-10-19,2024-10-23,CUST-1084,PROD-235,Books,Fiction,4,12259.25,0.1,2182.09,Yes
ORD-102041,2023-11-25,2023-11-28,CUST-1016,PROD-383,Beauty,Makeup,5,46220.86,0.26,-2462.81,No
ORD-102042,2023-01-26,2023-01-29,CUST-1025,PROD-345,Books,Education,5,23213.64,0.24,634.9,No
ORD-102043,2024-05-14,2024-05-19,CUST-1199,PROD-237,Books,Fiction,5,5573.46,0.0,101.58,No
ORD-102044,2024-09-21,2024-09-24,CUST-1223,PROD-424,Fashion,Women Clothing,1,24403.95,0.13,-1893.49,No
ORD-102045,2024-08-18,2024-08-20,CUST-1102,PROD-408,Beauty,Skincare,1,36042.06,0.28,5113.37,No
ORD-102046,2024-07-15,2024-07-19,CUST-1066,PROD-474,Beauty,Makeup,1,16064.38,0.16,-1474.81,No
ORD-102047,2023-01-30,2023-02-03,CUST-1033,PROD-429,Electronics,Smartwatch,4,20301.01,0.06,4625.78,No
ORD-102048,2024-12-04,2024-12-07,CUST-1062,PROD-451,Books,Fiction,2,32200.3,0.26,3449.47,No
ORD-102049,2024-09-19,2024-09-23,CUST-1299,PROD-394,Beauty,Skincare,4,48262.69,0.07,-437.18,No
ORD-102050,2023-01-11,2023-01-13,CUST-1230,PROD-269,Home & Kitchen,Furniture,1,41367.7,0.29,4032.53,No
ORD-102051,2024-12-16,2024-12-18,CUST-1252,PROD-491,Electronics,Smartwatch,2,501.25,0.09,-26.72,Yes
ORD-102052,2023-02-16,2023-02-21,CUST-1268,PROD-376,Beauty,Skincare,2,9229.93,0.01,222.84,No
ORD-102053,2024-09-13,2024-09-16,CUST-1150,PROD-394,Books,Education,4,8548.46,0.09,-71.25,No
ORD-102054,2023-02-06,2023-02-10,CUST-1233,PROD-243,Home & Kitchen,Decor,2,46785.87,0.18,-2308.57,Yes
ORD-102055,2024-03-13,2024-03-14,CUST-1100,PROD-387,Beauty,Makeup,2,8870.28,0.29,1876.48,Yes
ORD-102056,2023-07-19,2023-07-22,CUST-1276,PROD-329,Fashion,Men Clothing,3,13358.55,0.29,633.92,No
ORD-102057,2023-05-22,2023-05-26,CUST-1068,PROD-458,Books,Education,4,27067.43,0.26,5722.29,No
ORD-102058,2023-02-04,2023-02-06,CUST-1091,PROD-260,Home & Kitchen,Decor,3,33877.7,0.13,7902.93,No
ORD-102059,2024-06-10,2024-06-13,CUST-1159,PROD-215,Books,Education,2,46079.73,0.03,4244.22,Yes
ORD-102060,2023-07-26,2023-07-29,CUST-1138,PROD-229,Books,Education,2,21010.78,0.23,3402.12,No
ORD-102061,2023-11-01,2023-11-02,CUST-1099,PROD-269,Home & Kitchen,Furniture,2,49826.6,0.16,6424.7,No
ORD-102062,2024-04-08,2024-04-09,CUST-1291,PROD-383,Electronics,Headphones,3,31295.02,0.06,2930.2,Yes
ORD-102063,2024-11-07,2024-11-10,CUST-1123,PROD-366,Books,Education,4,26827.74,0.23,5195.54,No
ORD-102064,2024-11-03,2024-11-08,CUST-1090,PROD-446,Electronics,Headphones,1,7894.9,0.11,-388.9,Yes
ORD-102065,2024-05-29,2024-06-03,CUST-1197,PROD-280,Beauty,Skincare,3,26370.24,0.15,-2439.62,No
ORD-102066,2023-07-19,2023-07-22,CUST-1243,PROD-494,Electronics,Smartwatch,3,15165.69,0.07,3120.92,No
ORD-102067,2023-01-18,2023-01-23,CUST-1205,PROD-448,Electronics,Mobile,4,17961.39,0.01,3982.69,No
ORD-102068,2023-05-14,2023-05-16,CUST-1187,PROD-220,Electronics,Mobile,3,41208.62,0.25,1040.21,No
ORD-102069,2024-06-27,2024-06-28,CUST-1076,PROD-312,Fashion,Footwear,3,8600.58,0.12,618.84,No
ORD-102070,2023-08-01,2023-08-04,CUST-1090,PROD-277,Books,Education,4,24459.11,0.07,4933.72,Yes
ORD-102071,2023-05-01,2023-05-06,CUST-1051,PROD-325,Fashion,Footwear,1,34723.9,0.09,1570.53,Yes
ORD-102072,2023-12-25,2023-12-27,CUST-1084,PROD-338,Electronics,Mobile,5,13748.63,0.28,101.09,Yes
ORD-102073,2023-11-30,2023-12-05,CUST-1250,PROD-409,Books,Education,5,22360.5,0.04,4525.22,No
ORD-102074,2024-12-23,2024-12-28,CUST-1091,PROD-261,Books,Fiction,4,5771.81,0.04,806.51,Yes
ORD-102075,2023-06-09,2023-06-14,CUST-1108,PROD-404,Electronics,Laptop,1,45491.83,0.28,-3388.6,No
ORD-102076,2024-01-18,2024-01-19,CUST-1120,PROD-362,Books,Fiction,3,15894.78,0.21,-1338.06,No
ORD-102077,2024-06-24,2024-06-28,CUST-1046,PROD-353,Books,Fiction,1,6066.48,0.25,865.64,No
ORD-102078,2023-10-20,2023-10-21,CUST-1299,PROD-408,Home & Kitchen,Cookware,4,7086.59,0.11,328.15,No
ORD-102079,2024-04-14,2024-04-17,CUST-1029,PROD-386,Fashion,Women Clothing,1,30878.09,0.19,2296.73,No
ORD-102080,2024-10-22,2024-10-26,CUST-1256,PROD-356,Fashion,Men Clothing,4,9985.44,0.08,-139.71,Yes
ORD-102081,2023-04-01,2023-04-05,CUST-1014,PROD-472,Home & Kitchen,Cookware,5,891.53,0.15,-20.19,No
ORD-102082,2023-02-05,2023-02-06,CUST-1041,PROD-432,Fashion,Women Clothing,4,34012.28,0.1,-2406.06,Yes
ORD-102083,2023-08-19,2023-08-24,CUST-1077,PROD-487,Fashion,Men Clothing,4,34340.16,0.17,6470.05,No
ORD-102084,2023-01-16,2023-01-17,CUST-1288,PROD-367,Beauty,Skincare,5,10850.09,0.0,473.91,No
ORD-102085,2023-04-05,2023-04-08,CUST-1056,PROD-217,Books,Education,1,44312.76,0.22,9937.38,Yes
ORD-102086,2024-09-13,2024-09-18,CUST-1250,PROD-333,Fashion,Women Clothing,4,45373.23,0.28,10243.82,No
ORD-102087,2024-06-23,2024-06-27,CUST-1210,PROD-243,Books,Fiction,3,39425.02,0.11,-3056.39,No
ORD-102088,2024-07-17,2024-07-20,CUST-1208,PROD-447,Beauty,Makeup,4,3700.41,0.22,-65.5,Yes
ORD-102089,2024-02-27,2024-03-03,CUST-1271,PROD-470,Electronics,Headphones,5,18605.13,0.0,3902.89,No
ORD-102090,2024-03-16,2024-03-20,CUST-1234,PROD-325,Home & Kitchen,Decor,1,27503.09,0.15,-1129.31,No
ORD-102091,2024-08-22,2024-08-23,CUST-1283,PROD-250,Books,Fiction,2,42862.26,0.2,9250.45,No
ORD-102092,2024-06-28,2024-06-29,CUST-1052,PROD-406,Beauty,Makeup,2,27996.52,0.07,5143.14,No
ORD-102093,2024-05-23,2024-05-28,CUST-1233,PROD-484,Fashion,Men Clothing,4,44967.57,0.23,9834.23,No
ORD-102094,2024-03-27,2024-03-30,CUST-1143,PROD-288,Books,Education,2,9924.52,0.02,651.78,No
ORD-102095,2024-12-10,2024-12-13,CUST-1121,PROD-256,Fashion,Women Clothing,5,27376.88,0.29,3873.29,No
ORD-102096,2023-01-26,2023-01-29,CUST-1015,PROD-383,Fashion,Women Clothing,2,45698.29,0.26,10058.83,Yes
ORD-102097,2023-04-05,2023-04-09,CUST-1095,PROD-241,Beauty,Makeup,2,37923.14,0.18,147.54,Yes
ORD-102098,2023-02-11,2023-02-13,CUST-1068,PROD-404,Fashion,Footwear,5,41916.95,0.29,6639.09,Yes
ORD-102099,2024-11-22,2024-11-27,CUST-1252,PROD-219,Beauty,Skincare,2,47492.67,0.1,2611.23,No
ORD-102100,2024-08-01,2024-08-05,CUST-1157,PROD-362,Books,Education,3,18565.91,0.0,4326.63,Yes
ORD-102101,2024-05-05,2024-05-08,CUST-1146,PROD-496,Beauty,Makeup,5,34019.69,0.03,-1455.54,No
ORD-102102,2024-04-15,2024-04-17,CUST-1299,PROD-210,Electronics,Laptop,5,5852.12,0.06,1323.13,No
ORD-102103,2023-08-20,2023-08-25,CUST-1274,PROD-310,Books,Fiction,4,37911.94,0.16,1085.78,Yes
ORD-102104,2023-10-06,2023-10-11,CUST-1293,PROD-448,Fashion,Women Clothing,1,38233.81,0.18,1566.97,No
ORD-102105,2023-09-29,2023-10-03,CUST-1233,PROD-260,Home & Kitchen,Cookware,2,38484.11,0.06,632.92,No
ORD-102106,2023-05-29,2023-05-30,CUST-1218,PROD-324,Fashion,Footwear,2,45824.97,0.29,6221.5,Yes
ORD-102107,2024-12-12,2024-12-15,CUST-1095,PROD-403,Books,Education,4,28644.64,0.02,1608.68,Yes
ORD-102108,2024-01-05,2024-01-10,CUST-1165,PROD-469,Books,Education,3,16286.63,0.05,-1333.11,Yes
ORD-102109,2023-01-29,2023-02-03,CUST-1261,PROD-390,Books,Education,5,32892.39,0.26,1153.56,No
ORD-102110,2024-12-04,2024-12-07,CUST-1265,PROD-469,Beauty,Makeup,1,8953.01,0.27,-444.37,No
ORD-102111,2024-11-12,2024-11-17,CUST-1209,PROD-233,Electronics,Smartwatch,3,12172.37,0.18,1243.88,No
ORD-102112,2024-10-30,2024-11-03,CUST-1282,PROD-416,Home & Kitchen,Decor,4,25905.28,0.28,-1612.8,No
ORD-102113,2024-03-13,2024-03-16,CUST-1093,PROD-433,Home & Kitchen,Decor,2,49338.65,0.24,173.52,No
ORD-102114,2024-10-15,2024-10-18,CUST-1276,PROD-362,Electronics,Headphones,3,27232.44,0.18,3599.16,No
ORD-102115,2024-11-09,2024-11-11,CUST-1188,PROD-202,Beauty,Makeup,4,7359.03,0.07,1650.29,Yes
ORD-102116,2023-03-31,2023-04-04,CUST-1071,PROD-390,Beauty,Skincare,1,22192.04,0.2,552.23,No
ORD-102117,2024-03-31,2024-04-04,CUST-1276,PROD-417,Books,Fiction,2,38673.77,0.07,2179.74,No
ORD-102118,2023-04-21,2023-04-24,CUST-1296,PROD-222,Electronics,Mobile,5,41423.37,0.26,-1159.84,Yes
ORD-102119,2023-08-20,2023-08-23,CUST-1298,PROD-386,Beauty,Skincare,1,13210.87,0.25,2375.72,No
ORD-102120,2023-12-13,2023-12-14,CUST-1141,PROD-266,Fashion,Footwear,2,35836.06,0.03,6989.92,No
ORD-102121,2024-12-09,2024-12-14,CUST-1095,PROD-234,Home & Kitchen,Cookware,4,6151.22,0.04,581.47,Yes
ORD-102122,2023-12-04,2023-12-05,CUST-1035,PROD-246,Electronics,Laptop,5,3414.02,0.15,725.98,No
ORD-102123,2023-12-29,2023-12-30,CUST-1217,PROD-464,Electronics,Laptop,2,30062.45,0.05,-1855.23,No
ORD-102124,2024-09-13,2024-09-17,CUST-1272,PROD-481,Electronics,Smartwatch,2,3294.06,0.24,105.14,No
ORD-102125,2023-09-28,2023-09-30,CUST-1216,PROD-415,Fashion,Men Clothing,4,37641.81,0.16,356.8,No
ORD-102126,2023-01-19,2023-01-21,CUST-1092,PROD-373,Fashion,Footwear,1,46664.33,0.1,1449.76,No
ORD-102127,2024-11-06,2024-11-07,CUST-1158,PROD-445,Home & Kitchen,Cookware,1,5372.96,0.01,769.65,Yes
ORD-102128,2024-03-18,2024-03-21,CUST-1284,PROD-348,Electronics,Headphones,1,18479.01,0.24,3950.66,No
ORD-102129,2023-04-01,2023-04-05,CUST-1280,PROD-274,Fashion,Women Clothing,1,14111.86,0.08,-391.5,No
ORD-102130,2023-07-08,2023-07-11,CUST-1042,PROD-243,Electronics,Smartwatch,4,42509.46,0.08,3595.97,No
ORD-102131,2023-03-13,2023-03-14,CUST-1275,PROD-463,Electronics,Smartwatch,4,22345.21,0.14,-256.76,No
ORD-102132,2024-06-01,2024-06-03,CUST-1251,PROD-445,Beauty,Makeup,1,35017.64,0.3,1016.41,No
ORD-102133,2023-06-14,2023-06-15,CUST-1044,PROD-317,Books,Fiction,2,5257.01,0.13,-184.65,No
ORD-102134,2024-05-30,2024-06-02,CUST-1085,PROD-356,Fashion,Men Clothing,4,38328.42,0.22,-3704.87,No
ORD-102135,2023-06-08,2023-06-12,CUST-1232,PROD-357,Home & Kitchen,Cookware,2,22015.41,0.29,3549.7,Yes
ORD-102136,2024-07-12,2024-07-13,CUST-1154,PROD-245,Fashion,Women Clothing,1,5896.6,0.06,357.77,No
ORD-102137,2024-05-27,2024-05-29,CUST-1187,PROD-242,Fashion,Women Clothing,3,21616.59,0.1,3535.24,Yes
ORD-102138,2023-06-06,2023-06-10,CUST-1225,PROD-422,Books,Education,2,2560.73,0.11,-166.5,No
ORD-102139,2023-08-15,2023-08-19,CUST-1040,PROD-246,Fashion,Women Clothing,3,2219.75,0.29,292.39,Yes
ORD-102140,2023-04-02,2023-04-07,CUST-1126,PROD-268,Electronics,Laptop,4,6305.76,0.27,307.13,Yes
ORD-102141,2024-04-30,2024-05-03,CUST-1017,PROD-273,Home & Kitchen,Decor,4,47592.5,0.26,995.89,No
ORD-102142,2024-09-15,2024-09-16,CUST-1181,PROD-359,Home & Kitchen,Furniture,5,14905.61,0.16,3133.54,No
ORD-102143,2023-04-07,2023-04-10,CUST-1164,PROD-351,Electronics,Laptop,3,31185.09,0.14,7425.3,No
ORD-102144,2024-07-25,2024-07-28,CUST-1161,PROD-354,Beauty,Makeup,3,30475.1,0.19,6019.06,Yes
ORD-102145,2024-09-27,2024-10-01,CUST-1174,PROD-344,Fashion,Men Clothing,2,46697.94,0.12,6128.71,No
ORD-102146,2023-09-24,2023-09-26,CUST-1125,PROD-360,Home & Kitchen,Cookware,4,25854.84,0.05,643.98,Yes
ORD-102147,2024-05-02,2024-05-05,CUST-1153,PROD-271,Electronics,Headphones,4,26355.98,0.05,2531.18,No
ORD-102148,2024-09-13,2024-09-15,CUST-1005,PROD-358,Electronics,Mobile,2,13179.5,0.18,-385.94,No
ORD-102149,2023-06-11,2023-06-14,CUST-1048,PROD-215,Fashion,Women Clothing,1,31811.58,0.08,2699.01,No
ORD-102150,2023-04-11,2023-04-12,CUST-1267,PROD-398,Electronics,Smartwatch,2,4275.03,0.08,-83.18,No
ORD-102151,2024-01-15,2024-01-17,CUST-1217,PROD-454,Home & Kitchen,Cookware,4,45584.91,0.18,9623.27,No
ORD-102152,2023-09-26,2023-09-29,CUST-1134,PROD-298,Home & Kitchen,Decor,1,15528.91,0.28,-1478.0,No
ORD-102153,2023-04-24,2023-04-25,CUST-1048,PROD-352,Beauty,Skincare,5,21784.49,0.07,2549.81,No
ORD-102154,2024-09-08,2024-09-11,CUST-1286,PROD-425,Books,Education,4,42704.84,0.29,9512.3,Yes
ORD-102155,2023-09-14,2023-09-17,CUST-1033,PROD-414,Electronics,Laptop,1,49535.69,0.26,6916.17,No
ORD-102156,2024-11-07,2024-11-12,CUST-1283,PROD-406,Fashion,Footwear,4,35274.97,0.28,-3500.47,No
ORD-102157,2023-08-21,2023-08-25,CUST-1053,PROD-432,Books,Fiction,3,352.03,0.23,1.19,Yes
ORD-102158,2024-01-05,2024-01-10,CUST-1122,PROD-380,Books,Fiction,4,14579.74,0.06,3452.76,No
ORD-102159,2023-07-19,2023-07-24,CUST-1276,PROD-243,Books,Education,4,6379.94,0.12,30.79,No
ORD-102160,2024-03-03,2024-03-07,CUST-1064,PROD-422,Beauty,Makeup,3,42259.99,0.06,-1977.77,No
ORD-102161,2024-12-06,2024-12-09,CUST-1101,PROD-282,Electronics,Laptop,2,28777.85,0.27,2151.45,No
ORD-102162,2024-10-16,2024-10-20,CUST-1005,PROD-242,Electronics,Smartwatch,1,4598.42,0.15,-32.67,No
ORD-102163,2024-07-28,2024-08-01,CUST-1270,PROD-330,Electronics,Smartwatch,2,16246.83,0.03,3078.8,No
ORD-102164,2024-10-12,2024-10-13,CUST-1139,PROD-316,Books,Fiction,1,37632.53,0.25,3379.33,Yes
ORD-102165,2023-12-26,2023-12-30,CUST-1042,PROD-270,Books,Education,3,4882.94,0.25,1043.1,Yes
ORD-102166,2024-09-12,2024-09-16,CUST-1299,PROD-337,Home & Kitchen,Cookware,1,30865.32,0.17,3644.64,Yes
ORD-102167,2024-01-06,2024-01-08,CUST-1150,PROD-234,Fashion,Men Clothing,3,24133.91,0.29,2131.47,No
ORD-102168,2024-01-26,2024-01-28,CUST-1104,PROD-411,Electronics,Smartwatch,2,42503.38,0.01,-3850.24,No
ORD-102169,2023-02-07,2023-02-09,CUST-1172,PROD-349,Fashion,Footwear,2,6585.44,0.03,782.14,Yes
ORD-102170,2024-07-22,2024-07-23,CUST-1285,PROD-265,Fashion,Women Clothing,4,42209.31,0.18,5468.97,No
ORD-102171,2023-09-08,2023-09-09,CUST-1033,PROD-229,Books,Education,3,18333.62,0.22,-569.88,Yes
ORD-102172,2024-02-26,2024-02-27,CUST-1048,PROD-478,Books,Education,4,13885.27,0.14,2073.47,No
ORD-102173,2023-03-10,2023-03-15,CUST-1230,PROD-387,Home & Kitchen,Furniture,1,21030.45,0.15,5110.1,No
ORD-102174,2024-11-24,2024-11-27,CUST-1109,PROD-399,Electronics,Laptop,1,19691.32,0.04,-165.81,No
ORD-102175,2024-05-22,2024-05-27,CUST-1005,PROD-362,Beauty,Skincare,3,26216.91,0.16,536.89,No
ORD-102176,2023-05-12,2023-05-16,CUST-1275,PROD-207,Home & Kitchen,Furniture,4,15781.8,0.01,-494.21,No
ORD-102177,2023-07-06,2023-07-08,CUST-1054,PROD-434,Beauty,Skincare,4,46010.44,0.16,-882.28,No
ORD-102178,2024-04-08,2024-04-12,CUST-1287,PROD-476,Electronics,Smartwatch,5,1774.55,0.03,353.91,Yes
ORD-102179,2024-02-26,2024-03-01,CUST-1293,PROD-279,Books,Fiction,2,10583.78,0.16,1195.06,No
ORD-102180,2024-01-17,2024-01-22,CUST-1154,PROD-299,Electronics,Smartwatch,3,6374.74,0.18,1144.47,No
ORD-102181,2023-12-21,2023-12-22,CUST-1147,PROD-483,Beauty,Skincare,5,32779.35,0.16,4681.51,No
ORD-102182,2024-12-07,2024-12-08,CUST-1024,PROD-356,Books,Fiction,1,15370.37,0.3,2044.48,No
ORD-102183,2024-09-15,2024-09-17,CUST-1247,PROD-300,Fashion,Men Clothing,5,38057.38,0.03,1492.38,No
ORD-102184,2023-12-04,2023-12-08,CUST-1219,PROD-270,Home & Kitchen,Furniture,3,46106.19,0.14,9338.22,No
ORD-102185,2024-05-06,2024-05-10,CUST-1104,PROD-460,Beauty,Skincare,4,12749.36,0.17,2794.6,No
ORD-102186,2024-12-22,2024-12-25,CUST-1282,PROD-348,Fashion,Men Clothing,4,25751.35,0.05,-439.62,No
ORD-102187,2024-05-19,2024-05-24,CUST-1120,PROD-439,Beauty,Skincare,3,29908.04,0.12,-2946.07,No
ORD-102188,2023-07-15,2023-07-19,CUST-1003,PROD-339,Fashion,Men Clothing,4,389.35,0.09,58.5,No
ORD-102189,2023-10-11,2023-10-16,CUST-1223,PROD-396,Books,Fiction,4,19105.87,0.12,2556.33,No
ORD-102190,2024-05-15,2024-05-16,CUST-1248,PROD-369,Home & Kitchen,Cookware,5,13838.65,0.2,-676.87,Yes
ORD-102191,2024-09-09,2024-09-13,CUST-1216,PROD-391,Fashion,Footwear,2,45196.65,0.18,6569.25,No
ORD-102192,2023-09-25,2023-09-27,CUST-1216,PROD-463,Books,Fiction,1,31407.7,0.04,943.41,No
ORD-102193,2024-04-18,2024-04-23,CUST-1079,PROD-406,Beauty,Skincare,5,32874.87,0.05,7528.57,Yes
ORD-102194,2024-02-08,2024-02-10,CUST-1285,PROD-453,Fashion,Men Clothing,4,22894.64,0.0,4297.9,No
ORD-102195,2024-08-23,2024-08-27,CUST-1258,PROD-493,Fashion,Footwear,4,49186.22,0.1,-3039.46,No
ORD-102196,2023-02-26,2023-02-28,CUST-1024,PROD-210,Books,Education,2,47610.78,0.0,-2877.63,No
ORD-102197,2024-12-29,2025-01-02,CUST-1004,PROD-212,Beauty,Skincare,3,33944.38,0.13,2471.58,Yes
ORD-102198,2024-11-05,2024-11-10,CUST-1280,PROD-365,Fashion,Women Clothing,1,25921.46,0.16,2835.76,No
ORD-102199,2023-03-17,2023-03-21,CUST-1227,PROD-339,Books,Fiction,3,3370.85,0.23,-328.74,No
ORD-102200,2024-03-21,2024-03-22,CUST-1221,PROD-410,Fashion,Footwear,2,35132.78,0.26,-3431.67,Yes
ORD-102201,2023-08-10,2023-08-12,CUST-1146,PROD-360,Home & Kitchen,Cookware,3,10456.86,0.2,2065.7,Yes
ORD-102202,2023-03-26,2023-03-30,CUST-1285,PROD-291,Home & Kitchen,Furniture,2,33813.07,0.14,6760.42,No
ORD-102203,2024-09-12,2024-09-14,CUST-1109,PROD-458,Electronics,Headphones,1,6491.99,0.28,1401.33,No
ORD-102204,2023-10-10,2023-10-13,CUST-1299,PROD-303,Beauty,Makeup,2,23553.16,0.02,3585.23,Yes
ORD-102205,2023-06-08,2023-06-10,CUST-1220,PROD-456,Beauty,Skincare,3,28273.37,0.26,1359.84,No
ORD-102206,2023-12-16,2023-12-21,CUST-1122,PROD-272,Fashion,Men Clothing,4,45220.63,0.18,2477.56,No
ORD-102207,2024-11-13,2024-11-16,CUST-1155,PROD-274,Electronics,Headphones,4,32242.42,0.22,5645.44,No
ORD-102208,2024-02-05,2024-02-08,CUST-1005,PROD-405,Books,Fiction,5,30926.24,0.02,-2670.01,No
ORD-102209,2024-05-12,2024-05-17,CUST-1099,PROD-479,Electronics,Headphones,2,5445.35,0.25,-254.36,No
ORD-102210,2023-11-15,2023-11-19,CUST-1041,PROD-235,Fashion,Footwear,1,41489.86,0.03,-1045.86,No
ORD-102211,2023-01-02,2023-01-07,CUST-1276,PROD-264,Fashion,Women Clothing,2,17219.41,0.21,1688.99,No
ORD-102212,2024-10-02,2024-10-05,CUST-1034,PROD-235,Home & Kitchen,Cookware,5,37103.92,0.09,-713.28,Yes
ORD-102213,2023-07-09,2023-07-12,CUST-1299,PROD-459,Books,Education,2,33958.78,0.2,2800.12,No
ORD-102214,2024-02-17,2024-02-21,CUST-1053,PROD-215,Books,Fiction,4,44278.56,0.21,1029.5,Yes
ORD-102215,2024-03-22,2024-03-26,CUST-1133,PROD-320,Home & Kitchen,Decor,5,7030.42,0.19,488.26,No
ORD-102216,2024-07-21,2024-07-23,CUST-1225,PROD-475,Books,Education,1,41850.76,0.22,-3989.72,Yes
ORD-102217,2024-02-22,2024-02-23,CUST-1137,PROD-370,Books,Education,1,2550.95,0.07,203.55,No
ORD-102218,2024-06-10,2024-06-11,CUST-1266,PROD-366,Electronics,Smartwatch,5,46600.74,0.19,-4454.94,No
ORD-102219,2024-07-20,2024-07-24,CUST-1238,PROD-349,Electronics,Mobile,1,4096.28,0.25,-360.09,No
ORD-102220,2023-10-16,2023-10-21,CUST-1219,PROD-226,Fashion,Men Clothing,2,25065.3,0.03,-790.29,Yes
ORD-102221,2023-12-31,2024-01-03,CUST-1169,PROD-384,Beauty,Makeup,1,44962.63,0.04,9020.19,Yes
ORD-102222,2023-04-13,2023-04-18,CUST-1142,PROD-371,Fashion,Women Clothing,5,7830.8,0.1,1385.2,No
ORD-102223,2024-08-27,2024-08-29,CUST-1038,PROD-271,Beauty,Makeup,5,48905.63,0.28,11158.07,Yes
ORD-102224,2023-12-06,2023-12-09,CUST-1245,PROD-253,Home & Kitchen,Cookware,3,40570.68,0.03,2802.89,Yes
ORD-102225,2023-08-31,2023-09-04,CUST-1187,PROD-436,Electronics,Mobile,5,48760.33,0.05,12013.12,No
ORD-102226,2023-04-19,2023-04-23,CUST-1232,PROD-387,Fashion,Men Clothing,5,35790.15,0.1,4720.52,No
ORD-102227,2024-09-08,2024-09-13,CUST-1238,PROD-412,Electronics,Mobile,3,12028.89,0.06,1728.21,Yes
ORD-102228,2024-04-22,2024-04-26,CUST-1231,PROD-342,Fashion,Women Clothing,5,28530.47,0.24,5464.28,No
ORD-102229,2024-08-20,2024-08-22,CUST-1059,PROD-447,Home & Kitchen,Furniture,5,31458.43,0.25,6755.64,No
ORD-102230,2024-02-29,2024-03-04,CUST-1183,PROD-225,Books,Education,5,15648.08,0.09,-1507.52,No
ORD-102231,2023-04-29,2023-04-30,CUST-1048,PROD-437,Electronics,Smartwatch,3,27894.27,0.03,-681.07,No
ORD-102232,2024-01-30,2024-02-01,CUST-1246,PROD-428,Books,Education,5,4504.24,0.11,-337.14,No
ORD-102233,2024-11-28,2024-12-02,CUST-1046,PROD-375,Fashion,Women Clothing,3,28826.37,0.18,2669.52,No
ORD-102234,2024-09-01,2024-09-06,CUST-1300,PROD-297,Electronics,Smartwatch,5,5535.59,0.3,927.67,No
ORD-102235,2024-04-01,2024-04-05,CUST-1266,PROD-442,Fashion,Footwear,4,29418.91,0.18,-2452.61,No
ORD-102236,2023-12-20,2023-12-25,CUST-1228,PROD-415,Electronics,Mobile,3,33443.83,0.25,4900.03,Yes
ORD-102237,2023-03-11,2023-03-12,CUST-1027,PROD-424,Home & Kitchen,Cookware,4,19728.55,0.16,4917.2,No
ORD-102238,2023-01-25,2023-01-30,CUST-1261,PROD-288,Fashion,Men Clothing,5,48938.25,0.26,9646.55,Yes
ORD-102239,2024-06-14,2024-06-15,CUST-1097,PROD-357,Electronics,Headphones,1,16757.24,0.05,-396.92,No
ORD-102240,2024-07-26,2024-07-28,CUST-1126,PROD-275,Beauty,Makeup,4,5328.47,0.2,280.73,No
ORD-102241,2023-03-28,2023-03-31,CUST-1004,PROD-361,Electronics,Mobile,4,7647.88,0.04,244.93,Yes
ORD-102242,2024-09-15,2024-09-19,CUST-1265,PROD-261,Books,Fiction,3,35200.51,0.27,1332.67,No
ORD-102243,2024-03-04,2024-03-05,CUST-1177,PROD-338,Home & Kitchen,Decor,2,16953.15,0.01,2100.39,No
ORD-102244,2024-05-31,2024-06-02,CUST-1124,PROD-418,Home & Kitchen,Decor,3,6740.51,0.02,228.91,Yes
ORD-102245,2023-09-13,2023-09-15,CUST-1022,PROD-239,Beauty,Skincare,4,1051.78,0.15,-98.93,Yes
ORD-102246,2024-05-17,2024-05-20,CUST-1168,PROD-497,Beauty,Makeup,4,47192.3,0.08,4565.86,Yes
ORD-102247,2024-09-18,2024-09-21,CUST-1262,PROD-290,Beauty,Makeup,4,15874.82,0.2,501.81,Yes
ORD-102248,2023-07-26,2023-07-28,CUST-1265,PROD-455,Fashion,Footwear,2,10960.45,0.11,1404.01,No
ORD-102249,2023-10-09,2023-10-10,CUST-1263,PROD-478,Fashion,Women Clothing,1,13671.46,0.23,3269.98,Yes
ORD-102250,2024-10-05,2024-10-10,CUST-1196,PROD-272,Fashion,Men Clothing,4,45426.69,0.27,2374.01,Yes
ORD-102251,2024-07-26,2024-07-29,CUST-1259,PROD-322,Fashion,Women Clothing,3,9154.45,0.17,-338.53,No
ORD-102252,2024-03-26,2024-03-27,CUST-1039,PROD-231,Electronics,Headphones,3,21982.65,0.21,4969.27,No
ORD-102253,2024-03-02,2024-03-04,CUST-1256,PROD-391,Beauty,Skincare,3,33991.08,0.02,5930.09,No
ORD-102254,2023-08-23,2023-08-24,CUST-1095,PROD-285,Beauty,Skincare,3,25691.26,0.07,1213.29,No
ORD-102255,2024-06-28,2024-07-02,CUST-1067,PROD-361,Fashion,Footwear,5,10870.15,0.07,2085.16,No
ORD-102256,2024-01-02,2024-01-07,CUST-1217,PROD-338,Home & Kitchen,Furniture,2,17391.24,0.11,-322.26,Yes
ORD-102257,2023-01-08,2023-01-12,CUST-1036,PROD-328,Beauty,Skincare,5,14137.14,0.17,3333.18,No
ORD-102258,2024-03-23,2024-03-28,CUST-1154,PROD-374,Books,Fiction,1,10660.54,0.09,807.7,No
ORD-102259,2023-07-30,2023-08-02,CUST-1209,PROD-206,Books,Education,3,17697.87,0.03,3391.32,No
ORD-102260,2024-07-30,2024-08-02,CUST-1234,PROD-307,Books,Education,3,39535.29,0.03,1147.29,Yes
ORD-102261,2023-01-17,2023-01-22,CUST-1032,PROD-436,Fashion,Women Clothing,3,11898.1,0.06,2953.34,No
ORD-102262,2024-12-21,2024-12-25,CUST-1255,PROD-200,Home & Kitchen,Decor,4,29096.33,0.05,621.74,No
ORD-102263,2024-10-31,2024-11-03,CUST-1122,PROD-376,Fashion,Footwear,2,12836.49,0.07,1334.9,No
ORD-102264,2023-12-26,2023-12-28,CUST-1077,PROD-383,Books,Education,4,43221.57,0.19,1107.47,No
ORD-102265,2023-12-12,2023-12-16,CUST-1151,PROD-204,Books,Fiction,2,22856.56,0.21,4373.54,Yes
ORD-102266,2023-12-02,2023-12-06,CUST-1070,PROD-367,Fashion,Footwear,1,36721.5,0.03,2601.73,No
ORD-102267,2023-11-17,2023-11-22,CUST-1085,PROD-423,Home & Kitchen,Decor,3,3618.45,0.21,44.92,No
ORD-102268,2024-06-27,2024-06-29,CUST-1008,PROD-401,Beauty,Skincare,1,43528.07,0.06,10490.46,Yes
ORD-102269,2023-05-05,2023-05-09,CUST-1267,PROD-497,Fashion,Women Clothing,3,24148.61,0.03,-346.21,No
ORD-102270,2024-12-06,2024-12-09,CUST-1218,PROD-489,Beauty,Skincare,4,23968.03,0.1,-761.78,Yes
ORD-102271,2024-01-29,2024-01-30,CUST-1004,PROD-217,Books,Education,2,18727.1,0.02,3116.48,Yes
ORD-102272,2024-03-28,2024-03-31,CUST-1090,PROD-429,Books,Education,3,3266.1,0.2,-26.67,No
ORD-102273,2024-03-24,2024-03-29,CUST-1271,PROD-447,Home & Kitchen,Decor,2,49169.2,0.01,-3415.41,Yes
ORD-102274,2023-07-27,2023-08-01,CUST-1156,PROD-419,Books,Education,4,46089.11,0.2,8748.6,Yes
ORD-102275,2023-09-29,2023-10-01,CUST-1269,PROD-412,Beauty,Makeup,2,36562.07,0.02,6618.86,No
ORD-102276,2023-02-15,2023-02-20,CUST-1000,PROD-328,Books,Education,4,32267.22,0.0,6611.01,Yes
ORD-102277,2024-08-27,2024-08-31,CUST-1239,PROD-374,Electronics,Laptop,3,46975.1,0.0,-3302.5,Yes
ORD-102278,2023-07-07,2023-07-09,CUST-1052,PROD-445,Fashion,Men Clothing,2,4546.21,0.23,-98.49,Yes
ORD-102279,2023-03-29,2023-04-03,CUST-1052,PROD-218,Beauty,Makeup,1,12601.54,0.18,2528.55,No
ORD-102280,2024-09-30,2024-10-05,CUST-1230,PROD-398,Home & Kitchen,Decor,2,35160.29,0.11,4227.44,No
ORD-102281,2023-08-21,2023-08-22,CUST-1218,PROD-347,Books,Fiction,3,38278.52,0.18,7013.84,Yes
ORD-102282,2023-03-06,2023-03-07,CUST-1066,PROD-291,Electronics,Mobile,4,4615.71,0.18,-108.18,No
ORD-102283,2023-12-07,2023-12-09,CUST-1283,PROD-486,Fashion,Women Clothing,3,19237.88,0.23,855.51,No
ORD-102284,2023-10-02,2023-10-06,CUST-1109,PROD-337,Electronics,Mobile,3,41326.31,0.04,-2129.9,No
ORD-102285,2024-06-18,2024-06-21,CUST-1158,PROD-427,Fashion,Women Clothing,3,14004.75,0.12,-1070.71,No
ORD-102286,2023-10-23,2023-10-25,CUST-1003,PROD-219,Fashion,Women Clothing,5,49188.94,0.16,-1661.81,No
ORD-102287,2023-08-04,2023-08-07,CUST-1111,PROD-325,Books,Education,3,7857.69,0.24,-639.38,No
ORD-102288,2024-06-05,2024-06-07,CUST-1152,PROD-326,Home & Kitchen,Cookware,4,29052.29,0.04,4170.04,Yes
ORD-102289,2023-02-21,2023-02-26,CUST-1285,PROD-450,Beauty,Makeup,4,46011.89,0.11,-3525.4,No
ORD-102290,2024-08-21,2024-08-22,CUST-1235,PROD-472,Beauty,Skincare,1,39691.67,0.1,1314.75,Yes
ORD-102291,2023-11-20,2023-11-24,CUST-1292,PROD-429,Home & Kitchen,Furniture,1,19909.71,0.05,-1113.63,No
ORD-102292,2024-11-29,2024-11-30,CUST-1097,PROD-375,Books,Education,3,32238.62,0.28,-835.87,No
ORD-102293,2024-11-22,2024-11-27,CUST-1231,PROD-491,Books,Education,1,16739.72,0.24,-687.97,No
ORD-102294,2023-03-10,2023-03-14,CUST-1116,PROD-389,Beauty,Makeup,5,10329.4,0.04,-379.05,No
ORD-102295,2024-08-21,2024-08-23,CUST-1121,PROD-360,Beauty,Makeup,4,20167.96,0.18,4993.06,No
ORD-102296,2023-10-02,2023-10-06,CUST-1206,PROD-258,Beauty,Skincare,5,9839.79,0.03,230.56,No
ORD-102297,2023-11-06,2023-11-09,CUST-1208,PROD-399,Home & Kitchen,Decor,4,28018.68,0.29,-1128.08,No
ORD-102298,2024-12-30,2024-12-31,CUST-1052,PROD-454,Electronics,Laptop,3,4662.84,0.25,-4.59,Yes
ORD-102299,2024-03-21,2024-03-26,CUST-1232,PROD-374,Beauty,Skincare,5,26905.78,0.24,2992.42,No
ORD-102300,2024-10-24,2024-10-25,CUST-1124,PROD-231,Beauty,Makeup,1,9724.75,0.19,315.08,No
ORD-102301,2024-08-04,2024-08-08,CUST-1276,PROD-469,Beauty,Makeup,4,31702.58,0.17,-2503.68,No
ORD-102302,2023-11-08,2023-11-13,CUST-1017,PROD-444,Home & Kitchen,Decor,4,23783.02,0.08,1353.58,No
ORD-102303,2024-04-13,2024-04-18,CUST-1159,PROD-348,Electronics,Laptop,4,17045.91,0.24,4192.15,No
ORD-102304,2024-08-31,2024-09-02,CUST-1069,PROD-361,Fashion,Women Clothing,5,3297.98,0.25,342.93,No
ORD-102305,2024-04-20,2024-04-23,CUST-1007,PROD-330,Home & Kitchen,Decor,3,37285.85,0.13,4133.83,No
ORD-102306,2023-05-21,2023-05-25,CUST-1054,PROD-392,Books,Fiction,3,9461.44,0.16,1760.52,Yes
ORD-102307,2023-07-14,2023-07-15,CUST-1219,PROD-488,Home & Kitchen,Furniture,3,17763.22,0.08,-1085.82,No
ORD-102308,2023-06-22,2023-06-24,CUST-1173,PROD-262,Home & Kitchen,Decor,4,17909.86,0.24,3340.59,No
ORD-102309,2023-05-09,2023-05-14,CUST-1222,PROD-366,Home & Kitchen,Decor,1,6070.75,0.11,1200.31,Yes
ORD-102310,2023-11-23,2023-11-27,CUST-1292,PROD-328,Books,Education,1,25015.66,0.01,5953.69,No
ORD-102311,2023-09-22,2023-09-27,CUST-1144,PROD-334,Books,Fiction,4,36962.73,0.28,1813.01,No
ORD-102312,2023-08-05,2023-08-06,CUST-1210,PROD-392,Fashion,Men Clothing,3,23988.06,0.14,2166.24,Yes
ORD-102313,2023-03-03,2023-03-04,CUST-1098,PROD-203,Books,Education,1,14521.44,0.22,715.34,No
ORD-102314,2024-08-26,2024-08-31,CUST-1039,PROD-382,Beauty,Makeup,3,46912.18,0.26,11097.24,Yes
ORD-102315,2024-03-27,2024-03-31,CUST-1150,PROD-301,Beauty,Skincare,2,1086.86,0.2,-56.76,No
ORD-102316,2024-06-23,2024-06-26,CUST-1221,PROD-214,Fashion,Men Clothing,1,15212.08,0.09,1108.22,No
ORD-102317,2023-08-18,2023-08-20,CUST-1002,PROD-387,Electronics,Mobile,4,2005.98,0.24,70.61,Yes
ORD-102318,2023-05-26,2023-05-30,CUST-1282,PROD-293,Beauty,Makeup,1,40824.85,0.29,8772.21,Yes
ORD-102319,2023-06-25,2023-06-29,CUST-1141,PROD-329,Fashion,Women Clothing,4,18968.85,0.08,-145.09,No
ORD-102320,2024-12-11,2024-12-13,CUST-1225,PROD-330,Home & Kitchen,Furniture,3,11411.73,0.18,379.2,No
ORD-102321,2023-01-23,2023-01-26,CUST-1150,PROD-497,Fashion,Footwear,3,5978.61,0.07,963.07,Yes
ORD-102322,2024-03-12,2024-03-15,CUST-1201,PROD-387,Electronics,Mobile,2,46985.12,0.1,5619.52,Yes
ORD-102323,2023-12-27,2023-12-28,CUST-1284,PROD-232,Home & Kitchen,Decor,4,25376.8,0.13,2953.68,Yes
ORD-102324,2024-10-14,2024-10-17,CUST-1097,PROD-280,Fashion,Footwear,1,4056.43,0.28,-41.95,No
ORD-102325,2023-08-13,2023-08-15,CUST-1112,PROD-347,Electronics,Smartwatch,5,1194.29,0.06,47.83,No
ORD-102326,2023-04-29,2023-04-30,CUST-1196,PROD-266,Fashion,Women Clothing,4,34166.55,0.23,2784.25,No
ORD-102327,2024-02-05,2024-02-09,CUST-1179,PROD-403,Beauty,Skincare,1,30789.14,0.11,-2758.71,Yes
ORD-102328,2024-08-15,2024-08-19,CUST-1287,PROD-323,Books,Education,1,20340.44,0.22,-463.4,No
ORD-102329,2023-08-13,2023-08-17,CUST-1261,PROD-351,Home & Kitchen,Cookware,2,44301.97,0.11,-2249.38,No
ORD-102330,2023-08-11,2023-08-15,CUST-1055,PROD-211,Beauty,Makeup,1,45360.94,0.01,2441.7,Yes
ORD-102331,2024-09-14,2024-09-17,CUST-1254,PROD-496,Books,Fiction,1,28835.36,0.08,-795.23,Yes
ORD-102332,2024-01-19,2024-01-21,CUST-1126,PROD-317,Electronics,Laptop,5,49549.07,0.07,10034.03,No
ORD-102333,2023-08-30,2023-09-02,CUST-1214,PROD-450,Beauty,Skincare,4,32932.14,0.14,-1938.23,No
ORD-102334,2024-11-18,2024-11-21,CUST-1141,PROD-485,Electronics,Smartwatch,1,3003.64,0.0,494.57,No
ORD-102335,2024-01-13,2024-01-14,CUST-1027,PROD-337,Beauty,Makeup,1,34796.43,0.16,2716.64,Yes
ORD-102336,2024-12-29,2025-01-03,CUST-1024,PROD-321,Fashion,Women Clothing,2,7135.68,0.12,64.37,No
ORD-102337,2024-06-16,2024-06-17,CUST-1103,PROD-350,Fashion,Women Clothing,1,2032.28,0.28,402.3,No
ORD-102338,2024-09-30,2024-10-02,CUST-1190,PROD-317,Electronics,Smartwatch,1,44731.96,0.29,5735.08,Yes
ORD-102339,2023-09-12,2023-09-16,CUST-1230,PROD-321,Home & Kitchen,Decor,3,29775.77,0.02,-2585.9,No
ORD-102340,2023-06-11,2023-06-15,CUST-1101,PROD-238,Beauty,Skincare,2,26077.03,0.14,4074.68,No
ORD-102341,2023-08-14,2023-08-19,CUST-1044,PROD-257,Fashion,Men Clothing,5,3924.81,0.25,-129.35,No
ORD-102342,2024-08-17,2024-08-19,CUST-1120,PROD-352,Home & Kitchen,Furniture,3,44898.17,0.29,-1540.44,No
ORD-102343,2024-12-28,2025-01-01,CUST-1163,PROD-466,Electronics,Mobile,2,16793.0,0.0,1427.76,Yes
ORD-102344,2024-12-30,2025-01-02,CUST-1275,PROD-309,Fashion,Women Clothing,3,36622.33,0.28,4567.3,No
ORD-102345,2024-06-14,2024-06-17,CUST-1194,PROD-210,Home & Kitchen,Furniture,5,8439.68,0.2,553.94,Yes
ORD-102346,2024-08-27,2024-09-01,CUST-1216,PROD-349,Fashion,Women Clothing,5,42107.13,0.15,-3280.77,Yes
ORD-102347,2024-05-17,2024-05-18,CUST-1162,PROD-273,Electronics,Headphones,1,36016.97,0.23,8173.38,No
ORD-102348,2023-10-06,2023-10-07,CUST-1043,PROD-494,Books,Fiction,3,36900.47,0.21,-519.7,No
ORD-102349,2023-04-17,2023-04-21,CUST-1045,PROD-243,Electronics,Smartwatch,2,4079.86,0.03,343.88,No
ORD-102350,2024-10-25,2024-10-26,CUST-1129,PROD-462,Home & Kitchen,Furniture,1,42418.25,0.16,788.06,No
ORD-102351,2024-10-21,2024-10-24,CUST-1181,PROD-207,Electronics,Smartwatch,1,46093.48,0.3,1642.96,Yes
ORD-102352,2023-08-18,2023-08-21,CUST-1134,PROD-423,Beauty,Makeup,5,25809.62,0.16,1883.73,No
ORD-102353,2023-01-07,2023-01-09,CUST-1199,PROD-454,Beauty,Makeup,5,33844.72,0.07,3717.32,Yes
ORD-102354,2023-06-22,2023-06-24,CUST-1185,PROD-206,Electronics,Headphones,1,48274.98,0.04,3401.66,Yes
ORD-102355,2024-01-09,2024-01-14,CUST-1060,PROD-315,Home & Kitchen,Furniture,2,11845.14,0.01,-907.59,No
ORD-102356,2024-08-08,2024-08-11,CUST-1103,PROD-333,Books,Education,3,45738.16,0.16,-1537.89,Yes
ORD-102357,2024-12-11,2024-12-15,CUST-1027,PROD-498,Books,Fiction,1,25932.77,0.09,60.03,No
ORD-102358,2024-02-27,2024-02-29,CUST-1091,PROD-221,Fashion,Men Clothing,1,23568.84,0.12,1426.47,No
ORD-102359,2023-06-21,2023-06-24,CUST-1191,PROD-332,Books,Education,2,8648.88,0.15,-21.68,No
ORD-102360,2024-03-21,2024-03-23,CUST-1029,PROD-440,Books,Fiction,4,48705.09,0.26,10680.03,No
ORD-102361,2023-11-09,2023-11-10,CUST-1213,PROD-244,Home & Kitchen,Cookware,3,17546.7,0.26,3709.86,Yes
ORD-102362,2024-06-03,2024-06-06,CUST-1048,PROD-463,Books,Education,3,23104.74,0.21,407.74,No
ORD-102363,2023-09-29,2023-10-03,CUST-1086,PROD-311,Beauty,Makeup,5,16613.76,0.24,1041.92,No
ORD-102364,2023-08-25,2023-08-27,CUST-1088,PROD-299,Books,Education,5,15685.84,0.12,3492.1,No
ORD-102365,2023-07-23,2023-07-27,CUST-1092,PROD-443,Beauty,Skincare,2,44229.04,0.27,-2214.16,No
ORD-102366,2024-07-22,2024-07-25,CUST-1034,PROD-416,Beauty,Skincare,2,33526.48,0.21,6824.76,No
ORD-102367,2023-09-29,2023-10-04,CUST-1252,PROD-426,Electronics,Headphones,5,25493.34,0.07,3007.26,No
ORD-102368,2024-05-19,2024-05-21,CUST-1165,PROD-276,Home & Kitchen,Decor,4,5187.56,0.03,-241.69,No
ORD-102369,2024-08-05,2024-08-07,CUST-1120,PROD-213,Beauty,Makeup,5,13646.16,0.26,451.98,Yes
ORD-102370,2024-11-11,2024-11-16,CUST-1161,PROD-350,Beauty,Makeup,3,45824.79,0.1,1246.29,No
ORD-102371,2023-07-13,2023-07-18,CUST-1142,PROD-231,Books,Education,4,45174.1,0.27,2582.86,No
ORD-102372,2024-09-21,2024-09-22,CUST-1187,PROD-390,Home & Kitchen,Furniture,4,30007.43,0.25,136.2,No
ORD-102373,2023-01-20,2023-01-23,CUST-1001,PROD-318,Fashion,Women Clothing,2,12706.15,0.22,1258.9,No
ORD-102374,2023-12-14,2023-12-19,CUST-1174,PROD-299,Electronics,Headphones,4,20295.66,0.3,323.03,No
ORD-102375,2024-06-22,2024-06-23,CUST-1281,PROD-408,Beauty,Makeup,1,19686.33,0.04,3384.01,Yes
ORD-102376,2024-05-04,2024-05-05,CUST-1275,PROD-245,Home & Kitchen,Decor,5,40143.51,0.28,4841.97,No
ORD-102377,2024-10-06,2024-10-09,CUST-1110,PROD-494,Fashion,Women Clothing,4,34704.12,0.01,-3078.93,No
ORD-102378,2024-05-05,2024-05-07,CUST-1221,PROD-425,Fashion,Women Clothing,4,8528.25,0.21,1426.12,No
ORD-102379,2024-03-17,2024-03-20,CUST-1256,PROD-217,Electronics,Smartwatch,3,35732.51,0.15,6136.96,No
ORD-102380,2024-01-09,2024-01-11,CUST-1275,PROD-309,Fashion,Women Clothing,1,22618.35,0.26,-1755.28,Yes
ORD-102381,2023-10-07,2023-10-12,CUST-1137,PROD-431,Books,Fiction,5,30611.41,0.24,5891.08,Yes
ORD-102382,2024-05-22,2024-05-27,CUST-1149,PROD-263,Electronics,Mobile,3,18912.2,0.13,103.65,No
ORD-102383,2023-03-23,2023-03-28,CUST-1214,PROD-346,Electronics,Headphones,5,12953.44,0.27,122.12,No
ORD-102384,2024-08-29,2024-08-30,CUST-1264,PROD-440,Beauty,Skincare,5,40934.76,0.14,5023.19,No
ORD-102385,2023-01-31,2023-02-05,CUST-1291,PROD-219,Books,Fiction,3,1340.51,0.04,-5.29,Yes
ORD-102386,2023-08-01,2023-08-03,CUST-1109,PROD-416,Books,Fiction,3,42868.57,0.3,8755.18,Yes
ORD-102387,2023-04-10,2023-04-13,CUST-1018,PROD-494,Home & Kitchen,Furniture,4,31836.59,0.15,-1651.93,No
ORD-102388,2024-04-10,2024-04-12,CUST-1265,PROD-263,Beauty,Makeup,5,48769.06,0.18,4124.73,No
ORD-102389,2023-08-05,2023-08-07,CUST-1050,PROD-334,Fashion,Men Clothing,5,3494.51,0.11,-24.89,Yes
ORD-102390,2023-10-12,2023-10-15,CUST-1052,PROD-486,Electronics,Laptop,3,19372.43,0.01,3299.33,No
ORD-102391,2023-01-06,2023-01-09,CUST-1240,PROD-354,Books,Fiction,4,13101.8,0.12,1929.83,No
ORD-102392,2023-05-11,2023-05-16,CUST-1164,PROD-236,Books,Fiction,2,27045.86,0.3,4930.41,No
ORD-102393,2023-10-17,2023-10-19,CUST-1138,PROD-233,Home & Kitchen,Cookware,5,41891.63,0.24,368.34,No
ORD-102394,2024-12-07,2024-12-11,CUST-1163,PROD-304,Home & Kitchen,Cookware,5,45463.77,0.09,-2049.39,No
ORD-102395,2024-01-18,2024-01-21,CUST-1138,PROD-218,Fashion,Footwear,4,9255.41,0.29,1696.58,Yes
ORD-102396,2024-12-25,2024-12-29,CUST-1276,PROD-458,Beauty,Skincare,5,29282.64,0.26,-2450.26,Yes
ORD-102397,2023-08-22,2023-08-25,CUST-1251,PROD-478,Fashion,Footwear,4,27834.53,0.26,5364.49,No
ORD-102398,2024-05-23,2024-05-26,CUST-1038,PROD-324,Books,Education,2,49554.44,0.03,6091.05,No
ORD-102399,2024-09-02,2024-09-04,CUST-1181,PROD-308,Fashion,Men Clothing,3,18532.15,0.16,4417.05,No
ORD-102400,2024-04-04,2024-04-09,CUST-1210,PROD-245,Fashion,Men Clothing,4,14103.26,0.12,-572.82,No
ORD-102401,2023-10-07,2023-10-10,CUST-1012,PROD-495,Beauty,Skincare,2,20340.87,0.25,-688.67,No
ORD-102402,2023-10-14,2023-10-18,CUST-1193,PROD-210,Home & Kitchen,Cookware,4,15314.5,0.01,-753.86,No
ORD-102403,2024-12-04,2024-12-05,CUST-1254,PROD-440,Books,Fiction,3,40217.37,0.04,9562.7,No
ORD-102404,2024-04-20,2024-04-22,CUST-1106,PROD-249,Books,Fiction,1,34059.77,0.14,1468.36,No
ORD-102405,2024-06-22,2024-06-27,CUST-1100,PROD-396,Books,Fiction,5,34560.51,0.03,6248.64,Yes
ORD-102406,2024-08-15,2024-08-19,CUST-1154,PROD-261,Electronics,Mobile,4,4804.45,0.05,1113.87,No
ORD-102407,2024-06-17,2024-06-20,CUST-1096,PROD-231,Home & Kitchen,Cookware,2,18091.23,0.15,-1691.8,No
ORD-102408,2024-05-21,2024-05-23,CUST-1083,PROD-406,Beauty,Skincare,1,25753.28,0.05,4348.61,No
ORD-102409,2024-07-05,2024-07-10,CUST-1069,PROD-207,Home & Kitchen,Decor,4,2203.51,0.11,-5.31,No
ORD-102410,2023-06-27,2023-06-28,CUST-1183,PROD-206,Books,Education,5,16978.61,0.17,-1488.09,No
ORD-102411,2024-04-29,2024-05-01,CUST-1232,PROD-228,Fashion,Footwear,2,41514.08,0.21,4862.17,No
ORD-102412,2023-04-12,2023-04-14,CUST-1181,PROD-245,Electronics,Smartwatch,4,21962.22,0.04,4310.07,No
ORD-102413,2024-06-27,2024-06-30,CUST-1188,PROD-453,Fashion,Men Clothing,1,41032.47,0.16,-7.62,No
ORD-102414,2024-03-21,2024-03-26,CUST-1241,PROD-274,Beauty,Makeup,3,44574.68,0.29,2199.87,No
ORD-102415,2023-04-11,2023-04-12,CUST-1055,PROD-436,Fashion,Women Clothing,3,12817.53,0.14,2471.98,No
ORD-102416,2024-08-11,2024-08-16,CUST-1125,PROD-221,Beauty,Skincare,1,32462.16,0.24,-647.84,No
ORD-102417,2024-06-19,2024-06-22,CUST-1123,PROD-385,Books,Fiction,2,11399.38,0.09,2753.65,No
ORD-102418,2023-06-03,2023-06-05,CUST-1234,PROD-468,Books,Education,4,30571.64,0.04,2111.39,No
ORD-102419,2024-05-06,2024-05-11,CUST-1060,PROD-308,Books,Education,3,38379.8,0.24,6366.45,No
ORD-102420,2024-12-26,2024-12-30,CUST-1167,PROD-246,Fashion,Footwear,4,21621.02,0.09,-984.41,No
ORD-102421,2024-06-07,2024-06-09,CUST-1142,PROD-371,Books,Fiction,1,12128.61,0.03,357.66,Yes
ORD-102422,2023-04-14,2023-04-17,CUST-1299,PROD-391,Fashion,Women Clothing,1,875.13,0.01,58.9,No
ORD-102423,2024-09-02,2024-09-06,CUST-1011,PROD-252,Beauty,Skincare,3,15503.09,0.01,406.8,Yes
ORD-102424,2023-06-27,2023-07-01,CUST-1198,PROD-308,Electronics,Smartwatch,5,46082.44,0.17,-3473.64,No
ORD-102425,2023-11-18,2023-11-20,CUST-1135,PROD-372,Fashion,Men Clothing,2,35343.81,0.21,8786.76,No
ORD-102426,2024-03-30,2024-03-31,CUST-1126,PROD-310,Beauty,Skincare,1,47296.68,0.09,10572.86,No
ORD-102427,2023-05-09,2023-05-13,CUST-1057,PROD-455,Books,Fiction,3,27256.93,0.21,6126.97,No
ORD-102428,2024-12-13,2024-12-18,CUST-1196,PROD-443,Fashion,Footwear,3,38873.02,0.09,1967.94,No
ORD-102429,2023-12-02,2023-12-05,CUST-1144,PROD-317,Fashion,Women Clothing,5,33030.41,0.02,4050.02,No
ORD-102430,2024-04-24,2024-04-27,CUST-1155,PROD-222,Fashion,Men Clothing,3,37877.49,0.1,-1574.82,No
ORD-102431,2024-07-27,2024-08-01,CUST-1232,PROD-262,Books,Fiction,5,33067.9,0.14,5449.02,No
ORD-102432,2024-06-09,2024-06-14,CUST-1059,PROD-476,Electronics,Headphones,3,32654.76,0.18,183.69,Yes
ORD-102433,2024-01-04,2024-01-08,CUST-1076,PROD-339,Fashion,Footwear,1,45177.39,0.16,-3041.24,No
ORD-102434,2024-08-31,2024-09-04,CUST-1051,PROD-483,Home & Kitchen,Cookware,1,1579.91,0.25,-86.18,Yes
ORD-102435,2023-09-22,2023-09-25,CUST-1102,PROD-356,Fashion,Men Clothing,3,39151.16,0.17,6963.07,No
ORD-102436,2024-02-19,2024-02-24,CUST-1017,PROD-474,Beauty,Skincare,4,28359.36,0.27,-2306.63,No
ORD-102437,2023-07-02,2023-07-06,CUST-1218,PROD-309,Beauty,Skincare,5,8400.11,0.09,633.65,Yes
ORD-102438,2023-06-28,2023-06-29,CUST-1215,PROD-239,Home & Kitchen,Decor,3,37952.27,0.18,7118.31,Yes
ORD-102439,2024-10-13,2024-10-15,CUST-1271,PROD-279,Electronics,Laptop,3,26860.11,0.04,3617.53,No
ORD-102440,2024-02-02,2024-02-03,CUST-1093,PROD-250,Beauty,Skincare,2,32214.47,0.1,3319.08,No
ORD-102441,2023-05-19,2023-05-23,CUST-1209,PROD-278,Books,Education,2,12518.57,0.05,3020.36,No
ORD-102442,2024-12-27,2024-12-31,CUST-1236,PROD-245,Books,Education,3,18985.23,0.2,952.17,No
ORD-102443,2023-02-05,2023-02-08,CUST-1010,PROD-329,Beauty,Skincare,4,14940.42,0.15,-1429.69,No
ORD-102444,2023-12-15,2023-12-18,CUST-1289,PROD-282,Books,Education,2,18791.96,0.17,48.62,No
ORD-102445,2023-05-05,2023-05-09,CUST-1125,PROD-433,Fashion,Footwear,2,28309.57,0.02,2900.16,Yes
ORD-102446,2023-07-04,2023-07-07,CUST-1291,PROD-267,Books,Education,2,22746.04,0.01,5433.17,Yes
ORD-102447,2024-08-22,2024-08-23,CUST-1275,PROD-411,Fashion,Footwear,4,48152.78,0.25,5682.52,No
ORD-102448,2023-12-18,2023-12-20,CUST-1196,PROD-303,Beauty,Skincare,3,412.93,0.23,-12.74,No
ORD-102449,2023-05-07,2023-05-08,CUST-1233,PROD-294,Electronics,Mobile,2,3970.94,0.28,-329.66,Yes
ORD-102450,2024-05-25,2024-05-27,CUST-1186,PROD-335,Fashion,Women Clothing,5,24542.39,0.06,1334.12,No
ORD-102451,2023-06-12,2023-06-14,CUST-1102,PROD-413,Electronics,Headphones,3,22368.89,0.08,606.7,No
ORD-102452,2023-12-19,2023-12-20,CUST-1256,PROD-242,Books,Education,3,14916.44,0.12,-454.22,Yes
ORD-102453,2024-10-13,2024-10-14,CUST-1069,PROD-382,Fashion,Men Clothing,2,680.93,0.07,-47.0,Yes
ORD-102454,2024-12-24,2024-12-25,CUST-1249,PROD-324,Fashion,Women Clothing,5,41167.01,0.2,270.11,Yes
ORD-102455,2023-04-20,2023-04-25,CUST-1120,PROD-298,Beauty,Skincare,4,42783.72,0.24,-4138.7,No
ORD-102456,2024-10-24,2024-10-28,CUST-1247,PROD-389,Books,Fiction,5,28700.0,0.07,-2165.87,No
ORD-102457,2023-10-14,2023-10-17,CUST-1039,PROD-201,Home & Kitchen,Furniture,2,12412.65,0.27,3007.95,No
ORD-102458,2023-05-29,2023-05-30,CUST-1225,PROD-455,Books,Education,5,16303.93,0.27,-859.22,No
ORD-102459,2023-02-18,2023-02-22,CUST-1120,PROD-409,Fashion,Women Clothing,3,20463.47,0.12,3244.92,No
ORD-102460,2024-10-27,2024-11-01,CUST-1101,PROD-385,Electronics,Smartwatch,3,20092.22,0.2,-1618.63,No
ORD-102461,2024-12-25,2024-12-30,CUST-1178,PROD-376,Books,Fiction,2,16875.94,0.11,727.77,Yes
ORD-102462,2024-10-18,2024-10-21,CUST-1176,PROD-250,Beauty,Skincare,5,29310.04,0.04,695.08,Yes
ORD-102463,2024-06-14,2024-06-16,CUST-1247,PROD-416,Electronics,Mobile,2,41144.61,0.02,9893.37,No
ORD-102464,2024-02-16,2024-02-19,CUST-1073,PROD-264,Home & Kitchen,Furniture,3,912.9,0.22,221.16,Yes
ORD-102465,2023-11-12,2023-11-14,CUST-1294,PROD-235,Books,Fiction,5,46419.6,0.13,4356.86,No
ORD-102466,2023-03-31,2023-04-02,CUST-1298,PROD-326,Fashion,Men Clothing,5,40640.51,0.08,6992.25,No
ORD-102467,2023-03-14,2023-03-18,CUST-1040,PROD-383,Fashion,Men Clothing,2,33835.67,0.11,-2967.59,No
ORD-102468,2023-03-08,2023-03-09,CUST-1076,PROD-339,Fashion,Footwear,4,8495.96,0.14,435.8,Yes
ORD-102469,2023-02-21,2023-02-24,CUST-1008,PROD-221,Beauty,Makeup,5,1138.73,0.28,-51.67,No
ORD-102470,2023-10-07,2023-10-12,CUST-1174,PROD-273,Electronics,Mobile,2,12270.91,0.12,892.7,Yes
ORD-102471,2024-06-10,2024-06-15,CUST-1111,PROD-293,Home & Kitchen,Decor,4,34499.47,0.13,7722.49,No
ORD-102472,2023-06-06,2023-06-08,CUST-1058,PROD-213,Home & Kitchen,Furniture,4,16021.51,0.21,1840.55,Yes
ORD-102473,2024-06-03,2024-06-07,CUST-1292,PROD-474,Beauty,Makeup,3,7937.93,0.24,-738.1,No
ORD-102474,2023-01-12,2023-01-17,CUST-1038,PROD-207,Beauty,Skincare,3,25951.09,0.22,1863.73,No
ORD-102475,2024-09-06,2024-09-07,CUST-1157,PROD-337,Books,Education,5,13401.64,0.25,1378.68,No
ORD-102476,2024-05-23,2024-05-27,CUST-1127,PROD-266,Fashion,Footwear,5,1944.59,0.22,-178.12,No
ORD-102477,2023-08-14,2023-08-15,CUST-1156,PROD-416,Home & Kitchen,Furniture,1,33258.09,0.25,1935.89,No
ORD-102478,2023-12-26,2023-12-28,CUST-1230,PROD-347,Electronics,Laptop,5,38678.13,0.15,604.07,No
ORD-102479,2023-09-06,2023-09-11,CUST-1198,PROD-284,Books,Fiction,3,37043.38,0.11,-2283.33,No
ORD-102480,2024-12-08,2024-12-11,CUST-1203,PROD-212,Home & Kitchen,Decor,2,10241.84,0.19,-654.94,No
ORD-102481,2024-10-27,2024-10-29,CUST-1290,PROD-233,Home & Kitchen,Furniture,3,20233.98,0.15,2554.97,No
ORD-102482,2024-04-16,2024-04-17,CUST-1171,PROD-264,Fashion,Footwear,5,27768.44,0.11,5134.47,No
ORD-102483,2024-11-05,2024-11-09,CUST-1233,PROD-251,Books,Education,2,14506.3,0.15,201.16,Yes
ORD-102484,2024-08-17,2024-08-22,CUST-1041,PROD-230,Books,Education,5,27282.64,0.21,1414.95,No
ORD-102485,2023-04-15,2023-04-16,CUST-1156,PROD-492,Fashion,Footwear,4,15247.62,0.24,-847.89,No
ORD-102486,2023-08-23,2023-08-25,CUST-1093,PROD-347,Beauty,Skincare,4,3507.48,0.05,497.39,No
ORD-102487,2023-03-22,2023-03-23,CUST-1251,PROD-223,Electronics,Headphones,2,32330.59,0.06,2135.83,No
ORD-102488,2023-03-15,2023-03-20,CUST-1240,PROD-476,Books,Fiction,5,41003.08,0.28,-3703.22,Yes
ORD-102489,2024-05-07,2024-05-10,CUST-1268,PROD-497,Home & Kitchen,Cookware,3,14699.66,0.25,488.01,Yes
ORD-102490,2023-04-28,2023-04-29,CUST-1214,PROD-337,Fashion,Footwear,1,27961.83,0.19,2001.58,No
ORD-102491,2024-07-19,2024-07-24,CUST-1268,PROD-449,Home & Kitchen,Decor,5,23869.55,0.1,4021.29,No
ORD-102492,2023-01-11,2023-01-12,CUST-1205,PROD-377,Fashion,Women Clothing,5,22683.87,0.26,3650.02,No
ORD-102493,2024-01-06,2024-01-10,CUST-1270,PROD-384,Electronics,Headphones,3,40354.41,0.23,-3056.27,No
ORD-102494,2024-04-05,2024-04-10,CUST-1171,PROD-268,Fashion,Women Clothing,1,36571.49,0.18,-1333.72,No
ORD-102495,2023-09-18,2023-09-20,CUST-1061,PROD-464,Home & Kitchen,Furniture,2,38234.16,0.26,9449.99,No
ORD-102496,2023-05-16,2023-05-20,CUST-1122,PROD-450,Fashion,Women Clothing,1,2536.93,0.26,547.34,No
ORD-102497,2023-12-29,2023-12-31,CUST-1125,PROD-320,Books,Fiction,3,23689.28,0.22,3488.2,No
ORD-102498,2024-10-14,2024-10-16,CUST-1122,PROD-450,Fashion,Women Clothing,5,28147.57,0.18,406.09,No
ORD-102499,2023-12-07,2023-12-11,CUST-1125,PROD-216,Home & Kitchen,Cookware,4,11726.24,0.15,2053.54,No
ORD-102500,2024-06-02,2024-06-04,CUST-1027,PROD-364,Home & Kitchen,Cookware,5,29901.13,0.07,1190.06,No
ORD-102501,2024-09-18,2024-09-19,CUST-1287,PROD-270,Electronics,Headphones,1,36646.71,0.1,5697.73,No
ORD-102502,2023-12-15,2023-12-18,CUST-1239,PROD-283,Electronics,Headphones,4,45252.97,0.2,5122.03,No
ORD-102503,2024-04-11,2024-04-14,CUST-1249,PROD-302,Books,Education,2,11084.29,0.0,2757.4,Yes
ORD-102504,2023-04-11,2023-04-16,CUST-1156,PROD-383,Beauty,Makeup,1,17545.6,0.15,-1232.62,Yes
ORD-102505,2023-12-09,2023-12-14,CUST-1187,PROD-319,Fashion,Footwear,1,18614.93,0.27,2569.51,No
ORD-102506,2024-02-14,2024-02-17,CUST-1190,PROD-253,Fashion,Women Clothing,3,17334.71,0.18,2167.09,No
ORD-102507,2023-12-04,2023-12-06,CUST-1022,PROD-389,Electronics,Laptop,4,7729.95,0.07,107.79,Yes
ORD-102508,2024-12-22,2024-12-27,CUST-1278,PROD-222,Beauty,Makeup,2,10994.12,0.13,-899.77,No
ORD-102509,2023-07-07,2023-07-12,CUST-1266,PROD-239,Books,Fiction,2,36451.35,0.27,8248.99,No
ORD-102510,2024-04-26,2024-04-28,CUST-1083,PROD-385,Electronics,Headphones,3,4719.81,0.13,145.06,Yes
ORD-102511,2023-12-29,2024-01-03,CUST-1148,PROD-307,Books,Fiction,4,30061.79,0.2,-2215.0,Yes
ORD-102512,2024-07-25,2024-07-30,CUST-1185,PROD-277,Home & Kitchen,Decor,2,13903.61,0.07,1256.78,No
ORD-102513,2024-09-08,2024-09-12,CUST-1173,PROD-392,Home & Kitchen,Cookware,2,12234.45,0.2,-356.57,No
ORD-102514,2024-08-24,2024-08-27,CUST-1249,PROD-268,Home & Kitchen,Decor,1,44105.38,0.08,6045.16,Yes
ORD-102515,2023-07-24,2023-07-27,CUST-1184,PROD-473,Electronics,Smartwatch,3,21950.11,0.26,2059.63,Yes
ORD-102516,2023-11-30,2023-12-04,CUST-1196,PROD-361,Electronics,Smartwatch,1,30361.1,0.25,4666.04,No
ORD-102517,2023-01-27,2023-01-31,CUST-1010,PROD-298,Home & Kitchen,Cookware,3,8978.24,0.16,-852.55,No
ORD-102518,2023-08-20,2023-08-24,CUST-1179,PROD-442,Electronics,Smartwatch,2,29817.07,0.06,-2113.96,No
ORD-102519,2023-09-28,2023-09-30,CUST-1229,PROD-229,Electronics,Laptop,5,5148.22,0.07,-35.84,No
ORD-102520,2024-07-24,2024-07-27,CUST-1099,PROD-253,Fashion,Men Clothing,1,42553.25,0.18,-4178.19,No
ORD-102521,2024-12-20,2024-12-24,CUST-1094,PROD-355,Fashion,Men Clothing,4,28815.42,0.03,3868.46,No
ORD-102522,2023-05-30,2023-06-02,CUST-1105,PROD-356,Fashion,Footwear,2,49631.49,0.2,-1630.57,Yes
ORD-102523,2024-03-06,2024-03-08,CUST-1169,PROD-220,Fashion,Men Clothing,1,40264.1,0.02,-1195.53,No
ORD-102524,2023-07-02,2023-07-05,CUST-1179,PROD-277,Beauty,Skincare,2,4508.48,0.1,73.2,No
ORD-102525,2024-05-15,2024-05-16,CUST-1273,PROD-413,Books,Fiction,2,917.51,0.03,-83.89,No
ORD-102526,2023-01-14,2023-01-19,CUST-1256,PROD-374,Beauty,Makeup,4,35280.21,0.06,8294.13,No
ORD-102527,2023-04-28,2023-05-02,CUST-1182,PROD-361,Fashion,Women Clothing,3,10183.16,0.1,888.77,Yes
ORD-102528,2023-01-21,2023-01-25,CUST-1044,PROD-283,Books,Fiction,3,9835.42,0.06,2165.46,No
ORD-102529,2024-10-21,2024-10-22,CUST-1235,PROD-335,Beauty,Makeup,4,6367.98,0.26,1035.74,No
ORD-102530,2024-07-11,2024-07-12,CUST-1193,PROD-376,Books,Fiction,5,28726.71,0.06,5700.65,No
ORD-102531,2023-02-06,2023-02-08,CUST-1277,PROD-361,Electronics,Headphones,5,37503.79,0.16,-915.43,No
ORD-102532,2023-12-19,2023-12-24,CUST-1266,PROD-362,Home & Kitchen,Decor,2,20502.16,0.23,1047.08,No
ORD-102533,2024-08-29,2024-09-01,CUST-1282,PROD-202,Home & Kitchen,Decor,5,42994.3,0.0,5362.37,Yes
ORD-102534,2024-09-06,2024-09-08,CUST-1197,PROD-387,Fashion,Women Clothing,2,24173.06,0.09,-2057.83,No
ORD-102535,2023-09-20,2023-09-23,CUST-1049,PROD-236,Home & Kitchen,Furniture,3,30411.18,0.1,-2868.65,No
ORD-102536,2023-10-26,2023-10-29,CUST-1288,PROD-379,Books,Education,5,17987.8,0.14,-1731.65,No
ORD-102537,2023-07-04,2023-07-07,CUST-1143,PROD-235,Home & Kitchen,Cookware,1,44613.93,0.05,9899.88,Yes
ORD-102538,2023-07-01,2023-07-04,CUST-1050,PROD-205,Beauty,Skincare,3,15926.62,0.08,3326.57,No
ORD-102539,2023-06-03,2023-06-04,CUST-1193,PROD-252,Electronics,Smartwatch,2,47831.53,0.28,-1855.17,No
ORD-102540,2023-12-31,2024-01-03,CUST-1083,PROD-291,Beauty,Makeup,3,14765.95,0.07,952.71,No
ORD-102541,2024-06-08,2024-06-10,CUST-1065,PROD-336,Beauty,Makeup,1,1160.62,0.12,-47.18,No
ORD-102542,2023-05-29,2023-06-01,CUST-1135,PROD-335,Home & Kitchen,Decor,5,49460.64,0.04,7447.77,No
ORD-102543,2024-10-11,2024-10-14,CUST-1009,PROD-477,Fashion,Footwear,1,22792.83,0.02,3131.02,No
ORD-102544,2023-08-03,2023-08-08,CUST-1038,PROD-408,Beauty,Skincare,1,34369.3,0.29,-2647.84,No
ORD-102545,2024-10-07,2024-10-09,CUST-1185,PROD-284,Home & Kitchen,Furniture,1,12794.53,0.18,-907.05,No
ORD-102546,2024-01-12,2024-01-14,CUST-1141,PROD-259,Books,Fiction,4,14360.51,0.07,1078.5,No
ORD-102547,2024-12-17,2024-12-19,CUST-1107,PROD-338,Electronics,Mobile,4,40173.62,0.19,3083.29,Yes
ORD-102548,2023-12-16,2023-12-21,CUST-1000,PROD-361,Home & Kitchen,Decor,5,6952.92,0.14,1073.79,No
ORD-102549,2023-08-31,2023-09-03,CUST-1203,PROD-258,Beauty,Makeup,2,49088.46,0.05,11188.72,No
ORD-102550,2023-01-22,2023-01-26,CUST-1247,PROD-253,Books,Education,3,1019.59,0.24,197.14,No
ORD-102551,2024-09-28,2024-09-30,CUST-1145,PROD-380,Home & Kitchen,Decor,2,19860.78,0.26,-67.41,No
ORD-102552,2024-10-14,2024-10-15,CUST-1234,PROD-210,Beauty,Makeup,4,43344.7,0.29,3020.2,No
ORD-102553,2024-08-26,2024-08-29,CUST-1255,PROD-295,Electronics,Smartwatch,2,4644.02,0.13,32.41,Yes
ORD-102554,2024-12-19,2024-12-21,CUST-1235,PROD-394,Electronics,Headphones,4,40419.25,0.23,3595.64,Yes
ORD-102555,2023-06-18,2023-06-23,CUST-1266,PROD-327,Books,Fiction,3,41186.8,0.1,9764.21,No
ORD-102556,2024-05-05,2024-05-08,CUST-1288,PROD-421,Books,Fiction,4,7059.59,0.16,-54.18,Yes
ORD-102557,2024-10-07,2024-10-09,CUST-1040,PROD-311,Books,Education,2,4553.6,0.13,729.69,No
ORD-102558,2024-07-07,2024-07-09,CUST-1126,PROD-382,Books,Education,5,3199.09,0.04,8.55,No
ORD-102559,2023-04-03,2023-04-05,CUST-1135,PROD-410,Beauty,Skincare,5,7575.15,0.23,1154.71,No
ORD-102560,2024-05-29,2024-06-02,CUST-1204,PROD-259,Electronics,Smartwatch,3,20929.83,0.17,4481.78,Yes
ORD-102561,2024-10-13,2024-10-17,CUST-1035,PROD-349,Fashion,Men Clothing,2,2320.21,0.06,-221.67,No
ORD-102562,2023-06-28,2023-06-30,CUST-1046,PROD-287,Electronics,Mobile,2,20194.04,0.01,3774.84,No
ORD-102563,2023-12-05,2023-12-08,CUST-1194,PROD-473,Home & Kitchen,Furniture,4,39277.91,0.07,1320.01,Yes
ORD-102564,2024-08-10,2024-08-13,CUST-1255,PROD-313,Beauty,Makeup,3,17009.54,0.2,1350.45,No
ORD-102565,2024-09-22,2024-09-25,CUST-1005,PROD-292,Beauty,Makeup,2,23317.1,0.2,4893.67,No
ORD-102566,2023-03-26,2023-03-30,CUST-1264,PROD-284,Books,Education,2,1931.62,0.14,238.67,Yes
ORD-102567,2023-08-13,2023-08-15,CUST-1099,PROD-439,Beauty,Makeup,5,10655.6,0.1,2420.57,No
ORD-102568,2023-12-22,2023-12-25,CUST-1099,PROD-257,Fashion,Footwear,1,37643.88,0.3,-1037.05,No
ORD-102569,2023-10-27,2023-10-29,CUST-1257,PROD-226,Home & Kitchen,Decor,2,10201.72,0.08,-806.91,No
ORD-102570,2023-08-30,2023-08-31,CUST-1092,PROD-419,Electronics,Laptop,5,33495.1,0.21,566.4,No
ORD-102571,2023-07-17,2023-07-18,CUST-1261,PROD-203,Beauty,Skincare,4,23559.89,0.27,-492.06,Yes
ORD-102572,2024-05-06,2024-05-07,CUST-1248,PROD-342,Beauty,Makeup,4,17859.24,0.22,1682.13,Yes
ORD-102573,2024-08-04,2024-08-06,CUST-1240,PROD-310,Home & Kitchen,Decor,4,20440.88,0.17,3525.74,No
ORD-102574,2024-06-08,2024-06-11,CUST-1235,PROD-458,Fashion,Footwear,2,6288.01,0.21,650.67,No
ORD-102575,2024-07-29,2024-08-02,CUST-1109,PROD-324,Fashion,Women Clothing,2,46341.27,0.13,208.94,No
ORD-102576,2024-05-03,2024-05-07,CUST-1150,PROD-499,Electronics,Headphones,5,7572.78,0.05,1687.01,No
ORD-102577,2024-04-22,2024-04-23,CUST-1114,PROD-269,Beauty,Makeup,5,46103.29,0.02,10593.31,No
ORD-102578,2023-01-24,2023-01-26,CUST-1279,PROD-206,Home & Kitchen,Cookware,3,9377.07,0.03,-134.24,No
ORD-102579,2024-09-20,2024-09-21,CUST-1256,PROD-221,Fashion,Women Clothing,2,41364.45,0.24,4839.97,Yes
ORD-102580,2023-06-04,2023-06-09,CUST-1225,PROD-279,Home & Kitchen,Cookware,2,5238.4,0.17,197.09,Yes
ORD-102581,2023-02-26,2023-02-27,CUST-1096,PROD-324,Beauty,Skincare,5,15844.15,0.25,1155.97,No
ORD-102582,2024-08-30,2024-09-02,CUST-1235,PROD-263,Electronics,Laptop,4,11190.34,0.28,853.85,No
ORD-102583,2023-07-06,2023-07-07,CUST-1281,PROD-278,Home & Kitchen,Cookware,5,25700.55,0.07,-2188.58,No
ORD-102584,2024-07-24,2024-07-26,CUST-1131,PROD-441,Books,Education,3,49910.88,0.29,10823.64,No
ORD-102585,2023-10-10,2023-10-12,CUST-1015,PROD-436,Home & Kitchen,Cookware,1,37675.15,0.22,2732.07,No
ORD-102586,2024-11-17,2024-11-18,CUST-1143,PROD-367,Books,Education,1,24579.69,0.1,-2192.53,No
ORD-102587,2023-08-11,2023-08-16,CUST-1251,PROD-445,Fashion,Men Clothing,3,10484.51,0.27,1305.33,Yes
ORD-102588,2024-06-03,2024-06-05,CUST-1126,PROD-485,Home & Kitchen,Decor,5,25365.87,0.23,3714.22,Yes
ORD-102589,2023-08-30,2023-09-03,CUST-1049,PROD-383,Home & Kitchen,Cookware,1,49260.77,0.21,2815.13,No
ORD-102590,2023-11-24,2023-11-29,CUST-1025,PROD-206,Fashion,Footwear,4,20279.64,0.11,501.36,No
ORD-102591,2023-05-27,2023-06-01,CUST-1275,PROD-304,Fashion,Women Clothing,5,49923.38,0.27,6353.65,No
ORD-102592,2024-08-10,2024-08-13,CUST-1006,PROD-353,Beauty,Makeup,3,35539.03,0.09,877.65,No
ORD-102593,2024-09-17,2024-09-22,CUST-1036,PROD-319,Electronics,Laptop,1,7970.67,0.24,463.33,No
ORD-102594,2023-12-13,2023-12-16,CUST-1204,PROD-206,Fashion,Women Clothing,4,31293.97,0.1,7384.06,No
ORD-102595,2023-10-10,2023-10-11,CUST-1203,PROD-331,Books,Education,2,17081.1,0.14,-1493.01,No
ORD-102596,2023-07-11,2023-07-12,CUST-1082,PROD-356,Books,Fiction,4,29913.06,0.17,3041.25,No
ORD-102597,2023-04-27,2023-04-28,CUST-1095,PROD-369,Fashion,Men Clothing,2,29268.56,0.26,-1784.84,No
ORD-102598,2023-02-07,2023-02-08,CUST-1191,PROD-478,Books,Education,4,7233.74,0.2,152.94,No
ORD-102599,2023-12-30,2023-12-31,CUST-1154,PROD-210,Electronics,Headphones,1,35910.54,0.16,7479.29,No
ORD-102600,2023-08-05,2023-08-09,CUST-1070,PROD-307,Beauty,Makeup,3,29915.9,0.03,2898.89,No
ORD-102601,2023-11-27,2023-12-01,CUST-1118,PROD-464,Beauty,Makeup,2,34956.15,0.26,2932.78,No
ORD-102602,2023-02-25,2023-03-02,CUST-1067,PROD-237,Books,Education,5,40072.67,0.14,-1578.4,No
ORD-102603,2023-10-26,2023-10-28,CUST-1285,PROD-304,Books,Education,3,7729.24,0.04,284.82,No
ORD-102604,2023-02-01,2023-02-04,CUST-1244,PROD-209,Fashion,Men Clothing,1,37741.11,0.11,-2088.61,No
ORD-102605,2024-04-10,2024-04-15,CUST-1299,PROD-478,Home & Kitchen,Cookware,4,38732.23,0.28,8431.92,Yes
ORD-102606,2024-05-25,2024-05-26,CUST-1167,PROD-317,Fashion,Women Clothing,5,35962.98,0.28,8548.91,Yes
ORD-102607,2024-03-10,2024-03-14,CUST-1297,PROD-200,Home & Kitchen,Decor,2,39321.72,0.14,1162.38,No
ORD-102608,2024-05-13,2024-05-17,CUST-1298,PROD-495,Books,Fiction,1,24084.35,0.04,-5.33,No
ORD-102609,2023-10-13,2023-10-18,CUST-1060,PROD-364,Electronics,Smartwatch,3,35809.58,0.05,6512.43,No
ORD-102610,2024-12-08,2024-12-13,CUST-1285,PROD-427,Electronics,Smartwatch,3,36422.91,0.26,4705.25,No
ORD-102611,2024-10-02,2024-10-07,CUST-1295,PROD-399,Fashion,Men Clothing,5,38613.73,0.02,5320.76,No
ORD-102612,2024-02-10,2024-02-12,CUST-1060,PROD-410,Books,Education,4,18800.11,0.05,149.3,No
ORD-102613,2024-03-02,2024-03-03,CUST-1110,PROD-394,Fashion,Footwear,2,39432.85,0.06,-2125.52,No
ORD-102614,2024-03-03,2024-03-08,CUST-1120,PROD-334,Books,Education,1,42196.49,0.24,2479.92,No
ORD-102615,2024-06-19,2024-06-20,CUST-1159,PROD-275,Books,Fiction,4,13657.43,0.16,-716.32,No
ORD-102616,2023-01-05,2023-01-09,CUST-1025,PROD-439,Fashion,Footwear,5,15213.54,0.27,-1446.03,No
ORD-102617,2023-03-23,2023-03-27,CUST-1182,PROD-203,Fashion,Men Clothing,1,6629.52,0.02,-262.51,No
ORD-102618,2024-08-15,2024-08-18,CUST-1124,PROD-342,Books,Education,2,19341.39,0.05,1395.76,No
ORD-102619,2023-07-13,2023-07-16,CUST-1121,PROD-413,Fashion,Men Clothing,5,2318.18,0.19,570.86,No
ORD-102620,2024-01-13,2024-01-16,CUST-1005,PROD-500,Books,Education,4,39571.56,0.28,-2890.21,Yes
ORD-102621,2023-10-13,2023-10-16,CUST-1242,PROD-463,Fashion,Footwear,5,31116.47,0.12,1777.12,No
ORD-102622,2024-03-03,2024-03-06,CUST-1104,PROD-421,Beauty,Skincare,4,11471.48,0.01,2812.12,No
ORD-102623,2024-06-07,2024-06-10,CUST-1160,PROD-209,Home & Kitchen,Furniture,4,2064.93,0.21,342.61,No
ORD-102624,2023-09-10,2023-09-11,CUST-1178,PROD-436,Home & Kitchen,Decor,5,2210.47,0.13,230.39,Yes
ORD-102625,2023-10-08,2023-10-10,CUST-1023,PROD-404,Books,Fiction,2,4571.53,0.12,137.81,No
ORD-102626,2023-06-13,2023-06-15,CUST-1149,PROD-421,Electronics,Smartwatch,5,2974.84,0.27,505.98,No
ORD-102627,2023-12-23,2023-12-28,CUST-1064,PROD-398,Electronics,Headphones,4,23186.61,0.29,2799.9,No
ORD-102628,2023-01-06,2023-01-09,CUST-1142,PROD-493,Books,Fiction,5,46826.34,0.03,256.24,No
ORD-102629,2023-06-20,2023-06-23,CUST-1184,PROD-401,Fashion,Women Clothing,3,26287.36,0.07,-1045.88,Yes
ORD-102630,2024-11-22,2024-11-24,CUST-1156,PROD-395,Beauty,Skincare,5,19559.69,0.15,-592.41,Yes
ORD-102631,2024-09-04,2024-09-06,CUST-1172,PROD-214,Fashion,Footwear,4,24869.13,0.21,2981.39,No
ORD-102632,2023-03-21,2023-03-24,CUST-1066,PROD-339,Fashion,Women Clothing,5,12554.39,0.25,-859.65,No
ORD-102633,2023-04-05,2023-04-06,CUST-1010,PROD-233,Beauty,Makeup,5,41416.93,0.01,2826.08,No
ORD-102634,2023-01-27,2023-01-30,CUST-1057,PROD-253,Books,Fiction,2,16525.56,0.19,3510.99,Yes
ORD-102635,2023-06-23,2023-06-24,CUST-1171,PROD-332,Fashion,Footwear,2,8816.25,0.12,93.65,Yes
ORD-102636,2024-12-03,2024-12-05,CUST-1291,PROD-250,Books,Education,2,38441.76,0.07,2792.06,No
ORD-102637,2024-11-28,2024-12-03,CUST-1220,PROD-432,Books,Fiction,3,4072.71,0.06,473.88,No
ORD-102638,2023-08-09,2023-08-10,CUST-1217,PROD-272,Home & Kitchen,Decor,1,10132.23,0.23,2026.96,Yes
ORD-102639,2023-01-13,2023-01-15,CUST-1252,PROD-222,Books,Fiction,5,24846.26,0.01,1880.68,No
ORD-102640,2024-01-10,2024-01-15,CUST-1145,PROD-269,Beauty,Makeup,4,21653.43,0.04,-1871.48,No
ORD-102641,2023-05-13,2023-05-15,CUST-1243,PROD-471,Electronics,Laptop,2,24032.19,0.25,2618.56,No
ORD-102642,2023-03-23,2023-03-25,CUST-1300,PROD-300,Beauty,Makeup,4,16821.36,0.28,3927.49,No
ORD-102643,2024-07-19,2024-07-21,CUST-1108,PROD-487,Home & Kitchen,Cookware,5,20491.36,0.02,1328.27,No
ORD-102644,2024-02-03,2024-02-05,CUST-1010,PROD-306,Fashion,Women Clothing,2,33309.04,0.06,-1137.32,No
ORD-102645,2024-11-10,2024-11-11,CUST-1250,PROD-284,Books,Fiction,3,10144.04,0.16,957.82,No
ORD-102646,2023-10-01,2023-10-06,CUST-1021,PROD-386,Books,Education,4,47836.71,0.14,1116.72,Yes
ORD-102647,2024-02-17,2024-02-22,CUST-1204,PROD-407,Electronics,Laptop,2,49906.35,0.23,3361.09,No
ORD-102648,2023-12-09,2023-12-11,CUST-1223,PROD-267,Home & Kitchen,Cookware,1,45784.4,0.03,3425.21,No
ORD-102649,2024-12-08,2024-12-12,CUST-1213,PROD-427,Home & Kitchen,Decor,3,39582.76,0.03,8501.85,No
ORD-102650,2024-07-28,2024-08-01,CUST-1176,PROD-429,Beauty,Makeup,4,28029.35,0.01,5728.17,No
ORD-102651,2024-10-14,2024-10-15,CUST-1081,PROD-370,Home & Kitchen,Decor,1,46641.72,0.19,6242.29,Yes
ORD-102652,2024-10-24,2024-10-28,CUST-1144,PROD-439,Beauty,Makeup,4,17817.47,0.2,4152.93,No
ORD-102653,2024-01-25,2024-01-29,CUST-1035,PROD-464,Beauty,Skincare,2,42746.46,0.24,-3824.53,No
ORD-102654,2024-01-12,2024-01-16,CUST-1095,PROD-337,Beauty,Makeup,5,8831.29,0.2,864.81,No
ORD-102655,2023-02-01,2023-02-05,CUST-1171,PROD-486,Books,Fiction,4,13669.95,0.29,-48.21,No
ORD-102656,2024-11-09,2024-11-11,CUST-1051,PROD-239,Beauty,Makeup,4,43839.13,0.02,-1612.68,No
ORD-102657,2023-09-03,2023-09-04,CUST-1017,PROD-366,Fashion,Footwear,5,20914.86,0.21,2074.93,No
ORD-102658,2023-07-24,2023-07-29,CUST-1276,PROD-335,Home & Kitchen,Decor,4,26058.25,0.25,3347.72,Yes
ORD-102659,2024-12-04,2024-12-05,CUST-1006,PROD-212,Electronics,Headphones,2,19132.53,0.02,3361.26,No
ORD-102660,2023-08-12,2023-08-13,CUST-1241,PROD-398,Beauty,Makeup,3,26615.22,0.11,1988.27,No
ORD-102661,2023-11-23,2023-11-24,CUST-1000,PROD-348,Books,Education,4,31483.07,0.0,428.33,Yes
ORD-102662,2023-08-19,2023-08-24,CUST-1212,PROD-487,Fashion,Men Clothing,4,35467.98,0.05,2516.84,No
ORD-102663,2023-12-27,2023-12-31,CUST-1108,PROD-268,Books,Fiction,1,3092.63,0.21,554.85,No
ORD-102664,2023-07-11,2023-07-16,CUST-1099,PROD-351,Electronics,Mobile,1,31849.42,0.14,-2911.32,Yes
ORD-102665,2023-02-28,2023-03-03,CUST-1155,PROD-431,Beauty,Skincare,1,24861.38,0.28,5249.86,No
ORD-102666,2023-10-24,2023-10-25,CUST-1194,PROD-272,Home & Kitchen,Furniture,3,4077.66,0.22,586.47,Yes
ORD-102667,2023-05-20,2023-05-23,CUST-1287,PROD-400,Books,Education,5,18950.97,0.27,-1667.68,No
ORD-102668,2023-06-05,2023-06-09,CUST-1168,PROD-445,Electronics,Headphones,2,40373.1,0.01,8618.64,Yes
ORD-102669,2023-03-30,2023-04-02,CUST-1054,PROD-290,Books,Education,5,7561.89,0.17,1831.19,No
ORD-102670,2023-08-26,2023-08-27,CUST-1142,PROD-485,Home & Kitchen,Furniture,4,4715.65,0.23,-434.88,No
ORD-102671,2023-06-24,2023-06-27,CUST-1026,PROD-418,Books,Fiction,2,13459.96,0.02,1285.28,No
ORD-102672,2024-02-04,2024-02-09,CUST-1055,PROD-359,Books,Education,3,10455.24,0.11,-996.81,No
ORD-102673,2024-04-27,2024-04-30,CUST-1267,PROD-297,Books,Education,5,48622.7,0.06,11883.22,Yes
ORD-102674,2024-10-17,2024-10-21,CUST-1117,PROD-387,Electronics,Headphones,5,4772.27,0.27,43.86,No
ORD-102675,2023-02-06,2023-02-08,CUST-1110,PROD-429,Beauty,Skincare,5,16711.62,0.19,2286.3,Yes
ORD-102676,2023-03-15,2023-03-19,CUST-1257,PROD-301,Electronics,Headphones,5,46700.63,0.17,959.79,No
ORD-102677,2024-11-05,2024-11-10,CUST-1154,PROD-330,Beauty,Skincare,1,11066.57,0.21,125.17,No
ORD-102678,2023-05-06,2023-05-07,CUST-1218,PROD-284,Fashion,Men Clothing,2,11152.14,0.16,-429.58,No
ORD-102679,2023-11-17,2023-11-19,CUST-1166,PROD-365,Electronics,Laptop,1,30398.8,0.16,-2954.74,No
ORD-102680,2024-04-02,2024-04-03,CUST-1121,PROD-434,Books,Education,2,6154.18,0.05,517.12,No
ORD-102681,2023-06-16,2023-06-18,CUST-1143,PROD-400,Beauty,Makeup,5,13827.03,0.02,-966.98,No
ORD-102682,2024-09-12,2024-09-17,CUST-1219,PROD-345,Home & Kitchen,Decor,2,20537.47,0.14,3545.27,Yes
ORD-102683,2024-07-09,2024-07-12,CUST-1228,PROD-204,Electronics,Smartwatch,2,30507.55,0.28,3699.94,No
ORD-102684,2024-10-28,2024-11-01,CUST-1089,PROD-286,Home & Kitchen,Decor,4,23977.66,0.13,2434.57,Yes
ORD-102685,2024-04-27,2024-04-29,CUST-1026,PROD-396,Beauty,Makeup,5,637.51,0.01,54.86,No
ORD-102686,2023-03-07,2023-03-11,CUST-1001,PROD-412,Beauty,Makeup,3,26658.2,0.23,-779.67,No
ORD-102687,2023-03-26,2023-03-30,CUST-1201,PROD-246,Fashion,Women Clothing,1,2312.75,0.27,108.72,Yes
ORD-102688,2024-06-25,2024-06-27,CUST-1234,PROD-217,Fashion,Men Clothing,4,37675.39,0.19,-3226.45,No
ORD-102689,2024-12-20,2024-12-22,CUST-1255,PROD-342,Fashion,Footwear,2,6173.09,0.27,-317.25,No
ORD-102690,2023-12-30,2024-01-02,CUST-1284,PROD-231,Beauty,Makeup,4,39496.6,0.16,-873.26,No
ORD-102691,2023-05-16,2023-05-20,CUST-1224,PROD-367,Home & Kitchen,Cookware,3,3101.09,0.12,30.32,Yes
ORD-102692,2023-06-09,2023-06-10,CUST-1165,PROD-437,Fashion,Women Clothing,4,12227.98,0.11,86.37,Yes
ORD-102693,2023-05-01,2023-05-05,CUST-1271,PROD-270,Home & Kitchen,Cookware,1,23316.99,0.16,-907.02,No
ORD-102694,2023-09-13,2023-09-18,CUST-1244,PROD-223,Beauty,Skincare,5,7231.11,0.07,-500.73,No
ORD-102695,2023-09-10,2023-09-11,CUST-1205,PROD-372,Beauty,Makeup,3,44892.73,0.05,8674.23,No
ORD-102696,2024-05-16,2024-05-19,CUST-1239,PROD-396,Electronics,Laptop,2,49681.58,0.2,10713.99,Yes
ORD-102697,2024-06-24,2024-06-25,CUST-1028,PROD-431,Fashion,Men Clothing,5,45813.15,0.23,5432.56,No
ORD-102698,2024-02-06,2024-02-07,CUST-1174,PROD-374,Electronics,Smartwatch,2,45936.76,0.13,9804.85,No
ORD-102699,2024-04-25,2024-04-28,CUST-1260,PROD-340,Electronics,Laptop,4,34646.52,0.24,-1082.68,Yes
ORD-102700,2023-03-02,2023-03-07,CUST-1165,PROD-210,Electronics,Smartwatch,5,4517.45,0.26,492.67,No
ORD-102701,2024-08-08,2024-08-09,CUST-1218,PROD-210,Beauty,Makeup,4,31317.29,0.01,2157.0,No
ORD-102702,2024-07-29,2024-07-30,CUST-1021,PROD-214,Electronics,Mobile,5,15053.67,0.11,2737.22,No
ORD-102703,2023-02-01,2023-02-02,CUST-1270,PROD-215,Electronics,Headphones,2,25904.4,0.21,1608.8,No
ORD-102704,2024-06-21,2024-06-24,CUST-1135,PROD-241,Electronics,Smartwatch,5,6615.07,0.03,-94.93,No
ORD-102705,2024-08-23,2024-08-25,CUST-1167,PROD-387,Fashion,Footwear,5,45889.59,0.01,5706.72,No
ORD-102706,2023-04-05,2023-04-09,CUST-1197,PROD-282,Beauty,Makeup,3,39227.81,0.07,5483.78,No
ORD-102707,2023-05-11,2023-05-16,CUST-1102,PROD-482,Electronics,Mobile,4,42076.03,0.13,9383.48,Yes
ORD-102708,2023-05-06,2023-05-10,CUST-1293,PROD-398,Books,Education,3,7854.06,0.26,302.98,No
ORD-102709,2023-01-04,2023-01-07,CUST-1214,PROD-231,Books,Fiction,5,1611.61,0.22,-74.81,No
ORD-102710,2024-08-02,2024-08-07,CUST-1069,PROD-423,Fashion,Women Clothing,3,28306.48,0.12,-1155.43,No
ORD-102711,2023-05-22,2023-05-26,CUST-1048,PROD-296,Electronics,Headphones,2,18929.11,0.2,3945.41,No
ORD-102712,2024-03-04,2024-03-09,CUST-1082,PROD-395,Books,Fiction,5,16374.08,0.3,931.57,No
ORD-102713,2023-10-21,2023-10-22,CUST-1119,PROD-218,Books,Education,1,43932.22,0.17,3178.55,No
ORD-102714,2024-09-02,2024-09-04,CUST-1097,PROD-474,Books,Fiction,1,41800.9,0.12,-1307.11,Yes
ORD-102715,2023-01-20,2023-01-22,CUST-1085,PROD-413,Beauty,Makeup,1,15461.06,0.0,799.84,No
ORD-102716,2023-11-05,2023-11-07,CUST-1008,PROD-433,Books,Education,1,37951.34,0.14,1362.32,No
ORD-102717,2023-01-17,2023-01-21,CUST-1211,PROD-426,Home & Kitchen,Cookware,5,5972.25,0.03,1454.01,No
ORD-102718,2024-10-02,2024-10-07,CUST-1173,PROD-219,Beauty,Makeup,1,12753.07,0.3,1065.07,No
ORD-102719,2023-07-04,2023-07-08,CUST-1108,PROD-485,Beauty,Skincare,2,47798.84,0.07,6524.08,No
ORD-102720,2024-10-13,2024-10-16,CUST-1256,PROD-282,Beauty,Makeup,3,28054.24,0.07,4045.61,No
ORD-102721,2023-06-19,2023-06-24,CUST-1055,PROD-277,Fashion,Women Clothing,2,11330.29,0.13,1885.55,No
ORD-102722,2024-07-12,2024-07-17,CUST-1265,PROD-365,Beauty,Skincare,1,41513.35,0.18,4707.22,Yes
ORD-102723,2023-08-18,2023-08-20,CUST-1228,PROD-331,Beauty,Makeup,1,4222.25,0.12,609.64,No
ORD-102724,2024-10-27,2024-10-31,CUST-1178,PROD-359,Fashion,Men Clothing,2,9955.06,0.21,-350.87,No
ORD-102725,2024-01-24,2024-01-25,CUST-1178,PROD-221,Electronics,Headphones,1,49144.49,0.15,1940.41,Yes
ORD-102726,2023-02-22,2023-02-23,CUST-1113,PROD-438,Home & Kitchen,Decor,3,40802.06,0.3,4502.72,No
ORD-102727,2023-04-28,2023-05-03,CUST-1078,PROD-346,Home & Kitchen,Decor,3,39842.08,0.2,-3317.38,No
ORD-102728,2023-02-11,2023-02-16,CUST-1126,PROD-216,Home & Kitchen,Furniture,4,8080.11,0.08,1004.82,Yes
ORD-102729,2023-04-20,2023-04-22,CUST-1265,PROD-369,Fashion,Men Clothing,1,6935.42,0.02,1574.19,No
ORD-102730,2023-03-04,2023-03-05,CUST-1187,PROD-398,Books,Education,2,5777.29,0.07,86.0,No
ORD-102731,2024-09-18,2024-09-20,CUST-1055,PROD-285,Beauty,Makeup,5,18270.19,0.14,640.28,Yes
ORD-102732,2024-11-17,2024-11-20,CUST-1162,PROD-463,Fashion,Men Clothing,4,22739.38,0.17,5269.26,Yes
ORD-102733,2024-12-27,2024-12-31,CUST-1141,PROD-303,Fashion,Men Clothing,5,34507.82,0.17,-504.18,No
ORD-102734,2023-03-18,2023-03-20,CUST-1237,PROD-214,Beauty,Makeup,5,21443.29,0.14,534.57,Yes
ORD-102735,2023-07-08,2023-07-12,CUST-1203,PROD-409,Beauty,Skincare,5,35353.46,0.09,3547.13,No
ORD-102736,2023-12-31,2024-01-02,CUST-1139,PROD-452,Electronics,Laptop,4,25974.19,0.24,664.2,No
ORD-102737,2024-10-21,2024-10-25,CUST-1171,PROD-233,Electronics,Mobile,4,1780.69,0.06,44.44,No
ORD-102738,2024-02-20,2024-02-25,CUST-1043,PROD-380,Home & Kitchen,Cookware,2,38070.79,0.11,-1411.61,No
ORD-102739,2024-05-06,2024-05-08,CUST-1236,PROD-450,Beauty,Skincare,3,40296.25,0.23,9295.16,No
ORD-102740,2024-04-19,2024-04-24,CUST-1085,PROD-287,Electronics,Mobile,1,26707.04,0.07,6590.28,No
ORD-102741,2024-12-31,2025-01-01,CUST-1020,PROD-357,Electronics,Laptop,5,41872.24,0.17,-126.0,No
ORD-102742,2024-01-13,2024-01-17,CUST-1088,PROD-421,Fashion,Women Clothing,5,23246.13,0.07,4643.94,Yes
ORD-102743,2023-12-21,2023-12-24,CUST-1190,PROD-333,Fashion,Men Clothing,1,9534.69,0.1,-669.09,No
ORD-102744,2024-04-17,2024-04-18,CUST-1083,PROD-325,Home & Kitchen,Furniture,5,46767.23,0.2,-1365.29,No
ORD-102745,2024-04-24,2024-04-27,CUST-1005,PROD-464,Fashion,Footwear,4,8366.17,0.24,1215.13,No
ORD-102746,2023-12-02,2023-12-03,CUST-1020,PROD-431,Books,Fiction,4,24672.38,0.22,2015.1,No
ORD-102747,2024-01-01,2024-01-02,CUST-1184,PROD-252,Home & Kitchen,Decor,4,28632.15,0.15,4615.18,Yes
ORD-102748,2024-11-30,2024-12-03,CUST-1174,PROD-459,Electronics,Smartwatch,1,28776.48,0.19,3061.78,Yes
ORD-102749,2023-01-06,2023-01-08,CUST-1199,PROD-414,Fashion,Footwear,5,16661.6,0.29,2694.52,No
ORD-102750,2024-08-15,2024-08-16,CUST-1064,PROD-494,Fashion,Men Clothing,1,8113.08,0.03,940.53,No
ORD-102751,2024-05-09,2024-05-12,CUST-1227,PROD-432,Home & Kitchen,Furniture,4,14276.64,0.05,-1136.88,No
ORD-102752,2024-08-14,2024-08-15,CUST-1129,PROD-214,Home & Kitchen,Furniture,2,19850.42,0.28,1198.35,Yes
ORD-102753,2023-09-11,2023-09-12,CUST-1276,PROD-217,Beauty,Makeup,5,22887.78,0.26,-759.24,No
ORD-102754,2023-11-17,2023-11-19,CUST-1035,PROD-396,Beauty,Makeup,1,48152.32,0.29,-3212.31,No
ORD-102755,2023-09-06,2023-09-07,CUST-1092,PROD-279,Electronics,Laptop,3,2236.27,0.07,-107.76,Yes
ORD-102756,2023-11-06,2023-11-10,CUST-1182,PROD-264,Beauty,Makeup,1,5706.65,0.18,1363.27,Yes
ORD-102757,2024-04-19,2024-04-22,CUST-1080,PROD-490,Home & Kitchen,Furniture,5,31491.29,0.05,-2871.98,No
ORD-102758,2023-07-01,2023-07-02,CUST-1101,PROD-299,Electronics,Smartwatch,1,20454.57,0.02,2541.08,Yes
ORD-102759,2024-03-08,2024-03-10,CUST-1086,PROD-415,Electronics,Laptop,2,8891.44,0.03,-824.33,No
ORD-102760,2024-07-20,2024-07-25,CUST-1139,PROD-476,Books,Education,1,32380.01,0.21,7783.61,No
ORD-102761,2024-09-22,2024-09-27,CUST-1192,PROD-495,Electronics,Mobile,5,24052.1,0.17,5977.87,Yes
ORD-102762,2023-04-30,2023-05-03,CUST-1176,PROD-459,Beauty,Makeup,1,16665.28,0.02,-1531.89,No
ORD-102763,2023-12-10,2023-12-13,CUST-1123,PROD-392,Books,Fiction,2,47575.94,0.18,6423.36,Yes
ORD-102764,2024-07-04,2024-07-09,CUST-1236,PROD-442,Fashion,Men Clothing,3,1490.89,0.08,-101.42,No
ORD-102765,2023-06-26,2023-06-30,CUST-1178,PROD-414,Home & Kitchen,Furniture,4,47633.78,0.27,3916.46,Yes
ORD-102766,2024-06-29,2024-07-01,CUST-1291,PROD-481,Electronics,Smartwatch,5,7952.4,0.09,-207.83,No
ORD-102767,2023-09-15,2023-09-19,CUST-1253,PROD-221,Electronics,Headphones,4,28217.48,0.03,-840.97,No
ORD-102768,2024-01-12,2024-01-17,CUST-1069,PROD-350,Beauty,Makeup,2,10900.61,0.12,-670.68,Yes
ORD-102769,2024-02-12,2024-02-15,CUST-1250,PROD-419,Electronics,Headphones,4,13412.71,0.23,-700.67,No
ORD-102770,2024-02-29,2024-03-03,CUST-1046,PROD-261,Electronics,Mobile,1,31395.66,0.28,-1920.23,No
ORD-102771,2024-04-14,2024-04-17,CUST-1293,PROD-325,Electronics,Smartwatch,2,16661.16,0.0,-226.95,No
ORD-102772,2024-08-01,2024-08-05,CUST-1080,PROD-429,Home & Kitchen,Cookware,2,13880.31,0.07,943.69,No
ORD-102773,2024-04-30,2024-05-03,CUST-1101,PROD-388,Electronics,Smartwatch,5,2460.93,0.09,480.42,Yes
ORD-102774,2023-08-09,2023-08-11,CUST-1167,PROD-473,Home & Kitchen,Furniture,2,30558.07,0.24,5680.28,No
ORD-102775,2024-12-21,2024-12-23,CUST-1250,PROD-344,Fashion,Women Clothing,3,10403.81,0.18,1282.64,No
ORD-102776,2023-11-24,2023-11-29,CUST-1213,PROD-325,Home & Kitchen,Decor,3,35495.44,0.06,8397.12,No
ORD-102777,2023-07-09,2023-07-11,CUST-1136,PROD-473,Beauty,Makeup,3,2081.14,0.27,-119.98,No
ORD-102778,2024-09-28,2024-10-03,CUST-1300,PROD-275,Beauty,Skincare,1,34314.06,0.16,1851.63,No
ORD-102779,2024-03-06,2024-03-09,CUST-1023,PROD-325,Books,Education,5,45828.38,0.06,6959.0,Yes
ORD-102780,2024-09-26,2024-09-30,CUST-1104,PROD-226,Home & Kitchen,Furniture,4,5821.92,0.2,544.31,Yes
ORD-102781,2024-11-21,2024-11-26,CUST-1262,PROD-492,Electronics,Headphones,5,16762.6,0.23,3338.1,No
ORD-102782,2024-12-16,2024-12-19,CUST-1062,PROD-319,Beauty,Skincare,1,41346.2,0.13,583.98,Yes
ORD-102783,2024-04-01,2024-04-05,CUST-1024,PROD-500,Home & Kitchen,Decor,5,2695.5,0.29,656.15,No
ORD-102784,2023-06-16,2023-06-17,CUST-1226,PROD-245,Beauty,Skincare,3,2741.32,0.15,527.6,No
ORD-102785,2024-10-21,2024-10-26,CUST-1245,PROD-485,Beauty,Makeup,5,49684.2,0.06,7750.61,No
ORD-102786,2023-02-10,2023-02-11,CUST-1221,PROD-418,Books,Education,5,44463.7,0.03,8998.92,Yes
ORD-102787,2024-09-28,2024-09-30,CUST-1180,PROD-304,Electronics,Mobile,5,9841.96,0.25,-878.47,No
ORD-102788,2024-10-19,2024-10-20,CUST-1152,PROD-324,Electronics,Smartwatch,2,40528.11,0.1,1746.38,No
ORD-102789,2023-06-24,2023-06-25,CUST-1297,PROD-264,Beauty,Makeup,2,4865.75,0.14,869.26,No
ORD-102790,2024-06-19,2024-06-24,CUST-1031,PROD-373,Home & Kitchen,Decor,4,14338.51,0.12,2683.8,Yes
ORD-102791,2023-09-28,2023-09-30,CUST-1219,PROD-312,Home & Kitchen,Cookware,1,6279.23,0.04,328.69,No
ORD-102792,2023-09-02,2023-09-04,CUST-1007,PROD-471,Home & Kitchen,Furniture,2,6520.76,0.24,779.1,No
ORD-102793,2024-09-26,2024-09-28,CUST-1168,PROD-436,Fashion,Men Clothing,2,7667.4,0.12,164.94,No
ORD-102794,2023-06-26,2023-07-01,CUST-1112,PROD-495,Beauty,Skincare,3,25482.56,0.29,3271.84,No
ORD-102795,2024-12-12,2024-12-14,CUST-1141,PROD-319,Beauty,Skincare,1,9849.76,0.12,-781.55,No
ORD-102796,2024-01-24,2024-01-26,CUST-1146,PROD-289,Home & Kitchen,Furniture,2,11156.28,0.01,1863.86,Yes
ORD-102797,2023-10-10,2023-10-12,CUST-1083,PROD-447,Home & Kitchen,Decor,4,17192.5,0.15,3904.01,No
ORD-102798,2023-01-06,2023-01-07,CUST-1298,PROD-412,Electronics,Smartwatch,2,1448.16,0.29,-22.86,No
ORD-102799,2023-11-17,2023-11-22,CUST-1240,PROD-386,Electronics,Headphones,1,38889.78,0.19,8277.88,Yes
ORD-102800,2023-01-25,2023-01-26,CUST-1011,PROD-356,Fashion,Men Clothing,5,2689.59,0.13,255.38,No
ORD-102801,2024-11-21,2024-11-25,CUST-1147,PROD-253,Home & Kitchen,Decor,1,12199.53,0.09,-656.17,Yes
ORD-102802,2023-12-11,2023-12-15,CUST-1025,PROD-457,Electronics,Laptop,3,39585.08,0.09,3782.23,No
ORD-102803,2023-08-14,2023-08-16,CUST-1212,PROD-304,Home & Kitchen,Decor,1,37138.1,0.27,-1725.69,No
ORD-102804,2023-10-14,2023-10-17,CUST-1073,PROD-233,Fashion,Women Clothing,4,43190.58,0.2,-1000.35,No
ORD-102805,2023-08-03,2023-08-06,CUST-1170,PROD-430,Beauty,Makeup,3,27322.85,0.3,4706.44,Yes
ORD-102806,2023-05-25,2023-05-30,CUST-1036,PROD-246,Beauty,Skincare,5,35990.18,0.17,3350.42,No
ORD-102807,2024-01-07,2024-01-11,CUST-1141,PROD-417,Beauty,Skincare,4,7570.78,0.19,1073.29,No
ORD-102808,2023-10-29,2023-11-03,CUST-1211,PROD-397,Beauty,Makeup,2,41116.89,0.29,2824.5,No
ORD-102809,2023-12-17,2023-12-18,CUST-1300,PROD-306,Fashion,Men Clothing,5,22982.88,0.19,-1833.99,No
ORD-102810,2023-03-19,2023-03-23,CUST-1147,PROD-370,Fashion,Women Clothing,2,42664.94,0.05,-4056.58,No
ORD-102811,2024-07-14,2024-07-18,CUST-1266,PROD-362,Home & Kitchen,Decor,1,44714.07,0.26,4821.22,No
ORD-102812,2024-12-15,2024-12-18,CUST-1078,PROD-252,Home & Kitchen,Furniture,3,9938.5,0.1,592.72,No
ORD-102813,2024-11-06,2024-11-09,CUST-1172,PROD-336,Fashion,Women Clothing,1,20155.13,0.29,4453.85,Yes
ORD-102814,2024-09-22,2024-09-25,CUST-1193,PROD-216,Books,Education,2,10426.98,0.01,-763.0,No
ORD-102815,2023-09-11,2023-09-14,CUST-1051,PROD-399,Home & Kitchen,Cookware,1,46892.52,0.21,10482.88,No
ORD-102816,2024-04-29,2024-05-04,CUST-1004,PROD-283,Books,Fiction,4,39391.44,0.05,6019.69,Yes
ORD-102817,2023-12-01,2023-12-04,CUST-1032,PROD-447,Home & Kitchen,Cookware,5,13635.12,0.23,2723.18,No
ORD-102818,2024-10-03,2024-10-05,CUST-1018,PROD-276,Books,Education,3,31362.91,0.0,1624.68,No
ORD-102819,2024-09-09,2024-09-14,CUST-1085,PROD-336,Fashion,Men Clothing,5,49406.11,0.29,3747.62,No
ORD-102820,2023-10-03,2023-10-04,CUST-1224,PROD-262,Fashion,Footwear,3,564.96,0.06,23.02,No
ORD-102821,2023-12-31,2024-01-05,CUST-1136,PROD-383,Books,Education,4,14335.93,0.3,72.95,No
ORD-102822,2024-05-13,2024-05-14,CUST-1225,PROD-376,Electronics,Smartwatch,5,24840.54,0.24,-1168.23,No
ORD-102823,2024-02-21,2024-02-26,CUST-1295,PROD-422,Books,Fiction,3,20441.53,0.26,-1070.18,No
ORD-102824,2023-08-19,2023-08-24,CUST-1212,PROD-235,Electronics,Mobile,2,11594.82,0.27,-1057.83,No
ORD-102825,2023-05-08,2023-05-12,CUST-1210,PROD-297,Beauty,Makeup,1,6150.21,0.16,683.42,Yes
ORD-102826,2024-05-26,2024-05-31,CUST-1151,PROD-457,Fashion,Women Clothing,4,14768.16,0.22,833.18,No
ORD-102827,2023-06-17,2023-06-21,CUST-1055,PROD-313,Books,Fiction,5,49325.34,0.1,1955.1,No
ORD-102828,2024-04-18,2024-04-19,CUST-1026,PROD-326,Electronics,Headphones,1,38956.22,0.09,-3562.0,No
ORD-102829,2024-11-18,2024-11-19,CUST-1066,PROD-244,Beauty,Makeup,3,45370.33,0.06,3645.14,No
ORD-102830,2024-04-19,2024-04-23,CUST-1103,PROD-302,Home & Kitchen,Furniture,5,21640.91,0.08,4523.62,No
ORD-102831,2024-08-26,2024-08-29,CUST-1083,PROD-437,Home & Kitchen,Furniture,3,27679.28,0.25,1748.75,No
ORD-102832,2024-06-25,2024-06-28,CUST-1106,PROD-384,Home & Kitchen,Cookware,3,33134.91,0.29,1355.96,No
ORD-102833,2024-01-31,2024-02-04,CUST-1073,PROD-468,Beauty,Makeup,5,47139.75,0.28,-2333.35,No
ORD-102834,2023-12-19,2023-12-22,CUST-1202,PROD-255,Home & Kitchen,Decor,5,37914.65,0.11,9282.18,No
ORD-102835,2024-12-08,2024-12-11,CUST-1031,PROD-211,Electronics,Laptop,1,33029.55,0.17,412.68,No
ORD-102836,2024-05-11,2024-05-12,CUST-1154,PROD-315,Books,Education,1,44211.06,0.25,3108.25,No
ORD-102837,2023-05-07,2023-05-10,CUST-1037,PROD-346,Beauty,Makeup,2,25285.79,0.06,4945.76,Yes
ORD-102838,2023-01-09,2023-01-12,CUST-1277,PROD-337,Beauty,Skincare,5,39881.94,0.16,285.29,No
ORD-102839,2023-08-19,2023-08-21,CUST-1177,PROD-386,Fashion,Women Clothing,1,17625.54,0.28,2082.28,No
ORD-102840,2024-10-16,2024-10-17,CUST-1087,PROD-406,Books,Fiction,2,5758.18,0.13,1329.46,Yes
ORD-102841,2024-05-08,2024-05-12,CUST-1191,PROD-277,Electronics,Laptop,2,4156.74,0.16,-245.43,No
ORD-102842,2023-09-17,2023-09-20,CUST-1250,PROD-287,Electronics,Smartwatch,3,14993.94,0.24,2936.74,No
ORD-102843,2023-07-06,2023-07-08,CUST-1184,PROD-363,Books,Fiction,2,384.62,0.17,-25.38,No
ORD-102844,2023-11-25,2023-11-27,CUST-1058,PROD-262,Electronics,Smartwatch,3,2602.77,0.27,-44.77,No
ORD-102845,2024-06-15,2024-06-18,CUST-1132,PROD-430,Home & Kitchen,Furniture,5,20037.81,0.12,789.97,No
ORD-102846,2024-02-23,2024-02-25,CUST-1233,PROD-209,Electronics,Mobile,3,34022.79,0.05,-3135.41,No
ORD-102847,2024-02-11,2024-02-13,CUST-1123,PROD-318,Home & Kitchen,Decor,4,7558.58,0.02,482.53,Yes
ORD-102848,2024-06-30,2024-07-02,CUST-1236,PROD-389,Beauty,Makeup,5,9604.35,0.07,1364.46,No
ORD-102849,2024-04-21,2024-04-24,CUST-1056,PROD-497,Beauty,Makeup,2,15266.44,0.13,2602.52,Yes
ORD-102850,2023-06-19,2023-06-23,CUST-1091,PROD-231,Home & Kitchen,Cookware,3,17359.1,0.18,3560.81,No
ORD-102851,2023-02-07,2023-02-09,CUST-1200,PROD-292,Fashion,Women Clothing,2,44412.31,0.28,-1826.74,No
ORD-102852,2024-02-15,2024-02-17,CUST-1268,PROD-261,Beauty,Skincare,5,9600.92,0.15,419.1,Yes
ORD-102853,2024-06-26,2024-07-01,CUST-1193,PROD-344,Home & Kitchen,Furniture,1,11155.22,0.14,-96.15,No
ORD-102854,2024-06-08,2024-06-11,CUST-1128,PROD-344,Electronics,Headphones,1,17594.66,0.29,-807.75,No
ORD-102855,2024-01-13,2024-01-16,CUST-1141,PROD-478,Electronics,Mobile,1,48550.59,0.01,3320.88,No
ORD-102856,2023-01-09,2023-01-13,CUST-1068,PROD-384,Home & Kitchen,Cookware,4,43329.14,0.16,9689.52,No
ORD-102857,2024-08-03,2024-08-05,CUST-1154,PROD-203,Home & Kitchen,Decor,5,41241.6,0.04,2299.75,Yes
ORD-102858,2024-12-26,2024-12-30,CUST-1278,PROD-389,Fashion,Men Clothing,4,21292.45,0.28,1401.62,No
ORD-102859,2023-07-09,2023-07-14,CUST-1230,PROD-338,Books,Fiction,2,19111.36,0.15,2429.47,No
ORD-102860,2023-06-11,2023-06-12,CUST-1279,PROD-477,Home & Kitchen,Cookware,4,13931.76,0.02,1264.5,No
ORD-102861,2024-11-13,2024-11-14,CUST-1057,PROD-211,Fashion,Men Clothing,5,453.85,0.21,107.22,No
ORD-102862,2023-04-28,2023-04-29,CUST-1007,PROD-253,Home & Kitchen,Decor,4,28931.73,0.05,1075.99,No
ORD-102863,2023-12-25,2023-12-29,CUST-1136,PROD-316,Home & Kitchen,Decor,4,32175.2,0.14,6273.32,Yes
ORD-102864,2024-04-20,2024-04-21,CUST-1256,PROD-422,Fashion,Footwear,4,27573.5,0.16,-2464.06,No
ORD-102865,2024-02-04,2024-02-05,CUST-1102,PROD-455,Beauty,Skincare,1,44660.65,0.3,4702.07,Yes
ORD-102866,2024-04-05,2024-04-07,CUST-1287,PROD-363,Electronics,Mobile,5,35860.87,0.07,-3097.18,Yes
ORD-102867,2023-05-01,2023-05-04,CUST-1013,PROD-386,Beauty,Makeup,5,37745.01,0.15,-559.29,Yes
ORD-102868,2023-10-09,2023-10-13,CUST-1191,PROD-263,Beauty,Makeup,2,30001.35,0.1,-2432.43,No
ORD-102869,2023-06-19,2023-06-24,CUST-1236,PROD-238,Electronics,Laptop,2,5605.42,0.07,1068.87,Yes
ORD-102870,2024-12-06,2024-12-10,CUST-1213,PROD-435,Electronics,Smartwatch,1,12867.64,0.21,997.8,No
ORD-102871,2024-09-24,2024-09-28,CUST-1247,PROD-405,Books,Education,1,30842.24,0.02,7069.78,No
ORD-102872,2024-08-28,2024-08-31,CUST-1016,PROD-300,Fashion,Men Clothing,3,3652.78,0.17,166.6,No
ORD-102873,2023-04-29,2023-05-02,CUST-1025,PROD-418,Beauty,Skincare,1,45072.92,0.21,10360.0,No
ORD-102874,2023-01-16,2023-01-17,CUST-1278,PROD-291,Home & Kitchen,Decor,4,39814.79,0.15,-462.19,No
ORD-102875,2024-10-31,2024-11-02,CUST-1264,PROD-234,Fashion,Footwear,5,9587.19,0.06,1335.77,No
ORD-102876,2024-05-25,2024-05-27,CUST-1007,PROD-358,Home & Kitchen,Cookware,1,8942.7,0.13,-14.12,Yes
ORD-102877,2024-04-04,2024-04-08,CUST-1247,PROD-209,Home & Kitchen,Decor,5,49603.91,0.03,410.8,No
ORD-102878,2023-09-17,2023-09-21,CUST-1240,PROD-338,Fashion,Footwear,5,13652.03,0.02,-517.31,Yes
ORD-102879,2023-06-23,2023-06-27,CUST-1106,PROD-335,Electronics,Laptop,1,5110.58,0.08,494.75,No
ORD-102880,2023-05-07,2023-05-12,CUST-1179,PROD-495,Fashion,Men Clothing,2,24286.53,0.13,-900.51,No
ORD-102881,2023-11-19,2023-11-23,CUST-1013,PROD-259,Beauty,Makeup,1,22205.88,0.12,-1156.88,No
ORD-102882,2024-09-19,2024-09-24,CUST-1073,PROD-344,Home & Kitchen,Furniture,1,701.38,0.1,-10.5,No
ORD-102883,2023-09-26,2023-09-29,CUST-1300,PROD-408,Fashion,Women Clothing,3,40138.96,0.15,7213.22,No
ORD-102884,2024-10-30,2024-11-02,CUST-1002,PROD-458,Books,Education,2,19389.29,0.11,-1509.08,No
ORD-102885,2023-07-10,2023-07-15,CUST-1206,PROD-476,Fashion,Men Clothing,3,46408.41,0.09,775.97,Yes
ORD-102886,2024-12-24,2024-12-27,CUST-1115,PROD-383,Beauty,Makeup,1,32905.3,0.09,-2337.57,No
ORD-102887,2023-09-14,2023-09-18,CUST-1123,PROD-285,Books,Fiction,2,36240.17,0.13,7978.46,No
ORD-102888,2023-12-08,2023-12-11,CUST-1093,PROD-235,Home & Kitchen,Cookware,3,880.19,0.28,-81.72,No
ORD-102889,2023-08-07,2023-08-11,CUST-1056,PROD-386,Electronics,Mobile,3,36402.73,0.3,463.75,No
ORD-102890,2023-08-15,2023-08-17,CUST-1007,PROD-337,Books,Education,5,40284.04,0.23,9476.18,No
ORD-102891,2024-05-10,2024-05-15,CUST-1164,PROD-202,Home & Kitchen,Furniture,1,15570.29,0.04,-344.96,No
ORD-102892,2023-10-08,2023-10-12,CUST-1078,PROD-425,Home & Kitchen,Decor,2,8036.64,0.19,13.35,No
ORD-102893,2024-04-24,2024-04-25,CUST-1277,PROD-292,Fashion,Footwear,3,13191.94,0.03,-558.43,No
ORD-102894,2024-05-17,2024-05-21,CUST-1212,PROD-294,Books,Fiction,3,16924.05,0.05,4022.82,No
ORD-102895,2024-05-11,2024-05-13,CUST-1003,PROD-425,Electronics,Mobile,1,5709.07,0.13,-529.37,No
ORD-102896,2023-10-03,2023-10-05,CUST-1115,PROD-387,Beauty,Skincare,5,46769.06,0.29,-2333.4,Yes
ORD-102897,2024-08-04,2024-08-09,CUST-1186,PROD-430,Fashion,Footwear,2,27587.96,0.14,-2737.57,No
ORD-102898,2024-03-17,2024-03-21,CUST-1249,PROD-377,Electronics,Mobile,2,7577.55,0.26,1765.46,No
ORD-102899,2024-03-13,2024-03-16,CUST-1050,PROD-218,Electronics,Laptop,1,45610.76,0.23,7946.16,No
ORD-102900,2023-02-23,2023-02-24,CUST-1260,PROD-425,Books,Fiction,4,13343.26,0.19,625.92,Yes
ORD-102901,2023-09-04,2023-09-09,CUST-1295,PROD-262,Home & Kitchen,Decor,1,20028.08,0.06,-913.14,No
ORD-102902,2023-07-05,2023-07-08,CUST-1160,PROD-337,Books,Education,5,9591.77,0.11,-171.39,Yes
ORD-102903,2024-08-06,2024-08-11,CUST-1094,PROD-367,Fashion,Footwear,4,41089.44,0.03,-1745.22,Yes
ORD-102904,2023-01-04,2023-01-06,CUST-1226,PROD-476,Home & Kitchen,Cookware,3,40463.11,0.24,3221.77,No
ORD-102905,2024-02-07,2024-02-12,CUST-1095,PROD-343,Books,Education,4,1739.67,0.01,98.67,No
ORD-102906,2024-08-21,2024-08-23,CUST-1205,PROD-318,Home & Kitchen,Cookware,3,17831.42,0.07,-326.67,No
ORD-102907,2023-01-23,2023-01-28,CUST-1006,PROD-359,Books,Fiction,5,18595.14,0.14,-280.85,Yes
ORD-102908,2023-10-08,2023-10-12,CUST-1252,PROD-247,Electronics,Mobile,3,35511.23,0.16,4352.56,Yes
ORD-102909,2024-10-06,2024-10-07,CUST-1066,PROD-219,Fashion,Footwear,2,35582.51,0.29,1340.62,No
ORD-102910,2024-10-14,2024-10-16,CUST-1240,PROD-319,Books,Fiction,1,34193.41,0.04,-2675.36,No
ORD-102911,2024-05-09,2024-05-14,CUST-1003,PROD-467,Home & Kitchen,Decor,5,16839.66,0.15,-1682.48,No
ORD-102912,2024-01-13,2024-01-17,CUST-1256,PROD-363,Beauty,Skincare,3,38295.65,0.3,4612.7,No
ORD-102913,2023-10-16,2023-10-19,CUST-1067,PROD-393,Electronics,Mobile,4,36762.14,0.09,4737.65,No
ORD-102914,2024-10-03,2024-10-07,CUST-1141,PROD-295,Home & Kitchen,Decor,3,34713.1,0.09,-2176.8,No
ORD-102915,2023-06-11,2023-06-13,CUST-1027,PROD-435,Electronics,Mobile,5,47143.41,0.06,7388.31,No
ORD-102916,2023-02-22,2023-02-26,CUST-1113,PROD-368,Electronics,Smartwatch,5,23037.41,0.06,-1201.99,No
ORD-102917,2024-08-19,2024-08-23,CUST-1065,PROD-347,Electronics,Laptop,4,46827.94,0.27,174.77,No
ORD-102918,2024-06-17,2024-06-21,CUST-1184,PROD-289,Beauty,Makeup,4,38720.34,0.12,7841.93,No
ORD-102919,2023-09-23,2023-09-26,CUST-1207,PROD-367,Beauty,Makeup,5,25865.31,0.22,3090.83,Yes
ORD-102920,2024-11-22,2024-11-26,CUST-1200,PROD-483,Fashion,Women Clothing,2,28735.33,0.02,6890.35,Yes
ORD-102921,2023-04-12,2023-04-13,CUST-1083,PROD-372,Home & Kitchen,Decor,2,26270.47,0.03,-608.79,No
ORD-102922,2024-06-12,2024-06-15,CUST-1013,PROD-425,Home & Kitchen,Furniture,3,35493.45,0.1,-1390.91,Yes
ORD-102923,2023-06-08,2023-06-11,CUST-1227,PROD-349,Home & Kitchen,Furniture,2,2433.44,0.22,123.12,Yes
ORD-102924,2023-06-08,2023-06-11,CUST-1258,PROD-250,Home & Kitchen,Decor,3,5112.44,0.21,1069.53,No
ORD-102925,2024-12-07,2024-12-09,CUST-1148,PROD-286,Electronics,Laptop,5,49728.11,0.04,-3434.39,No
ORD-102926,2024-04-03,2024-04-08,CUST-1219,PROD-339,Beauty,Skincare,3,16940.79,0.16,1511.82,No
ORD-102927,2024-05-05,2024-05-10,CUST-1128,PROD-370,Electronics,Laptop,5,28540.78,0.11,-2671.54,No
ORD-102928,2024-02-29,2024-03-05,CUST-1025,PROD-272,Fashion,Men Clothing,5,21840.96,0.11,-237.44,No
ORD-102929,2024-01-13,2024-01-16,CUST-1245,PROD-389,Electronics,Laptop,3,12803.01,0.17,3085.66,No
ORD-102930,2023-12-27,2023-12-28,CUST-1102,PROD-362,Home & Kitchen,Cookware,3,13261.87,0.04,579.56,No
ORD-102931,2023-12-20,2023-12-23,CUST-1098,PROD-411,Fashion,Footwear,2,41822.45,0.18,7948.39,No
ORD-102932,2023-04-17,2023-04-18,CUST-1083,PROD-492,Books,Education,5,45946.01,0.26,2595.8,Yes
ORD-102933,2023-01-26,2023-01-28,CUST-1196,PROD-220,Fashion,Women Clothing,1,47472.66,0.11,-1742.28,No
ORD-102934,2023-04-05,2023-04-07,CUST-1076,PROD-238,Home & Kitchen,Furniture,4,42777.86,0.1,191.61,No
ORD-102935,2024-03-11,2024-03-12,CUST-1110,PROD-385,Home & Kitchen,Decor,1,41349.94,0.03,-2603.22,No
ORD-102936,2024-07-21,2024-07-22,CUST-1030,PROD-255,Beauty,Skincare,2,3871.75,0.05,-358.58,No
ORD-102937,2024-04-07,2024-04-09,CUST-1289,PROD-326,Fashion,Men Clothing,4,13996.62,0.11,2902.41,Yes
ORD-102938,2024-09-17,2024-09-21,CUST-1081,PROD-287,Fashion,Footwear,5,43491.85,0.06,-4116.37,No
ORD-102939,2023-07-15,2023-07-16,CUST-1254,PROD-442,Electronics,Headphones,2,34566.66,0.09,6440.09,Yes
ORD-102940,2023-08-15,2023-08-19,CUST-1074,PROD-297,Beauty,Makeup,4,34317.37,0.29,5281.84,Yes
ORD-102941,2024-04-26,2024-05-01,CUST-1060,PROD-410,Books,Education,2,1975.52,0.17,304.68,Yes
ORD-102942,2023-07-30,2023-08-02,CUST-1292,PROD-250,Books,Education,2,33273.03,0.12,6895.28,No
ORD-102943,2024-04-25,2024-04-27,CUST-1258,PROD-272,Fashion,Women Clothing,4,5495.2,0.26,674.11,No
ORD-102944,2024-09-07,2024-09-12,CUST-1214,PROD-210,Home & Kitchen,Cookware,3,22154.45,0.26,5310.12,Yes
ORD-102945,2024-10-27,2024-11-01,CUST-1180,PROD-284,Electronics,Headphones,3,4897.96,0.0,776.9,No
ORD-102946,2024-06-02,2024-06-05,CUST-1107,PROD-480,Home & Kitchen,Furniture,4,35500.46,0.19,8849.66,Yes
ORD-102947,2023-12-22,2023-12-27,CUST-1089,PROD-395,Fashion,Men Clothing,2,8743.35,0.05,-575.08,No
ORD-102948,2023-04-09,2023-04-14,CUST-1221,PROD-242,Fashion,Footwear,4,14380.31,0.12,-481.08,No
ORD-102949,2024-07-07,2024-07-08,CUST-1249,PROD-412,Home & Kitchen,Furniture,1,35606.81,0.15,-1091.4,No
ORD-102950,2024-05-21,2024-05-22,CUST-1245,PROD-372,Fashion,Men Clothing,1,28697.35,0.08,1822.36,No
ORD-102951,2023-05-22,2023-05-25,CUST-1177,PROD-206,Electronics,Headphones,1,21046.68,0.24,-1145.85,No
ORD-102952,2024-04-14,2024-04-19,CUST-1040,PROD-332,Fashion,Women Clothing,2,19455.81,0.04,2383.42,No
ORD-102953,2023-07-28,2023-08-02,CUST-1123,PROD-399,Books,Education,5,14647.67,0.2,-24.53,No
ORD-102954,2023-09-22,2023-09-23,CUST-1222,PROD-465,Home & Kitchen,Cookware,5,34956.87,0.11,8273.84,No
ORD-102955,2024-06-19,2024-06-21,CUST-1177,PROD-396,Beauty,Makeup,1,36317.81,0.12,-1557.78,Yes
ORD-102956,2023-05-26,2023-05-27,CUST-1000,PROD-467,Beauty,Makeup,1,34975.79,0.04,-1074.7,Yes
ORD-102957,2023-02-02,2023-02-04,CUST-1113,PROD-213,Electronics,Smartwatch,1,22375.34,0.13,5389.4,No
ORD-102958,2024-01-15,2024-01-16,CUST-1245,PROD-487,Beauty,Makeup,5,7911.34,0.11,637.38,No
ORD-102959,2023-07-25,2023-07-30,CUST-1101,PROD-425,Beauty,Skincare,3,28322.25,0.15,6311.82,No
ORD-102960,2024-03-28,2024-03-31,CUST-1149,PROD-248,Books,Education,5,6647.19,0.08,850.54,No
ORD-102961,2024-09-30,2024-10-02,CUST-1077,PROD-462,Beauty,Skincare,4,47738.95,0.01,3273.87,No
ORD-102962,2023-06-05,2023-06-08,CUST-1114,PROD-366,Fashion,Footwear,4,21596.8,0.15,-75.34,No
ORD-102963,2023-12-24,2023-12-29,CUST-1212,PROD-324,Electronics,Headphones,2,45276.5,0.04,-1372.15,No
ORD-102964,2023-11-03,2023-11-08,CUST-1097,PROD-292,Books,Fiction,4,49742.44,0.02,-3246.4,No
ORD-102965,2024-07-06,2024-07-07,CUST-1045,PROD-346,Electronics,Smartwatch,2,25231.51,0.09,6110.13,Yes
ORD-102966,2023-01-12,2023-01-16,CUST-1088,PROD-301,Fashion,Footwear,1,8988.23,0.06,806.26,No
ORD-102967,2024-04-04,2024-04-06,CUST-1137,PROD-327,Beauty,Skincare,3,36211.16,0.01,6945.0,No
ORD-102968,2024-03-18,2024-03-20,CUST-1300,PROD-423,Electronics,Smartwatch,1,21224.38,0.12,3257.58,No
ORD-102969,2023-04-13,2023-04-18,CUST-1001,PROD-412,Books,Fiction,2,17970.27,0.13,3657.79,No
ORD-102970,2023-07-24,2023-07-27,CUST-1000,PROD-326,Beauty,Skincare,3,38741.21,0.19,5913.27,No
ORD-102971,2024-01-12,2024-01-13,CUST-1003,PROD-211,Fashion,Footwear,1,37875.22,0.18,2812.8,No
ORD-102972,2023-06-01,2023-06-05,CUST-1139,PROD-302,Fashion,Women Clothing,3,7933.9,0.19,1296.6,No
ORD-102973,2024-12-13,2024-12-15,CUST-1150,PROD-375,Electronics,Smartwatch,1,16344.36,0.26,-1447.81,No
ORD-102974,2023-02-08,2023-02-09,CUST-1096,PROD-249,Beauty,Makeup,3,18613.73,0.25,-263.22,Yes
ORD-102975,2024-08-30,2024-09-04,CUST-1133,PROD-499,Fashion,Men Clothing,4,43610.02,0.12,-2358.62,No
ORD-102976,2024-07-11,2024-07-12,CUST-1181,PROD-294,Electronics,Mobile,4,15108.28,0.25,2827.13,Yes
ORD-102977,2024-03-15,2024-03-16,CUST-1234,PROD-490,Books,Education,1,27227.96,0.14,-969.74,No
ORD-102978,2023-02-21,2023-02-23,CUST-1288,PROD-229,Home & Kitchen,Furniture,2,35006.97,0.29,3071.26,No
ORD-102979,2024-09-14,2024-09-16,CUST-1048,PROD-371,Fashion,Men Clothing,4,28004.2,0.24,881.54,No
ORD-102980,2024-09-28,2024-10-03,CUST-1046,PROD-462,Electronics,Smartwatch,5,49163.05,0.09,4283.56,No
ORD-102981,2024-05-24,2024-05-26,CUST-1225,PROD-273,Beauty,Makeup,3,12723.47,0.24,1065.48,No
ORD-102982,2023-02-26,2023-02-27,CUST-1081,PROD-284,Home & Kitchen,Decor,1,30292.16,0.23,4862.62,Yes
ORD-102983,2023-02-28,2023-03-02,CUST-1170,PROD-323,Beauty,Skincare,2,21655.29,0.04,4088.62,No
ORD-102984,2024-08-07,2024-08-09,CUST-1198,PROD-390,Home & Kitchen,Cookware,3,9877.8,0.13,654.87,No
ORD-102985,2024-01-18,2024-01-19,CUST-1063,PROD-231,Home & Kitchen,Cookware,1,46862.87,0.26,-3169.07,No
ORD-102986,2023-01-08,2023-01-12,CUST-1198,PROD-489,Home & Kitchen,Cookware,1,12357.56,0.3,-1110.26,Yes
ORD-102987,2024-06-26,2024-07-01,CUST-1025,PROD-364,Fashion,Footwear,1,7727.56,0.27,-98.1,No
ORD-102988,2023-04-22,2023-04-27,CUST-1097,PROD-327,Electronics,Mobile,3,46954.9,0.23,4948.6,No
ORD-102989,2024-07-27,2024-07-28,CUST-1198,PROD-451,Books,Education,1,13018.67,0.26,2626.62,Yes
ORD-102990,2023-08-20,2023-08-22,CUST-1290,PROD-269,Home & Kitchen,Cookware,4,45630.8,0.05,1430.17,No
ORD-102991,2024-12-13,2024-12-17,CUST-1246,PROD-286,Fashion,Footwear,2,4930.57,0.24,-381.03,No
ORD-102992,2024-07-27,2024-07-28,CUST-1040,PROD-225,Fashion,Women Clothing,5,42372.42,0.25,-1061.79,No
ORD-102993,2023-10-20,2023-10-23,CUST-1183,PROD-309,Books,Fiction,4,19209.37,0.24,2226.96,No
ORD-102994,2023-11-19,2023-11-22,CUST-1088,PROD-315,Fashion,Footwear,2,48571.9,0.16,6547.93,Yes
ORD-102995,2024-09-05,2024-09-08,CUST-1082,PROD-362,Beauty,Makeup,2,47838.71,0.11,-4686.26,No
ORD-102996,2024-06-23,2024-06-25,CUST-1108,PROD-474,Books,Education,5,48367.33,0.18,5735.78,No
ORD-102997,2023-08-10,2023-08-14,CUST-1007,PROD-438,Home & Kitchen,Decor,4,40500.84,0.03,3245.15,No
ORD-102998,2024-02-16,2024-02-18,CUST-1152,PROD-477,Fashion,Men Clothing,4,24248.77,0.05,4155.23,No
ORD-102999,2023-11-04,2023-11-09,CUST-1251,PROD-236,Electronics,Laptop,2,44613.44,0.08,-935.78,Yes
ORD-103000,2024-02-21,2024-02-24,CUST-1169,PROD-482,Books,Education,3,19894.55,0.14,-1854.75,No
